[2026/02/10 06:30:38   INFO]           [HytaleServer] Starting HytaleServer
[2026/02/10 06:30:38   INFO]           [HytaleServer] Loading config...
[2026/02/10 06:30:38   INFO]           [HytaleServer] Authentication mode: OFFLINE
[2026/02/10 06:30:38   INFO]      [ServerAuthManager] No server tokens configured. Use /auth login to authenticate, or provide tokens via CLI/environment.
[2026/02/10 06:30:38   INFO]      [ServerAuthManager] Server session ID: 54dc45a1-7e2e-4f00-82b0-ac0cf513eb51
[2026/02/10 06:30:38   INFO]           [HytaleServer] Enabling Sentry
[2026/02/10 06:30:39   INFO]           [HytaleServer] Booting up HytaleServer - Version: 2026.01.28-87d03be09, Revision: 87d03be09c7f114f385971a3caa437033671b771
[2026/02/10 06:30:39   INFO]           [HytaleServer] Setup phase...
[2026/02/10 06:30:39   INFO]          [PluginManager] Loading pending core plugins!
[2026/02/10 06:30:39   INFO]          [PluginManager] - Hytale:ConsoleModule
[2026/02/10 06:30:39   INFO]          [PluginManager] - Hytale:PermissionsModule
[2026/02/10 06:30:39   INFO]          [PluginManager] - Hytale:UpdateModule
[2026/02/10 06:30:39   INFO]          [PluginManager] - Hytale:FlyCameraModule
[2026/02/10 06:30:39   INFO]          [PluginManager] - Hytale:AssetModule
[2026/02/10 06:30:39   INFO]          [PluginManager] - Hytale:CommonAssetModule
[2026/02/10 06:30:39   INFO]          [PluginManager] - Hytale:CosmeticsModule
[2026/02/10 06:30:39   INFO]          [PluginManager] - Hytale:ServerManager
[2026/02/10 06:30:39   INFO]          [PluginManager] - Hytale:I18nModule
[2026/02/10 06:30:39   INFO]          [PluginManager] - Hytale:ItemModule
[2026/02/10 06:30:39   INFO]          [PluginManager] - Hytale:BlockTypeModule
[2026/02/10 06:30:39   INFO]          [PluginManager] - Hytale:LegacyModule
[2026/02/10 06:30:39   INFO]          [PluginManager] - Hytale:BlockModule
[2026/02/10 06:30:39   INFO]          [PluginManager] - Hytale:BlockStateModule
[2026/02/10 06:30:39   INFO]          [PluginManager] - Hytale:CollisionModule
[2026/02/10 06:30:39   INFO]          [PluginManager] - Hytale:BlockSetModule
[2026/02/10 06:30:39   INFO]          [PluginManager] - Hytale:MigrationModule
[2026/02/10 06:30:39   INFO]          [PluginManager] - Hytale:BlockHealthModule
[2026/02/10 06:30:39   INFO]          [PluginManager] - Hytale:PrefabSpawnerModule
[2026/02/10 06:30:39   INFO]          [PluginManager] - Hytale:TimeModule
[2026/02/10 06:30:39   INFO]          [PluginManager] - Hytale:InteractionModule
[2026/02/10 06:30:39   INFO]          [PluginManager] - Hytale:EntityModule
[2026/02/10 06:30:39   INFO]          [PluginManager] - Hytale:EntityStatsModule
[2026/02/10 06:30:39   INFO]          [PluginManager] - Hytale:EntityUIModule
[2026/02/10 06:30:39   INFO]          [PluginManager] - Hytale:DamageModule
[2026/02/10 06:30:39   INFO]          [PluginManager] - Hytale:SplitVelocity
[2026/02/10 06:30:39   INFO]          [PluginManager] - Hytale:StaminaModule
[2026/02/10 06:30:39   INFO]          [PluginManager] - Hytale:DebugPlugin
[2026/02/10 06:30:39   INFO]          [PluginManager] - Hytale:ProjectileModule
[2026/02/10 06:30:39   INFO]          [PluginManager] - Hytale:ServerPlayerListModule
[2026/02/10 06:30:39   INFO]          [PluginManager] - Hytale:AccessControlModule
[2026/02/10 06:30:39   INFO]          [PluginManager] - Hytale:SingleplayerModule
[2026/02/10 06:30:39   INFO]          [PluginManager] - Hytale:Universe
[2026/02/10 06:30:39   INFO]          [PluginManager] - Hytale:ConnectedBlocksModule
[2026/02/10 06:30:39   INFO]          [PluginManager] Loading pending classpath plugins!
[2026/02/10 06:30:39   INFO]          [PluginManager] - Hytale:AssetEditor
[2026/02/10 06:30:39   INFO]          [PluginManager] - Hytale:BlockSpawner
[2026/02/10 06:30:39   INFO]          [PluginManager] - Hytale:BlockTick
[2026/02/10 06:30:39   INFO]          [PluginManager] - Hytale:BlockPhysics
[2026/02/10 06:30:39   INFO]          [PluginManager] - Hytale:BuilderTools
[2026/02/10 06:30:39   INFO]          [PluginManager] - Hytale:Crafting
[2026/02/10 06:30:39   INFO]          [PluginManager] - Hytale:CommandMacro
[2026/02/10 06:30:39   INFO]          [PluginManager] - Hytale:Instances
[2026/02/10 06:30:39   INFO]          [PluginManager] - Hytale:LANDiscovery
[2026/02/10 06:30:39   INFO]          [PluginManager] - Hytale:NPC
[2026/02/10 06:30:39   INFO]          [PluginManager] - Hytale:NPCObjectives
[2026/02/10 06:30:39   INFO]          [PluginManager] - Hytale:ObjectiveReputation
[2026/02/10 06:30:39   INFO]          [PluginManager] - Hytale:Objectives
[2026/02/10 06:30:39   INFO]          [PluginManager] - Hytale:ObjectiveShop
[2026/02/10 06:30:39   INFO]          [PluginManager] - Hytale:Path
[2026/02/10 06:30:39   INFO]          [PluginManager] - Hytale:Reputation
[2026/02/10 06:30:39   INFO]          [PluginManager] - Hytale:NPCReputation
[2026/02/10 06:30:39   INFO]          [PluginManager] - Hytale:Shop
[2026/02/10 06:30:39   INFO]          [PluginManager] - Hytale:ShopReputation
[2026/02/10 06:30:39   INFO]          [PluginManager] - Hytale:NPCShop
[2026/02/10 06:30:39   INFO]          [PluginManager] - Hytale:NPCEditor
[2026/02/10 06:30:39   INFO]          [PluginManager] - Hytale:Stash
[2026/02/10 06:30:39   INFO]          [PluginManager] - Hytale:TagSet
[2026/02/10 06:30:39   INFO]          [PluginManager] - Hytale:Teleport
[2026/02/10 06:30:39   INFO]          [PluginManager] - Hytale:Fluid
[2026/02/10 06:30:39   INFO]          [PluginManager] - Hytale:Weather
[2026/02/10 06:30:39   INFO]          [PluginManager] - Hytale:WorldGen
[2026/02/10 06:30:39   INFO]          [PluginManager] - Hytale:Farming
[2026/02/10 06:30:39   INFO]          [PluginManager] - Hytale:Camera
[2026/02/10 06:30:39   INFO]          [PluginManager] - Hytale:WorldLocationCondition
[2026/02/10 06:30:39   INFO]          [PluginManager] - Hytale:NPCCombatActionEvaluator
[2026/02/10 06:30:39   INFO]          [PluginManager] - Hytale:Model
[2026/02/10 06:30:39   INFO]          [PluginManager] - Hytale:Mantling
[2026/02/10 06:30:39   INFO]          [PluginManager] - Hytale:SafetyRoll
[2026/02/10 06:30:39   INFO]          [PluginManager] - Hytale:SprintForce
[2026/02/10 06:30:39   INFO]          [PluginManager] - Hytale:CrouchSlide
[2026/02/10 06:30:39   INFO]          [PluginManager] - Hytale:Parkour
[2026/02/10 06:30:39   INFO]          [PluginManager] - Hytale:Mounts
[2026/02/10 06:30:39   INFO]          [PluginManager] - Hytale:HytaleGenerator
[2026/02/10 06:30:39   INFO]          [PluginManager] - Hytale:Teleporter
[2026/02/10 06:30:39   INFO]          [PluginManager] - Hytale:Memories
[2026/02/10 06:30:39   INFO]          [PluginManager] - Hytale:Deployables
[2026/02/10 06:30:39   INFO]          [PluginManager] - Hytale:Portals
[2026/02/10 06:30:39   INFO]          [PluginManager] - Hytale:Beds
[2026/02/10 06:30:39   INFO]          [PluginManager] - Hytale:Ambience
[2026/02/10 06:30:39   INFO]          [PluginManager] - Hytale:CreativeHub
[2026/02/10 06:30:39   INFO]          [PluginManager] Loading pending plugins from directory: mods
[2026/02/10 06:30:39   INFO]          [AssetModule|P] Asset monitor enabled!
[2026/02/10 06:30:39   INFO]          [AssetModule|P] Loaded pack: Hytale:Hytale from Assets.zip
[2026/02/10 06:30:39   INFO]          [AssetModule|P] Loading packs from directory: mods
[2026/02/10 06:30:39   WARN]          [AssetModule|P] Skipping pack at Hytale_Shop: missing or invalid manifest.json
[2026/02/10 06:30:39   INFO]        [ConsoleModule|P] Setup console with type: windows-vtp
[2026/02/10 06:30:40   INFO]      [ServerAuthManager] Server certificate set: CN=localhost
[2026/02/10 06:30:40   INFO]          [QUICTransport] Server certificate registered for mutual auth, fingerprint: RQwCF1X7PtzzZkRxnjg4E_guMRr2V7pifmC-IUHrXG8
[2026/02/10 06:30:40   INFO]          [QUICTransport] Using IPv4 Datagram Channel: NioDatagramChannel(INET)...
[2026/02/10 06:30:40   INFO]          [QUICTransport] Using IPv6 Datagram Channel: NioDatagramChannel(INET6)...
[2026/02/10 06:30:40   INFO]        [ServerManager|P] Took 894ms 486us 600ns to setup transport!
[2026/02/10 06:30:42   INFO]      [ServerAuthManager] Auth credential store: Memory
[2026/02/10 06:30:42   INFO]           [HytaleServer] Setup phase completed! Boot time 3sec 809ms 387us 900ns
[2026/02/10 06:30:42   INFO]                 [Hytale] Loading common assets from: /
[2026/02/10 06:30:42   INFO]    [CommonAssetModule|P] Took 115ms 168us 300ns to load 22992 assets from CommonAssetsIndex.hashes file.
[2026/02/10 06:30:42   WARN]    [CommonAssetModule|P] Duplicated Asset Count: 933
[2026/02/10 06:30:42   INFO]                 [Hytale] Loading common assets phase completed! Boot time 3sec 925ms 304us 300ns, Took 115ms 576us 700ns
[2026/02/10 06:30:42   INFO]    [AssetRegistryLoader] Loading 91 asset stores...
[2026/02/10 06:30:42   INFO]    [AssetRegistryLoader] Pre-adding assets...
[2026/02/10 06:30:42   INFO]      [CollisionModule|P] Block extents for CollisionSystem is Max=0.0, Min=0.0
[2026/02/10 06:30:42   INFO]                 [Hytale] Loading assets from: /Server
[2026/02/10 06:30:42   INFO]    [AssetRegistryLoader] Loading assets from /Server
[2026/02/10 06:30:42   WARN]       [MacroCommandBase] Could not parse default argument value for argument: 'world' on Macro Command: 'settimeandgohome'.
server.commands.errors.noSuchWorld{name=com.hypixel.hytale.protocol.StringParamValue@bf4c6e40}
server.commands.errors.noSuchWorld{name=com.hypixel.hytale.protocol.StringParamValue@bf4c6e40}
[2026/02/10 06:30:42   WARN]       [BlockSetModule|P] Creating block sets: Failed to find block name 'Furniture_Temple_Light_Statue'
[2026/02/10 06:30:42   WARN]       [BlockSetModule|P] Creating block sets: Failed to find block name 'Ingredient_Hay'
[2026/02/10 06:30:42   WARN]       [BlockSetModule|P] Creating block sets: Failed to find block name 'Wood_Softwood_Planks'
[2026/02/10 06:30:42   WARN]       [BlockSetModule|P] Creating block sets: Failed to find block name 'Furniture_Feran_Bed'
[2026/02/10 06:30:42   WARN]       [BlockSetModule|P] Creating block sets: Failed to find block name 'Coop_Chicken'
[2026/02/10 06:30:42   WARN]       [BlockSetModule|P] Creating block sets: Failed to find hitbox name 'Fence'
[2026/02/10 06:30:42   WARN]       [BlockSetModule|P] Creating block sets: Failed to find hitbox name 'Fence_Gate'
[2026/02/10 06:30:42   WARN]       [BlockSetModule|P] Creating block sets: Failed to find hitbox name 'Fence_Gate_Open_In'
[2026/02/10 06:30:42   WARN]       [BlockSetModule|P] Creating block sets: Failed to find hitbox name 'Fence_Gate_Open_Out'
[2026/02/10 06:30:42   WARN]       [BlockSetModule|P] Creating block sets: Failed to find hitbox name 'Fence_Thin'
[2026/02/10 06:30:42   WARN]       [BlockSetModule|P] Creating block sets: Failed to find hitbox name 'Fence_Thick'
[2026/02/10 06:30:42   WARN]       [BlockSetModule|P] Creating block sets: Failed to find hitbox name 'Fence_Corner'
[2026/02/10 06:30:42   WARN]       [BlockSetModule|P] Creating block sets: Failed to find hitbox name 'Fence_Corner_Thin'
[2026/02/10 06:30:42   WARN]       [BlockSetModule|P] Creating block sets: Failed to find hitbox name 'Fence_Corner_Thick'
[2026/02/10 06:30:42   WARN]       [BlockSetModule|P] Creating block sets: Failed to find block name 'Furniture_Crude_Bed'
[2026/02/10 06:30:42   WARN]       [BlockSetModule|P] Creating block sets: Failed to find block name 'Soil_Grass'
[2026/02/10 06:30:42   WARN]       [BlockSetModule|P] Creating block sets: Failed to find block name 'Soil_Dirt'
[2026/02/10 06:30:42   WARN]       [BlockSetModule|P] Creating block sets: Failed to find block name 'Soil_Dirt_Poisoned'
[2026/02/10 06:30:42   WARN]       [BlockSetModule|P] Creating block sets: Failed to find block name 'Soil_Mud'
[2026/02/10 06:30:42   WARN]       [BlockSetModule|P] Creating block sets: Failed to find block name 'Deco_Bone_Pile'
[2026/02/10 06:30:42   WARN]       [BlockSetModule|P] Creating block sets: Failed to find block name 'Deco_Bone_Skulls'
[2026/02/10 06:30:42   WARN]       [BlockSetModule|P] Creating block sets: Failed to find block name 'Soil_Gravel_Sand'
[2026/02/10 06:30:42   WARN]       [BlockSetModule|P] Creating block sets: Failed to find block name 'Soil_Dirt'
[2026/02/10 06:30:42   WARN]       [BlockSetModule|P] Creating block sets: Failed to find block name 'Soil_Clay'
[2026/02/10 06:30:42   WARN]       [BlockSetModule|P] Creating block sets: Failed to find block name 'Rock_Stone'
[2026/02/10 06:30:42   WARN]       [BlockSetModule|P] Creating block sets: Failed to find block name 'Rock_Marble'
[2026/02/10 06:30:42   WARN]       [BlockSetModule|P] Creating block sets: Failed to find block name 'Rock_Chalk'
[2026/02/10 06:30:42   WARN] [AssetStore|CustomConnectedBlockTemplateAsset] Unused key(s) in 'DoorLargeConnectedBlockTemplate' file /Server/Item/CustomConnectedBlockTemplates/DoorLargeConnectedBlockTemplate.json: ConnectsToOtherTemplates
[2026/02/10 06:30:42   WARN] [AssetStore|CustomConnectedBlockTemplateAsset] Unused key(s) in 'RailsConnectedBlockTemplate' file /Server/Item/CustomConnectedBlockTemplates/RailsConnectedBlockTemplate.json: MaterialName
[2026/02/10 06:30:42   INFO]      [CollisionModule|P] Block extents for CollisionSystem is Max=3.0, Min=0.0
[2026/02/10 06:30:42   WARN] [AssetStore|AssignmentsAsset] Unused key(s) in 'Runtime_Defect_1' file /Server/HytaleGenerator/Assignments/Dev/Runtime_Defect_1.json: Prop.BoxBlockType
[2026/02/10 06:30:42   WARN] [AssetStore|AssignmentsAsset] Unused key(s) in 'Plains1_Deeproot_Grasses' file /Server/HytaleGenerator/Assignments/Plains1/Plains1_Deeproot_Grasses.json: FieldFunction.CacheSize
[2026/02/10 06:30:42   WARN] [AssetStore|AssignmentsAsset] Unused key(s) in 'Runtime_Defect_0' file /Server/HytaleGenerator/Assignments/Dev/Runtime_Defect_0.json: Prop.BoxBlockType
[2026/02/10 06:30:42   INFO]             [HytaleGenerator] Exported Scanner asset with name 'Desert1_Oasis_Grasses_Scanner' with asset id 'null
[2026/02/10 06:30:42   WARN] [AssetStore|AssignmentsAsset] Unused key(s) in 'Desert1_Oasis_Grasses' file /Server/HytaleGenerator/Assignments/Desert1/Desert1_Oasis_Grasses.json: $Comments
[2026/02/10 06:30:42   WARN]             [HytaleGenerator] Duplicate export name for asset: Plains1_OakPattern_Floor_Grass
[2026/02/10 06:30:42   WARN]             [HytaleGenerator] Duplicate export name for asset: Volcanic1_Swamp_Bushes_Jungles_Pattern
[2026/02/10 06:30:42   WARN] [AssetStore|AssignmentsAsset] Unused key(s) in 'Plains1_Mountains_Grasses' file /Server/HytaleGenerator/Assignments/Plains1/Plains1_Mountains_Grasses.json: FieldFunction.CacheSize
[2026/02/10 06:30:42   INFO]             [HytaleGenerator] Exported Scanner asset with name 'Desert1_Boulders_Scanner' with asset id 'null
[2026/02/10 06:30:42   WARN] [AssetStore|AssignmentsAsset] Unused key(s) in 'Desert1_Oasis_Boulders' file /Server/HytaleGenerator/Assignments/Desert1/Desert1_Oasis_Boulders.json: $Comments
[2026/02/10 06:30:42   INFO]             [HytaleGenerator] Exported Scanner asset with name 'Desert1_Boab_Scanner' with asset id 'null
[2026/02/10 06:30:42   WARN]             [HytaleGenerator] Duplicate export name for asset: Plains1_OakPattern_Floor_Grass
[2026/02/10 06:30:42   WARN]             [HytaleGenerator] Duplicate export name for asset: Desert1_Boulders_Scanner
[2026/02/10 06:30:42   INFO]             [HytaleGenerator] Exported Scanner asset with name 'Desert1_Boulders_Scanner' with asset id 'null
[2026/02/10 06:30:42   INFO]             [HytaleGenerator] Exported Scanner asset with name 'Plains1_Gorges_Boulder_Scanner' with asset id 'null
[2026/02/10 06:30:42   WARN] [AssetStore|AssignmentsAsset] Unused key(s) in 'Desert1_Oasis_Flowers' file /Server/HytaleGenerator/Assignments/Desert1/Desert1_Oasis_Flowers.json: $Comments
[2026/02/10 06:30:42   WARN] [AssetStore|AssignmentsAsset] Unused key(s) in 'Plains1_Oak_Bushes' file /Server/HytaleGenerator/Assignments/Plains1/Plains1_Oak_Bushes.json: FieldFunction.CacheSize
[2026/02/10 06:30:42   INFO]             [HytaleGenerator] Exported Scanner asset with name 'Plains1_Gorges_Tree_Scanner' with asset id 'null
[2026/02/10 06:30:42   WARN]             [HytaleGenerator] Duplicate export name for asset: Plains1_Sticks
[2026/02/10 06:30:42   WARN]             [HytaleGenerator] Duplicate export name for asset: Plains1_OakPattern_Floor_Grass
[2026/02/10 06:30:42   WARN] [AssetStore|AssignmentsAsset] Unused key(s) in 'Taiga1_Rivers_Grasses' file /Server/HytaleGenerator/Assignments/Taiga1/Taiga1_Rivers_Grasses.json: $Comments
[2026/02/10 06:30:42   INFO]             [HytaleGenerator] Exported Scanner asset with name 'Desert1_Palm_Scanner' with asset id 'null
[2026/02/10 06:30:42   INFO]             [HytaleGenerator] Exported Scanner asset with name 'Desert1_Oasis_Plants_2_Scanner' with asset id 'null
[2026/02/10 06:30:42   WARN] [AssetStore|AssignmentsAsset] Unused key(s) in 'Desert1_Oasis_Flowers_2' file /Server/HytaleGenerator/Assignments/Desert1/Desert1_Oasis_Flowers_2.json: $Comments
[2026/02/10 06:30:42   INFO]             [HytaleGenerator] Exported Scanner asset with name 'Desert1_Dry_Scanner' with asset id 'null
[2026/02/10 06:30:42   WARN] [AssetStore|AssignmentsAsset] Unused key(s) in 'Desert1_Oasis_Trees_Dry' file /Server/HytaleGenerator/Assignments/Desert1/Desert1_Oasis_Trees_Dry.json: $Comments
[2026/02/10 06:30:42   WARN]         [AssetStore|ModelVFX] Asset key 'test' for file '/Server/Entity/ModelVFX/test.json' has incorrect format! Expected: 'Test'
[2026/02/10 06:30:42   WARN] [AssetStore|WorldStructureAsset] Unused key(s) in 'Interpolation' file /Server/HytaleGenerator/WorldStructures/Dev/Interpolation.json: BiomeTransitions
[2026/02/10 06:30:44   WARN]      [AssetStore|ParticleSystem] Unused key(s) in 'Potion_Health_Implosion' file /Server/Particles/Status_Effect/Potion_Health/Potion_Health_Implosion.particlesystem: Spawners.0.Scale
[2026/02/10 06:30:44   WARN]      [AssetStore|ParticleSystem] Unused key(s) in 'Potion_Stamina_Burst' file /Server/Particles/Status_Effect/Potion_Stamina/Potion_Stamina_Burst.particlesystem: Spawners.0.Scale
[2026/02/10 06:30:44   WARN]      [AssetStore|ParticleSystem] Unused key(s) in 'Potion_Morph_Burst' file /Server/Particles/Status_Effect/Potion_Morph/Potion_Morph_Burst.particlesystem: Spawners.0.Scale
[2026/02/10 06:30:44   WARN]         [AssetStore|Environment] Asset key 'Env_Temple_of_Gaia' for file '/Server/Environments/Unique/Env_Temple_of_Gaia.json' has incorrect format! Expected: 'Env_Temple_Of_Gaia'
[2026/02/10 06:30:44   WARN]     [AssetStore|PrefabListAsset] Asset key 'Trees_Fir_red' for file '/Server/PrefabList/Trees_Fir_red.json' has incorrect format! Expected: 'Trees_Fir_Red'
[2026/02/10 06:30:44   WARN]     [AssetStore|PrefabListAsset] Asset key 'Trees_Ash_swamp_dead' for file '/Server/PrefabList/Trees_Ash_swamp_dead.json' has incorrect format! Expected: 'Trees_Ash_Swamp_Dead'
[2026/02/10 06:30:44   WARN]     [AssetStore|PrefabListAsset] Asset key 'Trees_Ash_twisted_Giant' for file '/Server/PrefabList/Trees_Ash_twisted_Giant.json' has incorrect format! Expected: 'Trees_Ash_Twisted_Giant'
[2026/02/10 06:30:44   WARN]     [AssetStore|PrefabListAsset] Asset key 'Trees_Ash_swamp' for file '/Server/PrefabList/Trees_Ash_swamp.json' has incorrect format! Expected: 'Trees_Ash_Swamp'
[2026/02/10 06:30:44   WARN]     [AssetStore|PrefabListAsset] Asset key 'Trees_Ash_twisted' for file '/Server/PrefabList/Trees_Ash_twisted.json' has incorrect format! Expected: 'Trees_Ash_Twisted'
[2026/02/10 06:30:44   WARN]     [AssetStore|PrefabListAsset] Asset key 'Trees_Burnt_dead' for file '/Server/PrefabList/Trees_Burnt_dead.json' has incorrect format! Expected: 'Trees_Burnt_Dead'
[2026/02/10 06:30:44   WARN]     [AssetStore|PrefabListAsset] Asset key 'Trees_Ash_twisted_Large' for file '/Server/PrefabList/Trees_Ash_twisted_Large.json' has incorrect format! Expected: 'Trees_Ash_Twisted_Large'
[2026/02/10 06:30:44   WARN]  [AssetStore|ScriptedBrushAsset] Unused key(s) in 'FluidMaskExample' file /Server/ScriptedBrushes/Examples/FluidMaskExample.json: Description
[2026/02/10 06:30:44   WARN]  [AssetStore|ScriptedBrushAsset] Unused key(s) in 'Walls-Floors' file /Server/ScriptedBrushes/Archive/Walls-Floors.json: Operations.0.Offset
[2026/02/10 06:30:44   WARN]  [AssetStore|ScriptedBrushAsset] Asset key 'templePillars' for file '/Server/ScriptedBrushes/Archive/templePillars.json' has incorrect format! Expected: 'TemplePillars'
[2026/02/10 06:30:44   WARN]  [AssetStore|ScriptedBrushAsset] Asset key 'BoulderBrush_old' for file '/Server/ScriptedBrushes/Archive/BoulderBrush_old.json' has incorrect format! Expected: 'BoulderBrush_Old'
[2026/02/10 06:30:44   WARN]  [AssetStore|ScriptedBrushAsset] Asset key 'templeFloor' for file '/Server/ScriptedBrushes/Archive/templeFloor.json' has incorrect format! Expected: 'TempleFloor'
[2026/02/10 06:30:44   WARN]  [AssetStore|ScriptedBrushAsset] Asset key 'moltenBall' for file '/Server/ScriptedBrushes/Archive/moltenBall.json' has incorrect format! Expected: 'MoltenBall'
[2026/02/10 06:30:44   WARN]  [AssetStore|ScriptedBrushAsset] Unused key(s) in 'ReplaceWaterExample' file /Server/ScriptedBrushes/Examples/ReplaceWaterExample.json: Description
[2026/02/10 06:30:44   WARN]  [AssetStore|ScriptedBrushAsset] Asset key 'templeRandom' for file '/Server/ScriptedBrushes/Archive/templeRandom.json' has incorrect format! Expected: 'TempleRandom'
[2026/02/10 06:30:44   WARN]  [AssetStore|ScriptedBrushAsset] Asset key 'MountainBrush_old' for file '/Server/ScriptedBrushes/Archive/MountainBrush_old.json' has incorrect format! Expected: 'MountainBrush_Old'
[2026/02/10 06:30:44   WARN]  [AssetStore|ScriptedBrushAsset] Asset key 'keepDestruction' for file '/Server/ScriptedBrushes/Archive/keepDestruction.json' has incorrect format! Expected: 'KeepDestruction'
[2026/02/10 06:30:44   WARN]  [AssetStore|ScriptedBrushAsset] Asset key 'templeDestruction' for file '/Server/ScriptedBrushes/Archive/templeDestruction.json' has incorrect format! Expected: 'TempleDestruction'
[2026/02/10 06:30:44   WARN]  [AssetStore|ScriptedBrushAsset] Asset key 'templeWalls' for file '/Server/ScriptedBrushes/Archive/templeWalls.json' has incorrect format! Expected: 'TempleWalls'
[2026/02/10 06:30:44   WARN]                [HytaleGenerator] Duplicate export name for asset: pattern1
[2026/02/10 06:30:44   WARN]          [AssetStore|BiomeAsset] Unused key(s) in 'Something' file /Server/HytaleGenerator/Biomes/Experimental/Something.json: Terrain.Density.Inputs.0.Inputs.0.Inputs.0.Inputs.0.CacheSize, Terrain.Density.Inputs.0.Inputs.0.Inputs.0.Inputs.1.Inputs.0.CacheSize, Terrain.Density.Inputs.0.Inputs.0.Inputs.1.Inputs.0.CacheSize, Terrain.Density.Inputs.0.Inputs.0.Inputs.1.Inputs.1.Inputs.0.Inputs.0.Inputs.0.Inputs.0.Sampled, Terrain.Density.Inputs.0.Inputs.0.Inputs.1.Inputs.3.Inputs.0.Inputs.0.CacheSize, Terrain.Density.Inputs.0.Inputs.1.Inputs.0.CacheSize, Terrain.Density.Inputs.0.Inputs.1.Inputs.1.Inputs.0.Inputs.0.CacheSize
[2026/02/10 06:30:44   WARN]          [AssetStore|BiomeAsset] Unused key(s) in 'Example_Mixer_Gradient' file /Server/HytaleGenerator/Biomes/Examples/Example_Mixer_Gradient.json: Terrain.Density.Inputs.0.Inputs.0.Inputs.0.Inputs.0.Inputs.0.Inputs.0.CacheSize, Terrain.Density.Inputs.1.Inputs.0.Inputs.0.Inputs.0.Inputs.0.Inputs.0.CacheSize, Terrain.Density.Inputs.2.Inputs.0.CacheSize
[2026/02/10 06:30:44   WARN]                [HytaleGenerator] Duplicate export name for asset: Taiga1_Rewood_Trees_Mask
[2026/02/10 06:30:44   WARN]          [AssetStore|BiomeAsset] Unused key(s) in 'Boreal1_Henges' file /Server/HytaleGenerator/Biomes/Boreal1/Boreal1_Henges.json: Terrain.Density.Inputs.0.Inputs.1.Inputs.0.Inputs.0.Inputs.0.Inputs.1.Inputs.0.Inputs.0.Inputs.0.Positions.Positions.OffsetX, Terrain.Density.Inputs.0.Inputs.1.Inputs.0.Inputs.0.Inputs.0.Inputs.1.Inputs.0.Inputs.0.Inputs.0.Positions.Positions.OffsetY, Terrain.Density.Inputs.0.Inputs.1.Inputs.0.Inputs.0.Inputs.0.Inputs.1.Inputs.0.Inputs.0.Inputs.0.Positions.Positions.OffsetZ, Terrain.Density.Inputs.0.Inputs.1.Inputs.0.Inputs.1.Inputs.0.Inputs.1.Inputs.0.Inputs.0.Inputs.0.Inputs.0.Positions.Positions.OffsetX, Terrain.Density.Inputs.0.Inputs.1.Inputs.0.Inputs.1.Inputs.0.Inputs.1.Inputs.0.Inputs.0.Inputs.0.Inputs.0.Positions.Positions.OffsetY, Terrain.Density.Inputs.0.Inputs.1.Inputs.0.Inputs.1.Inputs.0.Inputs.1.Inputs.0.Inputs.0.Inputs.0.Inputs.0.Positions.Positions.OffsetZ
[2026/02/10 06:30:44   WARN]          [AssetStore|BiomeAsset] Unused key(s) in 'Example_Fluid' file /Server/HytaleGenerator/Biomes/Examples/Example_Fluid.json: Terrain.Density.Inputs.0.CacheSize, MaterialProvider.Empty.Queue.0.BaseHeight
[2026/02/10 06:30:44   WARN]          [AssetStore|BiomeAsset] Unused key(s) in 'Example_Prop' file /Server/HytaleGenerator/Biomes/Examples/Example_Prop.json: Terrain.Density.Inputs.0.CacheSize
[2026/02/10 06:30:44   INFO]                [HytaleGenerator] Exported Scanner asset with name 'BasicForestTreeScanner' with asset id 'null
[2026/02/10 06:30:44   WARN]                [HytaleGenerator] Duplicate export name for asset: werstjrtydkm,
[2026/02/10 06:30:44   WARN]          [AssetStore|BiomeAsset] Unused key(s) in 'Fake3dNoise' file /Server/HytaleGenerator/Biomes/Examples/Fake3dNoise.json: Terrain.Density.Inputs.1.CacheSize, Terrain.Density.Inputs.2.Inputs.1.Inputs.0.Inputs.0.CacheSize, Terrain.Density.Inputs.2.Inputs.1.Inputs.0.Inputs.1.CacheSize, Terrain.Density.Inputs.2.Inputs.1.Inputs.0.Inputs.2.CacheSize, Terrain.Density.Inputs.2.Inputs.1.Inputs.0.Inputs.3.CacheSize, Terrain.Density.Inputs.2.Inputs.1.Inputs.0.Inputs.4.CacheSize, Terrain.Density.Inputs.2.Inputs.1.Inputs.0.Inputs.5.CacheSize
[2026/02/10 06:30:44   WARN]          [AssetStore|BiomeAsset] Unused key(s) in 'Example_Multi_Mixer_Horizontal' file /Server/HytaleGenerator/Biomes/Examples/Example_Multi_Mixer_Horizontal.json: Terrain.Density.Inputs.0.Inputs.0.Inputs.0.Inputs.0.CacheSize, Terrain.Density.Inputs.0.Inputs.0.Inputs.0.Inputs.1.CacheSize, Terrain.Density.Inputs.0.Inputs.0.Inputs.0.Inputs.2.CacheSize, Terrain.Density.Inputs.0.Inputs.0.Inputs.0.Inputs.3.CacheSize
[2026/02/10 06:30:44   WARN]          [AssetStore|BiomeAsset] Unused key(s) in 'Dunes' file /Server/HytaleGenerator/Biomes/Experimental/Dunes.json: Terrain.Density.Inputs.0.Inputs.0.Inputs.0.Inputs.0.Inputs.0.Inputs.1.Inputs.0.Inputs.0.Inputs.0.CacheSize, Terrain.Density.Inputs.0.Inputs.0.Inputs.0.Inputs.0.Inputs.0.Inputs.1.Inputs.0.Inputs.1.Inputs.0.CacheSize, Terrain.Density.Inputs.0.Inputs.0.Inputs.0.Inputs.1.Inputs.0.Inputs.0.Inputs.0.CacheSize, Terrain.Density.Inputs.0.Inputs.0.Inputs.0.Inputs.1.Inputs.0.Inputs.1.Inputs.0.CacheSize, Terrain.Density.Inputs.0.Inputs.0.Inputs.1.Inputs.0.Inputs.0.Inputs.1.Inputs.0.Inputs.0.Inputs.0.CacheSize, Terrain.Density.Inputs.0.Inputs.0.Inputs.1.Inputs.0.Inputs.0.Inputs.1.Inputs.0.Inputs.1.Inputs.0.CacheSize, Terrain.Density.Inputs.0.Inputs.0.Inputs.1.Inputs.1.Inputs.0.Inputs.0.CacheSize, Terrain.Density.Inputs.0.Inputs.0.Inputs.1.Inputs.1.Inputs.1.Inputs.0.CacheSize, Terrain.Density.Inputs.0.Inputs.1.Inputs.0.Inputs.0.Inputs.0.Inputs.0.CacheSize, Terrain.Density.Inputs.0.Inputs.1.Inputs.1.Inputs.0.CacheSize, MaterialProvider.Solid.Queue.0.FieldFunction.CacheSize
[2026/02/10 06:30:44   WARN]          [AssetStore|BiomeAsset] Unused key(s) in 'CursebreakerKeyartBiome' file /Server/HytaleGenerator/Biomes/Experimental/CursebreakerKeyartBiome.json: Terrain.Density.Inputs.0.Inputs.0.Inputs.0.Inputs.0.Inputs.0.Inputs.0.CacheSize, Terrain.Density.Inputs.0.Inputs.0.Inputs.0.Inputs.1.Inputs.0.Inputs.0.CacheSize, Terrain.Density.Inputs.0.Inputs.0.Inputs.1.Inputs.0.Inputs.0.Inputs.0.Inputs.0.CacheSize, Terrain.Density.Inputs.0.Inputs.1.Inputs.0.Inputs.0.Inputs.0.CacheSize
[2026/02/10 06:30:44   WARN]          [AssetStore|BiomeAsset] Unused key(s) in 'Plains1_Deeproot' file /Server/HytaleGenerator/Biomes/Plains1/Plains1_Deeproot.json: Props.5.Positions.OffsetX, Props.5.Positions.OffsetY, Props.5.Positions.OffsetZ
[2026/02/10 06:30:44   WARN]                [HytaleGenerator] Duplicate export name for asset: werstjrtydkm,
[2026/02/10 06:30:44   WARN]          [AssetStore|BiomeAsset] Unused key(s) in 'Example_Multi_Mixer_Curve' file /Server/HytaleGenerator/Biomes/Examples/Example_Multi_Mixer_Curve.json: Terrain.Density.Inputs.0.Inputs.0.Inputs.0.Inputs.0.CacheSize, Terrain.Density.Inputs.0.Inputs.1.Inputs.0.Inputs.0.Inputs.0.Inputs.0.CacheSize, Terrain.Density.Inputs.0.Inputs.1.Inputs.0.Inputs.0.Inputs.0.Inputs.1.CacheSize, Terrain.Density.Inputs.0.Inputs.1.Inputs.0.Inputs.0.Inputs.0.Inputs.2.CacheSize, Terrain.Density.Inputs.0.Inputs.1.Inputs.1.CacheSize, Terrain.Density.Inputs.1.Inputs.0.CacheSize
[2026/02/10 06:30:44   WARN]          [AssetStore|BiomeAsset] Unused key(s) in 'Arches' file /Server/HytaleGenerator/Biomes/Experimental/Arches.json: Terrain.Density.Inputs.0.Inputs.0.Inputs.0.Inputs.0.Inputs.0.CacheSize, Terrain.Density.Inputs.0.Inputs.1.Inputs.0.Inputs.0.Inputs.0.CacheSize, Terrain.Density.Inputs.0.Inputs.1.Inputs.0.Inputs.0.Inputs.0.Inputs.0.ReturnType.Density.CacheSize, Terrain.Density.Inputs.0.Inputs.1.Inputs.0.Inputs.1.Inputs.0.CacheSize, Terrain.Density.Inputs.0.Inputs.1.Inputs.0.Inputs.1.Inputs.0.Inputs.0.ReturnType.Density.Inputs.0.Inputs.0.Inputs.0.CacheSize, Terrain.Density.Inputs.0.Inputs.1.Inputs.0.Inputs.2.Inputs.0.CacheSize
[2026/02/10 06:30:44   WARN]                [HytaleGenerator] Duplicate export name for asset: BasicForestTreeScanner
[2026/02/10 06:30:44   INFO]                [HytaleGenerator] Exported Scanner asset with name 'BasicForestTreeScanner' with asset id 'null
[2026/02/10 06:30:44 SEVERE]                           [SERR] Reallocate: 131072 to 1179648
[2026/02/10 06:30:44   WARN]                [HytaleGenerator] Duplicate export name for asset: Desert1_Rivers_Cliffs
[2026/02/10 06:30:44   WARN]                [HytaleGenerator] Duplicate export name for asset: River-Boulders-Mask
[2026/02/10 06:30:44   WARN]                [HytaleGenerator] Duplicate export name for asset: River-Boulders-Mask
[2026/02/10 06:30:44   WARN]          [AssetStore|BiomeAsset] Unused key(s) in 'Basic' file /Server/HytaleGenerator/Biomes/Basic.json: Props.0.Assignments.Prop.BoxBlockType
[2026/02/10 06:30:44   WARN]                [HytaleGenerator] Duplicate export name for asset: River-Boulders-Mask
[2026/02/10 06:30:44   INFO]                [HytaleGenerator] Exported Scanner asset with name 'Desert1_Rocky_Trees_Dry_Scanner' with asset id 'null
[2026/02/10 06:30:44   INFO]                [HytaleGenerator] Exported Scanner asset with name 'Desert1_Rocky_Trees_Palm_Scanner' with asset id 'null
[2026/02/10 06:30:44 SEVERE]                           [SERR] Reallocate: 131072 to 1179648
[2026/02/10 06:30:44   WARN]          [AssetStore|BiomeAsset] Unused key(s) in 'SingleInstance_Test' file /Server/HytaleGenerator/Biomes/Examples/SingleInstance_Test.json: Terrain.Density.Inputs.0.Inputs.1.SingleInstance
[2026/02/10 06:30:44   WARN]                [HytaleGenerator] Duplicate export name for asset: Plains1-Gorges-BaseTerrain
[2026/02/10 06:30:44   WARN]          [AssetStore|BiomeAsset] Unused key(s) in 'Example_Mixer' file /Server/HytaleGenerator/Biomes/Examples/Example_Mixer.json: Terrain.Density.Inputs.0.CacheSize, Terrain.Density.Inputs.1.Inputs.2.Inputs.0.CacheSize
[2026/02/10 06:30:44   WARN]                [HytaleGenerator] Duplicate export name for asset: River-Boulders-Mask
[2026/02/10 06:30:44   WARN]          [AssetStore|BiomeAsset] Unused key(s) in 'Volcanic1_Jungle' file /Server/HytaleGenerator/Biomes/Volcanic1/Volcanic1_Jungle.json: Props.1.Positions.OffsetX, Props.1.Positions.OffsetY, Props.1.Positions.OffsetZ, Props.2.Positions.OffsetX, Props.2.Positions.OffsetY, Props.2.Positions.OffsetZ, Props.3.Positions.OffsetX, Props.3.Positions.OffsetY, Props.3.Positions.OffsetZ
[2026/02/10 06:30:44   WARN]                [HytaleGenerator] Duplicate export name for asset: River-Boulders-Mask
[2026/02/10 06:30:44   WARN]          [AssetStore|BiomeAsset] Unused key(s) in 'Desert1_Oasis' file /Server/HytaleGenerator/Biomes/Desert1/Desert1_Oasis.json: Props.2.Positions.Positions.OffsetX, Props.2.Positions.Positions.OffsetY, Props.2.Positions.Positions.OffsetZ, Props.3.Positions.Positions.OffsetX, Props.3.Positions.Positions.OffsetY, Props.3.Positions.Positions.OffsetZ, Props.4.Positions.Positions.OffsetX, Props.4.Positions.Positions.OffsetY, Props.4.Positions.Positions.OffsetZ, Props.5.Positions.Positions.OffsetX, Props.5.Positions.Positions.OffsetY, Props.5.Positions.Positions.OffsetZ, Props.6.Positions.Positions.OffsetX, Props.6.Positions.Positions.OffsetY, Props.6.Positions.Positions.OffsetZ
[2026/02/10 06:30:44   WARN]                [HytaleGenerator] Duplicate export name for asset: River-Boulders-Mask
[2026/02/10 06:30:44   WARN]                [HytaleGenerator] Duplicate export name for asset: River-Boulders-Mask
[2026/02/10 06:30:44   WARN]                [HytaleGenerator] Duplicate export name for asset: River-Boulders-Mask
[2026/02/10 06:30:44   WARN]                [HytaleGenerator] Duplicate export name for asset: Peak
[2026/02/10 06:30:44   WARN]          [AssetStore|BiomeAsset] Unused key(s) in 'Generative_Buildings' file /Server/HytaleGenerator/Biomes/Generative/Generative_Buildings.json: Terrain.Density.Inputs.1.Inputs.0.Inputs.0.Inputs.0.Inputs.0.Inputs.0.Inputs.0.Inputs.0.Inputs.0.Positions.Positions.Positions.OffsetX, Terrain.Density.Inputs.1.Inputs.0.Inputs.0.Inputs.0.Inputs.0.Inputs.0.Inputs.0.Inputs.0.Inputs.0.Positions.Positions.Positions.OffsetY, Terrain.Density.Inputs.1.Inputs.0.Inputs.0.Inputs.0.Inputs.0.Inputs.0.Inputs.0.Inputs.0.Inputs.0.Positions.Positions.Positions.OffsetZ
[2026/02/10 06:30:44   WARN]        [AssetStore|EntityEffect] Unused key(s) in 'Food_EffectCondition_Buff_Medium' file /Server/Entity/Effects/Food/Buff/_Deprecated/Food_EffectCondition_Buff_Medium.json: Type, EntityEffectIds, Match, Next, Failed
[2026/02/10 06:30:44   WARN]        [AssetStore|EntityEffect] Unused key(s) in 'Food_EffectCondition_Buff_Small' file /Server/Entity/Effects/Food/Buff/_Deprecated/Food_EffectCondition_Buff_Small.json: Type, EntityEffectIds, Match, Next, Failed
[2026/02/10 06:30:44   WARN]         [AssetStore|Interaction] Unused key(s) in 'Ice_Bolt_Miss' file /Server/Item/Interactions/Weapons/Staff/Ice/Ice_Bolt_Miss.json: Effects.WorldParticles
[2026/02/10 06:30:44   WARN]         [AssetStore|Interaction] Unused key(s) in 'Explode_Generic' file /Server/Item/Interactions/Explosions/Explode_Generic.json: Config.Knockback.VelocityConfig.Direction
[2026/02/10 06:30:44   WARN]         [AssetStore|Interaction] Unused key(s) in 'Weapon_Battleaxe_Primary_Downstrike_Force' file /Server/Item/Interactions/Weapons/Battleaxe/Primary/Downstrike/Weapon_Battleaxe_Primary_Downstrike_Force.json: MouseSensitivityAdjustmentTarget, MouseSensitivityAdjustmentDuration
[2026/02/10 06:30:44   WARN]         [AssetStore|Interaction] Unused key(s) in 'Weapon_Daggers_Primary_Pounce_Stab_Force' file /Server/Item/Interactions/Weapons/Daggers/Primary/Pounce/Stab/Weapon_Daggers_Primary_Pounce_Stab_Force.json: VelocityType
[2026/02/10 06:30:44   WARN]         [AssetStore|Interaction] Unused key(s) in 'Ice_Ball_Miss' file /Server/Item/Interactions/Weapons/Staff/Ice/Ice_Ball_Miss.json: Effects.WorldParticles
[2026/02/10 06:30:45   WARN]                         [Hytale] Missing interaction *DamageEntityParent_Next
[2026/02/10 06:30:45   WARN]                         [Hytale] Missing interaction *Stamina_Bar_Flash_Interactions_0
[2026/02/10 06:30:45   WARN]                         [Hytale] Missing interaction *Stamina_Broken_Check_Next
[2026/02/10 06:30:45   WARN]                         [Hytale] Missing interaction *Block_Break_Adventure_Next
[2026/02/10 06:30:45   WARN]                         [Hytale] Missing interaction *Block_Break_Adventure_Failed
[2026/02/10 06:30:45   WARN]                         [Hytale] Missing interaction *Weapon_Battleaxe_Secondary_Guard_Bash_Interactions_0
[2026/02/10 06:30:45   WARN]                         [Hytale] Missing interaction *Weapon_Battleaxe_Secondary_Guard_Bash_Interactions_1
[2026/02/10 06:30:45   WARN]                         [Hytale] Missing interaction *Weapon_Shortbow_Secondary_Guard_Bash_Interactions_0
[2026/02/10 06:30:45   WARN]                         [Hytale] Missing interaction *Weapon_Shortbow_Secondary_Guard_Bash_Interactions_1
[2026/02/10 06:30:45   WARN]                         [Hytale] Missing interaction *Weapon_Crossbow_Secondary_Guard_Bash_Interactions_0
[2026/02/10 06:30:45   WARN]                         [Hytale] Missing interaction *Weapon_Crossbow_Secondary_Guard_Bash_Interactions_1
[2026/02/10 06:30:45   WARN]                         [Hytale] Missing interaction *Weapon_Crossbow_Shot_Standard_Projectile_Next
[2026/02/10 06:30:45   WARN]                         [Hytale] Missing interaction *Common_Guard_Shove_Animation_Next
[2026/02/10 06:30:45   WARN]                         [Hytale] Missing interaction *Weapon_Daggers_Secondary_Guard_Bash_Interactions_0
[2026/02/10 06:30:45   WARN]                         [Hytale] Missing interaction *Weapon_Daggers_Secondary_Guard_Bash_Interactions_1
[2026/02/10 06:30:45   WARN]                         [Hytale] Missing interaction *Bow_Two_Handed_Ability1_Arrow_Volley_Interactions_0
[2026/02/10 06:30:45   WARN]                         [Hytale] Missing interaction *Weapon_Shield_Secondary_Guard_Bash_Interactions_0
[2026/02/10 06:30:45   WARN]                         [Hytale] Missing interaction *Weapon_Shield_Secondary_Guard_Bash_Interactions_1
[2026/02/10 06:30:45   WARN]                         [Hytale] Missing interaction *Stick_Attack_Next_0
[2026/02/10 06:30:45   WARN]                         [Hytale] Missing interaction *Stick_Attack_Next_0.8
[2026/02/10 06:30:45   WARN]                         [Hytale] Missing interaction *Weapon_Mace_Secondary_Guard_Bash_Interactions_0
[2026/02/10 06:30:45   WARN]                         [Hytale] Missing interaction *Weapon_Mace_Secondary_Guard_Bash_Interactions_1
[2026/02/10 06:30:45   WARN]                         [Hytale] Missing interaction *Weapon_Sword_Secondary_Guard_Bash_Interactions_0
[2026/02/10 06:30:45   WARN]                         [Hytale] Missing interaction *Weapon_Sword_Secondary_Guard_Bash_Interactions_1
[2026/02/10 06:30:45   WARN]                         [Hytale] Missing interaction *Bow_Two_Handed_Ability2_Arrow_Shoot_Interactions_0
[2026/02/10 06:30:45   WARN]                         [Hytale] Missing interaction *Bow_Two_Handed_Ability2_Arrow_Shoot_Interactions_1
[2026/02/10 06:30:45   WARN]                         [Hytale] Missing interaction *Daggers_Stab_Flurry_Left_Next
[2026/02/10 06:30:45   WARN]                         [Hytale] Missing interaction *Daggers_Stab_Flurry_Right_Next
[2026/02/10 06:30:45   WARN]                         [Hytale] Missing interaction *Simple_Next
[2026/02/10 06:30:45   WARN]                         [Hytale] Missing interaction *Shortbow_Volley_Shoot_Inner_Next
[2026/02/10 06:30:45   WARN]         [AssetStore|Interaction] Unused key(s) in '*Weapon_Sword_Signature_Vortexstrike_Spin_Selector_Next': Next
[2026/02/10 06:30:45   WARN]         [AssetStore|Interaction] Unused key(s) in '*Weapon_Daggers_Primary_Pounce_Stab_Selector_Next': Next
[2026/02/10 06:30:45   WARN]                         [Hytale] Missing interaction **DamageEntityParent_Next_Interactions_0
[2026/02/10 06:30:45   WARN]                         [Hytale] Missing interaction **DamageEntityParent_Next_Interactions_1
[2026/02/10 06:30:45   WARN]                         [Hytale] Missing interaction **DamageEntityParent_Next_Interactions_2
[2026/02/10 06:30:45   WARN]                         [Hytale] Missing interaction **DamageEntityParent_Next_Interactions_3
[2026/02/10 06:30:45   WARN]                         [Hytale] Missing interaction **Bow_Two_Handed_Ability1_Arrow_Volley_Interactions_0_Interactions_0
[2026/02/10 06:30:45   WARN]                         [Hytale] Missing interaction **Bow_Two_Handed_Ability1_Arrow_Volley_Interactions_0_Interactions_1
[2026/02/10 06:30:45   WARN]                         [Hytale] Missing interaction **Weapon_Daggers_Secondary_Guard_Bash_Interactions_1_Next
[2026/02/10 06:30:45   WARN]                         [Hytale] Missing interaction **Weapon_Shortbow_Secondary_Guard_Bash_Interactions_1_Next
[2026/02/10 06:30:45   WARN]                         [Hytale] Missing interaction **Weapon_Sword_Secondary_Guard_Bash_Interactions_1_Next
[2026/02/10 06:30:45   WARN]                         [Hytale] Missing interaction **Weapon_Shield_Secondary_Guard_Bash_Interactions_1_Next
[2026/02/10 06:30:45   WARN]                         [Hytale] Missing interaction **Weapon_Crossbow_Secondary_Guard_Bash_Interactions_1_Next
[2026/02/10 06:30:45   WARN]                         [Hytale] Missing interaction **Weapon_Crossbow_Shot_Standard_Projectile_Next_Next
[2026/02/10 06:30:45   WARN]                         [Hytale] Missing interaction **Stick_Attack_Next_0_Interactions_1
[2026/02/10 06:30:45   WARN]                         [Hytale] Missing interaction **Stick_Attack_Next_0.8_Interactions_1
[2026/02/10 06:30:45   WARN]                         [Hytale] Missing interaction **Weapon_Mace_Secondary_Guard_Bash_Interactions_1_Next
[2026/02/10 06:30:45   WARN]                         [Hytale] Missing interaction **Weapon_Battleaxe_Secondary_Guard_Bash_Interactions_1_Next
[2026/02/10 06:30:45   WARN]                         [Hytale] Missing interaction **Weapon_Mace_Primary_Swing_Right_Charged_Selector_Next_Next
[2026/02/10 06:30:45   WARN]                         [Hytale] Missing interaction **Weapon_Mace_Primary_Swing_Left_Charged_StaminaCondition_Next_Next
[2026/02/10 06:30:45   WARN]                         [Hytale] Missing interaction **Block_Break_Failed_Next
[2026/02/10 06:30:45   WARN]                         [Hytale] Missing interaction **Weapon_Daggers_Primary_Pounce_Sweep_Next_Interactions_0
[2026/02/10 06:30:45   WARN]                         [Hytale] Missing interaction **Weapon_Daggers_Primary_Pounce_Sweep_Next_Interactions_1
[2026/02/10 06:30:45   WARN]                         [Hytale] Missing interaction **Common_Guard_Shove_Selector_Next_Next
[2026/02/10 06:30:45   WARN]                         [Hytale] Missing interaction **Weapon_Battleaxe_Primary_Downstrike_StaminaCondition_Next_Next
[2026/02/10 06:30:45   WARN]                         [Hytale] Missing interaction **Weapon_Mace_Primary_Swing_Up_Left_Charged_Selector_Next_Next
[2026/02/10 06:30:45   WARN]                         [Hytale] Missing interaction **Weapon_Crossbow_Damage_Combo_Projectile_Next_Next
[2026/02/10 06:30:45   WARN]                         [Hytale] Missing interaction **Consume_Charge_Food_T2_Inner_Next_2.5_Next
[2026/02/10 06:30:45   WARN]                         [Hytale] Missing interaction **Consume_Charge_Food_T1_Inner_Next_2.0_Next
[2026/02/10 06:30:45   WARN]                         [Hytale] Missing interaction **Weapon_Mace_Primary_Swing_Right_Charged_StaminaCondition_Next_Next
[2026/02/10 06:30:45   WARN]                         [Hytale] Missing interaction **Weapon_Daggers_Primary_Pounce_StaminaCondition_Next_Next
[2026/02/10 06:30:45   WARN]                         [Hytale] Missing interaction **Weapon_Daggers_Primary_Pounce_Stab_Next_Interactions_0
[2026/02/10 06:30:45   WARN]                         [Hytale] Missing interaction **Weapon_Daggers_Primary_Pounce_Stab_Next_Interactions_1
[2026/02/10 06:30:45   WARN]                         [Hytale] Missing interaction **Weapon_Stick_Fire_Spawn_Trap_Next_Interactions_0
[2026/02/10 06:30:45   WARN]                         [Hytale] Missing interaction **Weapon_Stick_Fire_Spawn_Trap_Next_Interactions_1
[2026/02/10 06:30:45   WARN]                         [Hytale] Missing interaction **Weapon_Stick_Fire_Spawn_Trap_Failed_Interactions_0
[2026/02/10 06:30:45   WARN]                         [Hytale] Missing interaction **Weapon_Mace_Primary_Swing_Left_Charged_Selector_Next_Next
[2026/02/10 06:30:45   WARN]                         [Hytale] Missing interaction **Consume_Charge_Durability_Interactions_1_Next_3.0
[2026/02/10 06:30:45   WARN]                         [Hytale] Missing interaction **Consume_Charge_Durability_Interactions_1_Failed
[2026/02/10 06:30:45   WARN]                         [Hytale] Missing interaction **Weapon_Mace_Primary_Swing_Up_Left_Charged_StaminaCondition_Next_Next
[2026/02/10 06:30:45   WARN]                         [Hytale] Missing interaction **Weapon_Sword_Primary_Thrust_StaminaCondition_Next_Next
[2026/02/10 06:30:45   WARN]                         [Hytale] Missing interaction **Consume_Charge_Food_T3_Inner_Next_3.0_Next
[2026/02/10 06:30:45   WARN]                         [Hytale] Missing interaction ***Bow_Two_Handed_Ability1_Arrow_Volley_Interactions_0_Interactions_1_Next
[2026/02/10 06:30:45   WARN]                         [Hytale] Missing interaction ***Common_Guard_Shove_Selector_Next_Next_Next
[2026/02/10 06:30:45   WARN]                         [Hytale] Missing interaction ***Weapon_Daggers_Secondary_Guard_Bash_Interactions_1_Next_Next
[2026/02/10 06:30:45   WARN]                         [Hytale] Missing interaction ***Consume_Charge_Food_T3_Inner_Next_3.0_Next_Interactions_0
[2026/02/10 06:30:45   WARN]                         [Hytale] Missing interaction ***Consume_Charge_Food_T3_Inner_Next_3.0_Next_Interactions_1
[2026/02/10 06:30:45   WARN]                         [Hytale] Missing interaction ***Consume_Charge_Food_T3_Inner_Next_3.0_Next_Interactions_2
[2026/02/10 06:30:45   WARN]                         [Hytale] Missing interaction ***Weapon_Shortbow_Secondary_Guard_Bash_Interactions_1_Next_Next
[2026/02/10 06:30:45   WARN]                         [Hytale] Missing interaction ***Weapon_Mace_Primary_Swing_Up_Left_Charged_StaminaCondition_Next_Next_Next_0
[2026/02/10 06:30:45   WARN]                         [Hytale] Missing interaction ***Weapon_Mace_Primary_Swing_Up_Left_Charged_Next_2.0_Interactions_2_Next
[2026/02/10 06:30:45   WARN]                         [Hytale] Missing interaction ***Weapon_Mace_Primary_Swing_Right_Charged_StaminaCondition_Next_Next_Next_0
[2026/02/10 06:30:45   WARN]                         [Hytale] Missing interaction ***Weapon_Mace_Primary_Swing_Right_Charged_Next_2.0_Interactions_2_Next
[2026/02/10 06:30:45   WARN]                         [Hytale] Missing interaction ***Weapon_Sword_Secondary_Guard_Bash_Interactions_1_Next_Next
[2026/02/10 06:30:45   WARN]                         [Hytale] Missing interaction ***Weapon_Shield_Secondary_Guard_Bash_Interactions_1_Next_Next
[2026/02/10 06:30:45   WARN]                         [Hytale] Missing interaction ***Consume_Charge_Food_T1_Inner_Next_2.0_Next_Interactions_0
[2026/02/10 06:30:45   WARN]                         [Hytale] Missing interaction ***Consume_Charge_Food_T1_Inner_Next_2.0_Next_Interactions_1
[2026/02/10 06:30:45   WARN]                         [Hytale] Missing interaction ***Consume_Charge_Food_T1_Inner_Next_2.0_Next_Interactions_2
[2026/02/10 06:30:45   WARN]                         [Hytale] Missing interaction ***Weapon_Mace_Primary_Swing_Left_Charged_StaminaCondition_Next_Next_Next_0
[2026/02/10 06:30:45   WARN]                         [Hytale] Missing interaction ***Weapon_Mace_Primary_Swing_Left_Charged_Next_2.0_Interactions_2_Next
[2026/02/10 06:30:45   WARN]                         [Hytale] Missing interaction ***Consume_Charge_Durability_Interactions_1_Next_3.0_Interactions_0
[2026/02/10 06:30:45   WARN]                         [Hytale] Missing interaction ***Consume_Charge_Durability_Interactions_1_Next_3.0_Interactions_1
[2026/02/10 06:30:45   WARN]                         [Hytale] Missing interaction ***Consume_Charge_Durability_Interactions_1_Next_3.0_Interactions_2
[2026/02/10 06:30:45   WARN]                         [Hytale] Missing interaction ***Consume_Charge_Durability_Interactions_1_Next_3.0_Interactions_3
[2026/02/10 06:30:45   WARN]                         [Hytale] Missing interaction ***Consume_Charge_Durability_Interactions_1_Failed_Next
[2026/02/10 06:30:45   WARN]                         [Hytale] Missing interaction ***Weapon_Crossbow_Secondary_Guard_Bash_Interactions_1_Next_Next
[2026/02/10 06:30:45   WARN]                         [Hytale] Missing interaction ***Weapon_Mace_Secondary_Guard_Bash_Interactions_1_Next_Next
[2026/02/10 06:30:45   WARN]                         [Hytale] Missing interaction ***Consume_Charge_Food_T2_Inner_Next_2.5_Next_Interactions_0
[2026/02/10 06:30:45   WARN]                         [Hytale] Missing interaction ***Consume_Charge_Food_T2_Inner_Next_2.5_Next_Interactions_1
[2026/02/10 06:30:45   WARN]                         [Hytale] Missing interaction ***Consume_Charge_Food_T2_Inner_Next_2.5_Next_Interactions_2
[2026/02/10 06:30:45   WARN]                         [Hytale] Missing interaction ***Weapon_Battleaxe_Secondary_Guard_Bash_Interactions_1_Next_Next
[2026/02/10 06:30:45   WARN]                         [Hytale] Missing interaction ***Weapon_Battleaxe_Primary_Downstrike_Next_0.65_Interactions_2_Next
[2026/02/10 06:30:45   WARN]                         [Hytale] Missing interaction ***Weapon_Daggers_Primary_Pounce_Next_0.4_Interactions_1_Next
[2026/02/10 06:30:45   WARN]                         [Hytale] Missing interaction ***Weapon_Sword_Primary_Thrust_Next_0.65_Interactions_2_Next
[2026/02/10 06:30:45   WARN]                         [Hytale] Missing interaction ****Bow_Two_Handed_Ability1_Arrow_Volley_Interactions_0_Interactions_1_Next_Interactions_1
[2026/02/10 06:30:45   WARN]                         [Hytale] Missing interaction ****Bow_Two_Handed_Ability1_Arrow_Volley_Interactions_0_Interactions_1_Next_Interactions_2
[2026/02/10 06:30:45   WARN]                         [Hytale] Missing interaction ****Weapon_Mace_Primary_Swing_Up_Left_Charged_StaminaCondition_Next_Next_Next_0_Next
[2026/02/10 06:30:45   WARN]                         [Hytale] Missing interaction ****Weapon_Mace_Primary_Swing_Up_Left_Charged_Next_2.0_Interactions_2_Next_Interactions_0
[2026/02/10 06:30:45   WARN]                         [Hytale] Missing interaction ****Weapon_Mace_Primary_Swing_Right_Charged_StaminaCondition_Next_Next_Next_0_Next
[2026/02/10 06:30:45   WARN]                         [Hytale] Missing interaction ****Weapon_Mace_Primary_Swing_Right_Charged_Next_2.0_Interactions_2_Next_Interactions_0
[2026/02/10 06:30:45   WARN]                         [Hytale] Missing interaction ****Weapon_Mace_Primary_Swing_Left_Charged_StaminaCondition_Next_Next_Next_0_Next
[2026/02/10 06:30:45   WARN]                         [Hytale] Missing interaction ****Weapon_Mace_Primary_Swing_Left_Charged_Next_2.0_Interactions_2_Next_Interactions_0
[2026/02/10 06:30:45   WARN]                         [Hytale] Missing interaction ****Weapon_Battleaxe_Primary_Downstrike_Next_0.65_Interactions_2_Next_Interactions_0
[2026/02/10 06:30:45   WARN]                         [Hytale] Missing interaction ****Weapon_Battleaxe_Primary_Downstrike_Next_0.65_Interactions_2_Next_Interactions_1
[2026/02/10 06:30:45   WARN]                         [Hytale] Missing interaction ****Weapon_Sword_Primary_Thrust_Next_0.65_Interactions_2_Next_Interactions_0
[2026/02/10 06:30:45   WARN]                         [Hytale] Missing interaction ****Weapon_Sword_Primary_Thrust_Next_0.65_Interactions_2_Next_Interactions_1
[2026/02/10 06:30:45   WARN]                         [Hytale] Missing interaction ****Weapon_Daggers_Primary_Pounce_Next_0.4_Interactions_1_Next_Interactions_0
[2026/02/10 06:30:45   WARN]                         [Hytale] Missing interaction ****Weapon_Daggers_Primary_Pounce_Next_0.4_Interactions_1_Next_Interactions_1
[2026/02/10 06:30:45   WARN]                         [Hytale] Missing interaction *****Bow_Two_Handed_Ability1_Arrow_Volley_Interactions_0_Interactions_1_Next_Interactions_2_Next
[2026/02/10 06:30:45   WARN]         [AssetStore|Interaction] Unused key(s) in '**Projectile_Config_Ice_Bolt_Interactions_ProjectileMiss_Interactions_0': Effects.WorldParticles
[2026/02/10 06:30:45   WARN]         [AssetStore|Interaction] Unused key(s) in '**Projectile_Config_Ice_Ball_Interactions_ProjectileMiss_Interactions_0': Effects.WorldParticles
[2026/02/10 06:30:45   WARN]         [AssetStore|Interaction] Unused key(s) in '**Projectile_Config_Scarak_Seeker_Spitball_Interactions_ProjectileMiss_Interactions_0': Effects.WorldParticles
[2026/02/10 06:30:45   WARN]         [AssetStore|Interaction] Unused key(s) in '**Projectile_Config_Scarak_Seeker_Spitball_Interactions_ProjectileHit_Interactions_0': Entity
[2026/02/10 06:30:45   WARN]               [BlockSetModule|P] Creating block sets: Failed to find block name 'Furniture_Temple_Light_Statue'
[2026/02/10 06:30:45   WARN]               [BlockSetModule|P] Creating block sets: Failed to find block name 'Ingredient_Hay'
[2026/02/10 06:30:45   WARN]               [BlockSetModule|P] Creating block sets: Failed to find block name 'Wood_Softwood_Planks'
[2026/02/10 06:30:45   WARN]               [BlockSetModule|P] Creating block sets: Failed to find block name 'Furniture_Feran_Bed'
[2026/02/10 06:30:45   WARN]               [BlockSetModule|P] Creating block sets: Failed to find block name 'Coop_Chicken'
[2026/02/10 06:30:45   WARN]               [BlockSetModule|P] Creating block sets: Failed to find hitbox name 'Fence'
[2026/02/10 06:30:45   WARN]               [BlockSetModule|P] Creating block sets: Failed to find hitbox name 'Fence_Gate'
[2026/02/10 06:30:45   WARN]               [BlockSetModule|P] Creating block sets: Failed to find hitbox name 'Fence_Gate_Open_In'
[2026/02/10 06:30:45   WARN]               [BlockSetModule|P] Creating block sets: Failed to find hitbox name 'Fence_Gate_Open_Out'
[2026/02/10 06:30:45   WARN]               [BlockSetModule|P] Creating block sets: Failed to find hitbox name 'Fence_Thin'
[2026/02/10 06:30:45   WARN]               [BlockSetModule|P] Creating block sets: Failed to find hitbox name 'Fence_Thick'
[2026/02/10 06:30:45   WARN]               [BlockSetModule|P] Creating block sets: Failed to find hitbox name 'Fence_Corner'
[2026/02/10 06:30:45   WARN]               [BlockSetModule|P] Creating block sets: Failed to find hitbox name 'Fence_Corner_Thin'
[2026/02/10 06:30:45   WARN]               [BlockSetModule|P] Creating block sets: Failed to find hitbox name 'Fence_Corner_Thick'
[2026/02/10 06:30:45   WARN]               [BlockSetModule|P] Creating block sets: Failed to find block name 'Furniture_Crude_Bed'
[2026/02/10 06:30:45   WARN]               [BlockSetModule|P] Creating block sets: Failed to find block name 'Soil_Grass'
[2026/02/10 06:30:45   WARN]               [BlockSetModule|P] Creating block sets: Failed to find block name 'Soil_Dirt'
[2026/02/10 06:30:45   WARN]               [BlockSetModule|P] Creating block sets: Failed to find block name 'Soil_Dirt_Poisoned'
[2026/02/10 06:30:45   WARN]               [BlockSetModule|P] Creating block sets: Failed to find block name 'Soil_Mud'
[2026/02/10 06:30:45   WARN]               [BlockSetModule|P] Creating block sets: Failed to find block name 'Deco_Bone_Pile'
[2026/02/10 06:30:45   WARN]               [BlockSetModule|P] Creating block sets: Failed to find block name 'Deco_Bone_Skulls'
[2026/02/10 06:30:45   WARN]               [BlockSetModule|P] Creating block sets: Failed to find block name 'Soil_Gravel_Sand'
[2026/02/10 06:30:45   WARN]               [BlockSetModule|P] Creating block sets: Failed to find block name 'Soil_Dirt'
[2026/02/10 06:30:45   WARN]               [BlockSetModule|P] Creating block sets: Failed to find block name 'Soil_Clay'
[2026/02/10 06:30:45   WARN]               [BlockSetModule|P] Creating block sets: Failed to find block name 'Rock_Stone'
[2026/02/10 06:30:45   WARN]               [BlockSetModule|P] Creating block sets: Failed to find block name 'Rock_Marble'
[2026/02/10 06:30:45   WARN]               [BlockSetModule|P] Creating block sets: Failed to find block name 'Rock_Chalk'
[2026/02/10 06:30:45   WARN]                [AssetStore|Item] Failed to validate asset!
Id: Tool_Hatchet_Crude
Path: /Server/Item/Items/Tool/Hatchet/Tool_Hatchet_Crude.json
Key: Recipe
Results:
	WARNING: Bench Requirement in recipe for 'Fieldcraft' should not have a delay (TimeSeconds) set!

[2026/02/10 06:30:45   WARN]                [AssetStore|Item] Failed to validate asset!
Id: Bench_Builders
Path: /Server/Item/Items/Bench/Bench_Builders.json
Key: Recipe
Results:
	WARNING: Bench Requirement in recipe for 'Fieldcraft' should not have a delay (TimeSeconds) set!

[2026/02/10 06:30:45   WARN]                [AssetStore|Item] Failed to validate asset!
Id: Furniture_Crude_Torch
Path: /Server/Item/Items/Furniture/Crude/Unique/Furniture_Crude_Torch.json
Key: Recipe
Results:
	WARNING: Bench Requirement in recipe for 'Fieldcraft' should not have a delay (TimeSeconds) set!

[2026/02/10 06:30:45   WARN]                [AssetStore|Item] Failed to validate asset!
Id: Bench_Campfire
Path: /Server/Item/Items/Bench/Bench_Campfire.json
Key: Recipe
Results:
	WARNING: Bench Requirement in recipe for 'Fieldcraft' should not have a delay (TimeSeconds) set!

[2026/02/10 06:30:45   WARN]                [AssetStore|Item] Failed to validate asset!
Id: Tool_Pickaxe_Crude
Path: /Server/Item/Items/Tool/Pickaxe/Tool_Pickaxe_Crude.json
Key: Recipe
Results:
	WARNING: Bench Requirement in recipe for 'Fieldcraft' should not have a delay (TimeSeconds) set!

[2026/02/10 06:30:46   WARN]                [AssetStore|Item] Failed to validate asset!
Id: Furniture_Crude_Chest_Small
Path: /Server/Item/Items/Furniture/Crude/Furniture_Crude_Chest_Small.json
Key: Recipe
Results:
	WARNING: Bench Requirement in recipe for 'Fieldcraft' should not have a delay (TimeSeconds) set!

[2026/02/10 06:30:46   WARN]                [AssetStore|Item] Failed to validate asset!
Id: Furniture_Crude_Bed
Path: /Server/Item/Items/Furniture/Crude/Furniture_Crude_Bed.json
Key: Recipe
Results:
	WARNING: Bench Requirement in recipe for 'Fieldcraft' should not have a delay (TimeSeconds) set!

[2026/02/10 06:30:46   WARN]                [AssetStore|Item] Failed to validate asset!
Id: Weapon_Sword_Crude
Path: /Server/Item/Items/Weapon/Sword/Weapon_Sword_Crude.json
Key: Recipe
Results:
	WARNING: Bench Requirement in recipe for 'Fieldcraft' should not have a delay (TimeSeconds) set!

[2026/02/10 06:30:46   WARN]                [AssetStore|Item] Failed to find inherited parent asset Deco_Bucket (BlockType) for *Deco_Bucket_State_Filled_Mosshorn_Milk
[2026/02/10 06:30:46   WARN]                [AssetStore|Item] Failed to find inherited parent asset Deco_Tankard (BlockType) for *Deco_Tankard_State_Filled_Water
[2026/02/10 06:30:46   WARN]                [AssetStore|Item] Failed to find inherited parent asset Deco_Bucket (BlockType) for *Deco_Bucket_State_Filled_Water
[2026/02/10 06:30:46   WARN]                [AssetStore|Item] Failed to find inherited parent asset Deco_Bucket (BlockType) for *Deco_Bucket_State_Filled_Milk
[2026/02/10 06:30:46   WARN]                [AssetStore|Item] Failed to find inherited parent asset Container_Bucket (BlockType) for *Container_Bucket_State_Filled_Water
[2026/02/10 06:30:46   WARN]                [AssetStore|Item] Failed to find inherited parent asset Container_Bucket (BlockType) for *Container_Bucket_State_Filled_Mosshorn_Milk
[2026/02/10 06:30:46   WARN]                [AssetStore|Item] Failed to find inherited parent asset Deco_Mug (BlockType) for *Deco_Mug_State_Filled_Water
[2026/02/10 06:30:46   WARN]                [AssetStore|Item] Failed to find inherited parent asset Container_Bucket (BlockType) for *Container_Bucket_State_Filled_Milk
[2026/02/10 06:30:46   WARN]               [BlockSetModule|P] Creating block sets: Failed to find block name 'Furniture_Temple_Light_Statue'
[2026/02/10 06:30:46   WARN]               [BlockSetModule|P] Creating block sets: Failed to find block name 'Ingredient_Hay'
[2026/02/10 06:30:46   WARN]               [BlockSetModule|P] Creating block sets: Failed to find block name 'Wood_Softwood_Planks'
[2026/02/10 06:30:46   WARN]               [BlockSetModule|P] Creating block sets: Failed to find block name 'Furniture_Feran_Bed'
[2026/02/10 06:30:46   WARN]               [BlockSetModule|P] Creating block sets: Failed to find block name 'Coop_Chicken'
[2026/02/10 06:30:46   WARN]               [BlockSetModule|P] Creating block sets: Failed to find hitbox name 'Fence'
[2026/02/10 06:30:46   WARN]               [BlockSetModule|P] Creating block sets: Failed to find hitbox name 'Fence_Gate'
[2026/02/10 06:30:46   WARN]               [BlockSetModule|P] Creating block sets: Failed to find hitbox name 'Fence_Gate_Open_In'
[2026/02/10 06:30:46   WARN]               [BlockSetModule|P] Creating block sets: Failed to find hitbox name 'Fence_Gate_Open_Out'
[2026/02/10 06:30:46   WARN]               [BlockSetModule|P] Creating block sets: Failed to find hitbox name 'Fence_Thin'
[2026/02/10 06:30:46   WARN]               [BlockSetModule|P] Creating block sets: Failed to find hitbox name 'Fence_Thick'
[2026/02/10 06:30:46   WARN]               [BlockSetModule|P] Creating block sets: Failed to find hitbox name 'Fence_Corner'
[2026/02/10 06:30:46   WARN]               [BlockSetModule|P] Creating block sets: Failed to find hitbox name 'Fence_Corner_Thin'
[2026/02/10 06:30:46   WARN]               [BlockSetModule|P] Creating block sets: Failed to find hitbox name 'Fence_Corner_Thick'
[2026/02/10 06:30:46   WARN]               [BlockSetModule|P] Creating block sets: Failed to find block name 'Furniture_Crude_Bed'
[2026/02/10 06:30:46   WARN]               [BlockSetModule|P] Creating block sets: Failed to find block name 'Soil_Grass'
[2026/02/10 06:30:46   WARN]               [BlockSetModule|P] Creating block sets: Failed to find block name 'Soil_Dirt'
[2026/02/10 06:30:46   WARN]               [BlockSetModule|P] Creating block sets: Failed to find block name 'Soil_Dirt_Poisoned'
[2026/02/10 06:30:46   WARN]               [BlockSetModule|P] Creating block sets: Failed to find block name 'Soil_Mud'
[2026/02/10 06:30:46   WARN]               [BlockSetModule|P] Creating block sets: Failed to find block name 'Deco_Bone_Pile'
[2026/02/10 06:30:46   WARN]               [BlockSetModule|P] Creating block sets: Failed to find block name 'Deco_Bone_Skulls'
[2026/02/10 06:30:46   WARN]               [BlockSetModule|P] Creating block sets: Failed to find block name 'Soil_Gravel_Sand'
[2026/02/10 06:30:46   WARN]               [BlockSetModule|P] Creating block sets: Failed to find block name 'Soil_Dirt'
[2026/02/10 06:30:46   WARN]               [BlockSetModule|P] Creating block sets: Failed to find block name 'Soil_Clay'
[2026/02/10 06:30:46   WARN]               [BlockSetModule|P] Creating block sets: Failed to find block name 'Rock_Stone'
[2026/02/10 06:30:46   WARN]               [BlockSetModule|P] Creating block sets: Failed to find block name 'Rock_Marble'
[2026/02/10 06:30:46   WARN]               [BlockSetModule|P] Creating block sets: Failed to find block name 'Rock_Chalk'
[2026/02/10 06:30:46   WARN]         [AssetStore|Interaction] Unused key(s) in '**Template_Weapon_Crossbow_InteractionVars_Guard_Bash_Interactions_1': Effects, StatModifiers
[2026/02/10 06:30:46   WARN]         [AssetStore|Interaction] Unused key(s) in '**Weapon_Staff_Thorium_InteractionVars_Staff_Cast_Summon_Charged_Interactions_0': Costs
[2026/02/10 06:30:46   WARN]         [AssetStore|Interaction] Unused key(s) in '**Weapon_Staff_Bone_InteractionVars_Staff_Cast_Summon_Charged_Interactions_0': Costs
[2026/02/10 06:30:46   WARN]         [AssetStore|Interaction] Unused key(s) in '**Weapon_Staff_Wood_InteractionVars_Staff_Cast_Summon_Charged_Interactions_0': Costs
[2026/02/10 06:30:46   WARN]         [AssetStore|Interaction] Unused key(s) in '**Weapon_Staff_Cane_InteractionVars_Staff_Cast_Summon_Charged_Interactions_0': Costs
[2026/02/10 06:30:46   WARN]         [AssetStore|Interaction] Unused key(s) in '**Weapon_Staff_Iron_InteractionVars_Staff_Cast_Summon_Charged_Interactions_0': Costs
[2026/02/10 06:30:46   WARN]         [AssetStore|Interaction] Unused key(s) in '**Weapon_Staff_Copper_InteractionVars_Staff_Cast_Summon_Charged_Interactions_0': Costs
[2026/02/10 06:30:46   WARN]         [AssetStore|Interaction] Unused key(s) in '**Template_Weapon_Shield_InteractionVars_Guard_Bash_Interactions_1': Effects, StatModifiers
[2026/02/10 06:30:46   WARN]         [AssetStore|Interaction] Unused key(s) in '**Weapon_Staff_Onion_InteractionVars_Staff_Cast_Summon_Charged_Interactions_0': Costs
[2026/02/10 06:30:46   WARN]         [AssetStore|Interaction] Unused key(s) in '**Halloween_Broomstick_InteractionVars_Staff_Cast_Summon_Charged_Interactions_0': Costs
[2026/02/10 06:30:46   WARN]         [AssetStore|Interaction] Unused key(s) in '**Weapon_Staff_Cobalt_InteractionVars_Staff_Cast_Summon_Charged_Interactions_0': Costs
[2026/02/10 06:30:46   WARN]         [AssetStore|Interaction] Unused key(s) in '**Weapon_Staff_Doomed_InteractionVars_Staff_Cast_Summon_Charged_Interactions_0': Costs
[2026/02/10 06:30:46   WARN]         [AssetStore|Interaction] Unused key(s) in '**Weapon_Staff_Adamantite_InteractionVars_Staff_Cast_Summon_Charged_Interactions_0': Costs
[2026/02/10 06:30:46   WARN]         [AssetStore|Interaction] Unused key(s) in '**Weapon_Staff_Mithril_InteractionVars_Staff_Cast_Summon_Charged_Interactions_0': Costs
[2026/02/10 06:30:46   WARN]         [AssetStore|Interaction] Unused key(s) in '**Weapon_Staff_Bo_Bamboo_InteractionVars_Staff_Cast_Summon_Charged_Interactions_0': Costs
[2026/02/10 06:30:46   WARN]         [AssetStore|Interaction] Unused key(s) in '**Weapon_Staff_Wood_Kweebec_InteractionVars_Staff_Cast_Summon_Charged_Interactions_0': Costs
[2026/02/10 06:30:46   WARN]         [AssetStore|Interaction] Unused key(s) in '**Weapon_Staff_Wood_Rotten_InteractionVars_Staff_Cast_Summon_Charged_Interactions_0': Costs
[2026/02/10 06:30:46   WARN]         [AssetStore|Interaction] Unused key(s) in '**Weapon_Staff_Frost_InteractionVars_Staff_Cast_Summon_Charged_Interactions_0': Costs
[2026/02/10 06:30:46   WARN]         [AssetStore|Interaction] Unused key(s) in '**Template_Weapon_Shortbow_InteractionVars_Guard_Bash_Interactions_1': Effects, StatModifiers
[2026/02/10 06:30:46   WARN]         [AssetStore|Interaction] Unused key(s) in '**Weapon_Staff_Crystal_Purple_InteractionVars_Staff_Cast_Summon_Charged_Interactions_0': Costs
[2026/02/10 06:30:46   WARN]         [AssetStore|Interaction] Unused key(s) in '**Weapon_Staff_Crystal_Red_InteractionVars_Staff_Cast_Summon_Charged_Interactions_0': Costs
[2026/02/10 06:30:46   WARN]         [AssetStore|Interaction] Unused key(s) in '**Weapon_Staff_Wizard_InteractionVars_Staff_Cast_Summon_Charged_Interactions_0': Costs
[2026/02/10 06:30:46   WARN]         [AssetStore|Interaction] Unused key(s) in '**Weapon_Staff_Bronze_InteractionVars_Staff_Cast_Summon_Charged_Interactions_0': Costs
[2026/02/10 06:30:46   WARN]         [AssetStore|Interaction] Unused key(s) in '**Weapon_Staff_Crystal_Fire_Trork_InteractionVars_Staff_Cast_Summon_Charged_Interactions_0': Costs
[2026/02/10 06:30:46   WARN]         [AssetStore|Interaction] Unused key(s) in '**Weapon_Staff_Onyxium_InteractionVars_Staff_Cast_Summon_Charged_Interactions_0': Costs
[2026/02/10 06:30:46   WARN]         [AssetStore|Interaction] Unused key(s) in '**Weapon_Staff_Crystal_Flame_InteractionVars_Fireball_Impact_2_Interactions_0': EntityStatsOnHit
[2026/02/10 06:30:46   WARN]         [AssetStore|Interaction] Unused key(s) in '**Weapon_Staff_Bo_Wood_InteractionVars_Staff_Cast_Summon_Charged_Interactions_0': Costs
[2026/02/10 06:30:46   WARN]         [AssetStore|Interaction] Unused key(s) in '**Weapon_Staff_Crystal_Flame_InteractionVars_Fireball_Impact_3_Interactions_0': EntityStatsOnHit
[2026/02/10 06:30:46   WARN]         [AssetStore|Interaction] Unused key(s) in '**Weapon_Shield_Copper_InteractionVars_Guard_Bash_Interactions_0': Effects, StatModifiers
[2026/02/10 06:30:46   WARN]         [AssetStore|Interaction] Unused key(s) in '***Plant_Crop_Mushroom_Glowing_Green_Interactions_Secondary_Interactions_0_Next': Effects
[2026/02/10 06:30:46   WARN]         [AssetStore|Interaction] Unused key(s) in '***Plant_Crop_Mushroom_Glowing_Orange_Interactions_Secondary_Interactions_0_Next': Effects
[2026/02/10 06:30:46   WARN]         [AssetStore|Interaction] Unused key(s) in '***Plant_Crop_Mushroom_Glowing_Violet_Interactions_Secondary_Interactions_0_Next': Effects
[2026/02/10 06:30:46   WARN]         [AssetStore|Interaction] Unused key(s) in '***Plant_Crop_Mushroom_Glowing_Red_Interactions_Secondary_Interactions_0_Next': Effects
[2026/02/10 06:30:46   WARN]         [AssetStore|Interaction] Unused key(s) in '***Plant_Seaweed_Grass_Stack_Interactions_Secondary_Interactions_0_Next': Effects
[2026/02/10 06:30:46   WARN]         [AssetStore|Interaction] Unused key(s) in '***Plant_Crop_Mushroom_Glowing_Blue_Interactions_Secondary_Interactions_0_Next': Effects
[2026/02/10 06:30:46   WARN]         [AssetStore|Interaction] Unused key(s) in '***Plant_Crop_Mushroom_Glowing_Purple_Interactions_Secondary_Interactions_0_Next': Effects
[2026/02/10 06:30:46   WARN]                [AssetStore|Item] Failed to find inherited parent asset Template_Crop_Item (BlockType) for Plant_Crop_Wheat_Item
[2026/02/10 06:30:46   WARN]                [AssetStore|Item] Failed to find inherited parent asset Template_Crop_Item (BlockType) for Plant_Crop_Corn_Item
[2026/02/10 06:30:46   WARN]                [AssetStore|Item] Failed to find inherited parent asset Template_Crop_Item (BlockType) for Plant_Crop_Lettuce_Item
[2026/02/10 06:30:46   WARN]                [AssetStore|Item] Failed to find inherited parent asset Template_Crop_Item (BlockType) for Plant_Crop_Onion_Item
[2026/02/10 06:30:46   WARN]                [AssetStore|Item] Failed to find inherited parent asset Template_Crop_Item (BlockType) for Plant_Crop_Carrot_Item
[2026/02/10 06:30:46   WARN]                [AssetStore|Item] Failed to find inherited parent asset Template_Crop_Item (BlockType) for Plant_Crop_Aubergine_Item
[2026/02/10 06:30:46   WARN]                [AssetStore|Item] Failed to find inherited parent asset Template_Crop_Item (BlockType) for Plant_Crop_Turnip_Item
[2026/02/10 06:30:46   WARN]                [AssetStore|Item] Failed to find inherited parent asset Template_Crop_Item (BlockType) for Plant_Crop_Potato_Item
[2026/02/10 06:30:46   WARN]                [AssetStore|Item] Failed to find inherited parent asset Template_Crop_Item (BlockType) for Plant_Crop_Pumpkin_Item
[2026/02/10 06:30:46   WARN]                [AssetStore|Item] Failed to find inherited parent asset Template_Crop_Item (BlockType) for Plant_Crop_Tomato_Item
[2026/02/10 06:30:46   WARN]                [AssetStore|Item] Failed to find inherited parent asset Template_Crop_Item (BlockType) for Plant_Crop_Rice_Item
[2026/02/10 06:30:46   WARN]                [AssetStore|Item] Failed to find inherited parent asset Template_Crop_Item (BlockType) for Plant_Crop_Chilli_Item
[2026/02/10 06:30:46   WARN]                [AssetStore|Item] Failed to find inherited parent asset Template_Crop_Item (BlockType) for Plant_Crop_Cauliflower_Item
[2026/02/10 06:30:46   WARN]         [AssetStore|Interaction] Unused key(s) in '**Portal_Device_Interactions_Use_Interactions_0': Page.Config.GameplayConfig
[2026/02/10 06:30:46   WARN]         [AssetStore|Interaction] Unused key(s) in '**Teleporter_Interactions_Use_Interactions_0': Page.WarpNameWordList
[2026/02/10 06:30:46   WARN]           [AssetStore|BlockType] Unused key(s) in '*Prototype_Geyser_State_Definitions_Off': SoundEventId
[2026/02/10 06:30:46   WARN]           [AssetStore|BlockType] Unused key(s) in '*Prototype_Geyser_State_Definitions_On': SoundEventId
[2026/02/10 06:30:46   WARN]         [AssetStore|Interaction] Unused key(s) in '***Teleporter_State_Definitions_Active_Interactions_Use_Interactions_0': Page.WarpNameWordList
[2026/02/10 06:30:46   WARN]      [AssetStore|GameplayConfig] Unused key(s) in 'Default' file /Server/GameplayConfigs/Default.json: Ping
[2026/02/10 06:30:46   WARN]      [AssetStore|GameplayConfig] Unused key(s) in 'Default_Instance' file /Server/GameplayConfigs/Default_Instance.json: Death.LoseItems
[2026/02/10 06:30:46   INFO]              [HytaleGenerator|P] Loaded Settings asset.
[2026/02/10 06:30:46   INFO]            [AssetRegistryLoader] Took 4sec 517ms 549us 200ns to load all assets
[2026/02/10 06:30:46   INFO]                         [Hytale] Loading NPC assets phase...
[2026/02/10 06:30:46   INFO]                          [NPC|P] Starting to load NPC builders!
[2026/02/10 06:30:47   WARN]                          [NPC|P] Replacing asset 'Test_Patrol_Path' of file '/Server/NPC/Roles/_Core/Tests_Development/Test_Patrol_Path.json' with other file '/Server/NPC/Roles/_Core/Tests/Paths/Test_Patrol_Path.json'
[2026/02/10 06:30:48   INFO]                          [NPC|P] Validating loaded NPC configurations...
[2026/02/10 06:30:48   WARN]                          [NPC|P] Animation Eat does not exist for model Trillodon!
[2026/02/10 06:30:48   WARN]                          [NPC|P] Animation Curious does not exist for model Trillodon!
[2026/02/10 06:30:48   WARN]                          [NPC|P] Animation GreetAnimation does not exist for model Trillodon!
[2026/02/10 06:30:48   WARN]                          [NPC|P] Animation Eat does not exist for model Spark_Living!
[2026/02/10 06:30:48   WARN]                          [NPC|P] Animation Curious does not exist for model Spark_Living!
[2026/02/10 06:30:48   WARN]                          [NPC|P] Animation GreetAnimation does not exist for model Spark_Living!
[2026/02/10 06:30:48   WARN]                          [NPC|P] Animation GreetAnimation does not exist for model Tortoise!
[2026/02/10 06:30:48   WARN]                          [NPC|P] Animation Eat does not exist for model Lizard_Sand!
[2026/02/10 06:30:48   WARN]                          [NPC|P] Animation Curious does not exist for model Lizard_Sand!
[2026/02/10 06:30:48   WARN]                          [NPC|P] Animation GreetAnimation does not exist for model Lizard_Sand!
[2026/02/10 06:30:48   WARN]                          [NPC|P] Animation Wave does not exist for model Temple_Mithril_Guard!
[2026/02/10 06:30:48   WARN]                          [NPC|P] Animation Rally does not exist for model Outlander_Sorcerer!
[2026/02/10 06:30:48   WARN]                          [NPC|P] Animation Alerted does not exist for model Scarak_Broodmother!
[2026/02/10 06:30:48   WARN]                          [NPC|P] Animation Leap does not exist for model Goblin_Duke_Large!
[2026/02/10 06:30:48   WARN]                          [NPC|P] Animation Sleep does not exist for model Slug_Magma!
[2026/02/10 06:30:48   WARN]                          [NPC|P] Animation Alerted does not exist for model Slug_Magma!
[2026/02/10 06:30:48   WARN]                          [NPC|P] Animation Laydown does not exist for model Slug_Magma!
[2026/02/10 06:30:48   WARN]                          [NPC|P] Animation Wake does not exist for model Slug_Magma!
[2026/02/10 06:30:48   WARN]                          [NPC|P] Animation Eat does not exist for model Hatworm!
[2026/02/10 06:30:48   WARN]                          [NPC|P] Animation Curious does not exist for model Hatworm!
[2026/02/10 06:30:48   WARN]                          [NPC|P] Animation GreetAnimation does not exist for model Hatworm!
[2026/02/10 06:30:48   WARN]                          [NPC|P] Animation Leap does not exist for model Goblin_Duke!
[2026/02/10 06:30:48   WARN]                          [NPC|P] Animation Alerted does not exist for model Kweebec_Rootling!
[2026/02/10 06:30:48   WARN]                          [NPC|P] Animation Sleep does not exist for model Tuluk_Fisherman!
[2026/02/10 06:30:48   WARN]                          [NPC|P] Animation Alerted does not exist for model Tuluk_Fisherman!
[2026/02/10 06:30:48   WARN]                          [NPC|P] Animation Laydown does not exist for model Tuluk_Fisherman!
[2026/02/10 06:30:48   WARN]                          [NPC|P] Animation Wake does not exist for model Tuluk_Fisherman!
[2026/02/10 06:30:48   WARN]                          [NPC|P] Animation Alerted does not exist for model Scarak_Broodmother!
[2026/02/10 06:30:48   WARN]                          [NPC|P] Animation Wave does not exist for model Frog_Blue!
[2026/02/10 06:30:48   WARN]                          [NPC|P] Animation Wave does not exist for model Frog_Orange!
[2026/02/10 06:30:48   WARN]                          [NPC|P] Animation Alerted does not exist for model Scarak_Broodmother!
[2026/02/10 06:30:48   WARN]                          [NPC|P] Animation Leap does not exist for model Goblin_Duke!
[2026/02/10 06:30:48   WARN]                          [NPC|P] Animation Sleep does not exist for model Wraith_Lantern!
[2026/02/10 06:30:48   WARN]                          [NPC|P] Animation Alerted does not exist for model Wraith_Lantern!
[2026/02/10 06:30:48   WARN]                          [NPC|P] Animation Laydown does not exist for model Wraith_Lantern!
[2026/02/10 06:30:48   WARN]                          [NPC|P] Animation Wake does not exist for model Wraith_Lantern!
[2026/02/10 06:30:48   WARN]                          [NPC|P] Animation Rally does not exist for model Outlander_Priest!
[2026/02/10 06:30:48   INFO]                          [NPC|P] Validation complete.
[2026/02/10 06:30:48   INFO]                          [NPC|P] Loaded 897 NPC configurations, Test: 243, Component: 143, Abstract: 51, Variant: 418, Generic: 44
[2026/02/10 06:30:48   INFO]                         [Hytale] Loading NPC assets phase completed! Boot time 10sec 83ms 253us 400ns, Took 1sec 626ms 58us 200ns
[2026/02/10 06:30:48   INFO]                         [Hytale] Validating Spawn assets phase...
[2026/02/10 06:30:48   INFO]                         [Hytale] Spawn assets validation phase completed! Boot time 10sec 84ms 284us, Took 893us 200ns
[2026/02/10 06:30:48   INFO]                   [I18nModule|P] Loaded 7870 entries for 'en-US' from /Server/Languages
[2026/02/10 06:30:48   INFO]                   [I18nModule|P] Loaded 51 entries from /Server/Languages/fallback.lang
[2026/02/10 06:30:48   INFO]                   [HytaleServer] Starting plugin manager...
[2026/02/10 06:30:48   INFO]                  [PluginManager] Enabled plugin Hytale:WorldLocationCondition
[2026/02/10 06:30:48   INFO]                  [PluginManager] Enabled plugin Hytale:ServerManager
[2026/02/10 06:30:48   INFO]                  [PluginManager] Enabled plugin Hytale:SprintForce
[2026/02/10 06:30:48   INFO]                  [PluginManager] Enabled plugin Hytale:MigrationModule
[2026/02/10 06:30:48   INFO]                  [PluginManager] Enabled plugin Hytale:AssetModule
[2026/02/10 06:30:48   INFO]                  [PluginManager] Enabled plugin Hytale:ConsoleModule
[2026/02/10 06:30:48   INFO]                  [PluginManager] Enabled plugin Hytale:TimeModule
[2026/02/10 06:30:48   INFO]                  [PluginManager] Enabled plugin Hytale:CollisionModule
[2026/02/10 06:30:48   INFO]                  [PluginManager] Enabled plugin Hytale:DebugPlugin
[2026/02/10 06:30:48   INFO]                  [PluginManager] Enabled plugin Hytale:SplitVelocity
[2026/02/10 06:30:48   INFO]                  [PluginManager] Enabled plugin Hytale:Model
[2026/02/10 06:30:48   INFO]                  [PluginManager] Enabled plugin Hytale:CrouchSlide
[2026/02/10 06:30:48   INFO]                [ServerManager|P] Listening on /[0:0:0:0:0:0:0:0]:5520 and took 4ms 493us 600ns
[2026/02/10 06:30:48   INFO]                  [PluginManager] Enabled plugin Hytale:Universe
[2026/02/10 06:30:48   INFO]                  [PluginManager] Enabled plugin Hytale:TagSet
[2026/02/10 06:30:48   INFO]                [ServerManager|P] Listening on /0.0.0.0:5520 and took 1ms 946us 100ns
[2026/02/10 06:30:48   WARN]                   [UpdateModule] Update checker disabled: invalid folder layout. Expected to run from Server/ with Assets.zip and start.sh/bat in parent directory.
[2026/02/10 06:30:48   INFO]                  [PluginManager] Enabled plugin Hytale:UpdateModule
[2026/02/10 06:30:48   INFO]                [ServerManager|P] Listening on /[0:0:0:0:0:0:0:1]:5520 and took 3ms 328us 700ns
[2026/02/10 06:30:48   INFO]                  [PluginManager] Enabled plugin Hytale:AccessControlModule
[2026/02/10 06:30:48   INFO]                  [PluginManager] Enabled plugin Hytale:CommandMacro
[2026/02/10 06:30:48   INFO]                  [PluginManager] Enabled plugin Hytale:SafetyRoll
[2026/02/10 06:30:48   INFO]                  [PluginManager] Enabled plugin Hytale:HytaleGenerator
[2026/02/10 06:30:48   INFO]                  [PluginManager] Enabled plugin Hytale:ItemModule
[2026/02/10 06:30:48   INFO]                  [PluginManager] Enabled plugin Hytale:CommonAssetModule
[2026/02/10 06:30:48   INFO]                  [PluginManager] Enabled plugin Hytale:CosmeticsModule
[2026/02/10 06:30:48   INFO]                  [PluginManager] Enabled plugin Hytale:I18nModule
[2026/02/10 06:30:48   INFO]                  [PluginManager] Enabled plugin Hytale:LegacyModule
[2026/02/10 06:30:48   INFO]                  [PluginManager] Enabled plugin Hytale:LANDiscovery
[2026/02/10 06:30:48   INFO]                  [PluginManager] Enabled plugin Hytale:Mantling
[2026/02/10 06:30:48   INFO]                  [PluginManager] Enabled plugin Hytale:PermissionsModule
[2026/02/10 06:30:48   INFO]                  [PluginManager] Enabled plugin Hytale:Deployables
[2026/02/10 06:30:48   INFO]                  [PluginManager] Enabled plugin Hytale:BlockSetModule
[2026/02/10 06:30:48   INFO]                  [PluginManager] Enabled plugin Hytale:FlyCameraModule
[2026/02/10 06:30:48   INFO]                  [PluginManager] Enabled plugin Hytale:EntityModule
[2026/02/10 06:30:48   INFO]                  [PluginManager] Enabled plugin Hytale:BlockTick
[2026/02/10 06:30:48   INFO]                  [PluginManager] Enabled plugin Hytale:BlockHealthModule
[2026/02/10 06:30:48   INFO]                  [PluginManager] Enabled plugin Hytale:InteractionModule
[2026/02/10 06:30:48   INFO]                  [PluginManager] Enabled plugin Hytale:ServerPlayerListModule
[2026/02/10 06:30:48   INFO]                  [PluginManager] Enabled plugin Hytale:ConnectedBlocksModule
[2026/02/10 06:30:48   INFO]                  [PluginManager] Enabled plugin Hytale:BlockTypeModule
[2026/02/10 06:30:48   INFO]                  [PluginManager] Enabled plugin Hytale:BlockModule
[2026/02/10 06:30:48   INFO]                  [PluginManager] Enabled plugin Hytale:Weather
[2026/02/10 06:30:48   INFO]                  [PluginManager] Enabled plugin Hytale:Reputation
[2026/02/10 06:30:48   INFO]                  [PluginManager] Enabled plugin Hytale:Parkour
[2026/02/10 06:30:48   INFO]                  [PluginManager] Enabled plugin Hytale:ProjectileModule
[2026/02/10 06:30:48   INFO]                  [PluginManager] Enabled plugin Hytale:Teleport
[2026/02/10 06:30:48   INFO]                  [PluginManager] Enabled plugin Hytale:WorldGen
[2026/02/10 06:30:48   INFO]                  [PluginManager] Enabled plugin Hytale:BlockStateModule
[2026/02/10 06:30:48   INFO]                  [PluginManager] Enabled plugin Hytale:AssetEditor
[2026/02/10 06:30:48   INFO]                  [PluginManager] Enabled plugin Hytale:Ambience
[2026/02/10 06:30:48   INFO]                  [PluginManager] Enabled plugin Hytale:Teleporter
[2026/02/10 06:30:48   INFO]                  [PluginManager] Enabled plugin Hytale:BlockPhysics
[2026/02/10 06:30:48   INFO]                  [PluginManager] Enabled plugin Hytale:BuilderTools
[2026/02/10 06:30:48   INFO]                  [PluginManager] Enabled plugin Hytale:Farming
[2026/02/10 06:30:48   INFO]                  [PluginManager] Enabled plugin Hytale:Fluid
[2026/02/10 06:30:48   INFO]                [BarterShopState] Loaded barter shop state with 0 shops
[2026/02/10 06:30:48   INFO]                         [Shop|P] Barter shop state initialized
[2026/02/10 06:30:48   INFO]                  [PluginManager] Enabled plugin Hytale:Shop
[2026/02/10 06:30:48   INFO]                  [PluginManager] Enabled plugin Hytale:Crafting
[2026/02/10 06:30:48   INFO]                  [PluginManager] Enabled plugin Hytale:SingleplayerModule
[2026/02/10 06:30:48   INFO]                  [PluginManager] Enabled plugin Hytale:ShopReputation
[2026/02/10 06:30:48   INFO]                  [PluginManager] Enabled plugin Hytale:EntityStatsModule
[2026/02/10 06:30:48   INFO]                  [PluginManager] Enabled plugin Hytale:BlockSpawner
[2026/02/10 06:30:48   INFO]                  [PluginManager] Enabled plugin Hytale:PrefabSpawnerModule
[2026/02/10 06:30:48   INFO]                  [PluginManager] Enabled plugin Hytale:Instances
[2026/02/10 06:30:48   INFO]                  [PluginManager] Enabled plugin Hytale:Objectives
[2026/02/10 06:30:48   INFO]                  [PluginManager] Enabled plugin Hytale:Path
[2026/02/10 06:30:48   INFO]                  [PluginManager] Enabled plugin Hytale:EntityUIModule
[2026/02/10 06:30:48   INFO]                  [PluginManager] Enabled plugin Hytale:Stash
[2026/02/10 06:30:48   INFO]                  [PluginManager] Enabled plugin Hytale:StaminaModule
[2026/02/10 06:30:48   INFO]                  [PluginManager] Enabled plugin Hytale:ObjectiveShop
[2026/02/10 06:30:48   INFO]                  [PluginManager] Enabled plugin Hytale:ObjectiveReputation
[2026/02/10 06:30:48   INFO]                  [PluginManager] Enabled plugin Hytale:CreativeHub
[2026/02/10 06:30:48   INFO]                  [PluginManager] Enabled plugin Hytale:DamageModule
[2026/02/10 06:30:48   INFO]                  [PluginManager] Enabled plugin Hytale:Camera
[2026/02/10 06:30:48   INFO]                  [PluginManager] Enabled plugin Hytale:NPC
[2026/02/10 06:30:48   INFO]                  [PluginManager] Enabled plugin Hytale:Mounts
[2026/02/10 06:30:48   INFO]                  [PluginManager] Enabled plugin Hytale:Flock
[2026/02/10 06:30:48   INFO]                  [PluginManager] Enabled plugin Hytale:NPCEditor
[2026/02/10 06:30:48   INFO]                  [World|default] Loading world 'default' with generator type: 'HytaleWorldGenProvider{name='Default', path='null'}' and chunk storage: 'DefaultChunkStorageProvider{DEFAULT=IndexedStorageChunkStorageProvider{}}'...
[2026/02/10 06:30:48   INFO]                  [World|default] Added world 'default' - Seed: 1770609374184, GameTime: 0001-01-03T23:54:32.557795283Z
[2026/02/10 06:30:48   INFO]                  [PluginManager] Enabled plugin Hytale:Memories
[2026/02/10 06:30:48   INFO]                  [PluginManager] Enabled plugin Hytale:NPCShop
[2026/02/10 06:30:48   INFO]                  [PluginManager] Enabled plugin Hytale:Beds
[2026/02/10 06:30:48   INFO]                  [PluginManager] Enabled plugin Hytale:Portals
[2026/02/10 06:30:48   INFO]                  [PluginManager] Enabled plugin Hytale:NPCCombatActionEvaluator
[2026/02/10 06:30:48   INFO]                  [PluginManager] Enabled plugin Hytale:NPCReputation
[2026/02/10 06:30:48   INFO]                     [Spawning|P] Successfully set up 96 world spawn configurations
[2026/02/10 06:30:48   INFO]                     [Spawning|P] Successfully set up 75 beacon spawn configurations
[2026/02/10 06:30:48   INFO]                  [PluginManager] Enabled plugin Hytale:Spawning
[2026/02/10 06:30:48   INFO]                  [PluginManager] Enabled plugin Hytale:NPCObjectives
[2026/02/10 06:30:48   INFO]                   [HytaleServer] Plugin manager started! Startup time so far: 10sec 173ms 684us 200ns
[2026/02/10 06:30:48   INFO]                   [HytaleServer] Getting Hytale Universe ready...
[2026/02/10 06:30:48   INFO]                 [WorldGenerator] Set prefab-store to: ASSETS
[2026/02/10 06:30:49   INFO]                 [WorldGenerator] Initialized ChunkGenerator-0 executor
[2026/02/10 06:30:49   INFO]                 [WorldGenerator] Found location for unique zone 'Zone1_Spawn' -> Position: {-153, 127}, Score: 95.08%, Time: 1ms
[2026/02/10 06:30:49   INFO]                 [WorldGenerator] Found location for unique zone 'Zone1_Temple' -> Position: {-167, 376}, Score: 88.29%, Time: 1ms
[2026/02/10 06:30:50   INFO]                [World|default|M] Initializing world map generator: com.hypixel.hytale.server.worldgen.map.GeneratorChunkWorldMap@7535717e
[2026/02/10 06:30:50   INFO]                [World|default|M] Generating Points of Interest...
[2026/02/10 06:30:50   INFO]                [World|default|M] Finished Generating Points of Interest!
[2026/02/10 06:30:50   INFO]                     [Teleport|P] Loaded 0 warps (No warps.json found)
[2026/02/10 06:30:50   INFO]                   [HytaleServer] Universe ready!
[2026/02/10 06:30:50   INFO]                  [AssetModule|P] Total Loaded Assets: Interaction: 7186, RootInteraction: 5376, BlockType: 3953, Item: 3005, CraftingRecipe: 1643, ParticleSpawner: 1584, SoundEvent: 1161, ItemDropList: 728, ParticleSystem: 535, ModelAsset: 434, SpawnMarker: 243, BlockBoundingBoxes: 234, Condition: 228, ItemPlayerAnimations: 183, EntityEffect: 175, AmbienceFX: 167, TagPattern: 126, ResourceType: 124, Environment: 117, AssignmentsAsset: 111, ProjectileConfig: 111, WorldNPCSpawn: 96, AudioCategory: 94, CombatActionOption: 87, Weather: 86, Projectile: 86, PrefabListAsset: 77, BeaconNPCSpawn: 75, NPCGroup: 71, BiomeAsset: 69, Trail: 59, FlockAsset: 58, BlockSet: 56, BlockSoundSet: 53, CameraShake: 49, CameraEffect: 49, BalanceAsset: 48, BlockSpawnerTable: 46, BlockGroup: 43, ScriptedBrushAsset: 38, ItemSoundSet: 36, ModelVFX: 33, BlockParticleSet: 30, AttitudeGroup: 27, ReverbEffect: 22, ItemToolSpec: 17, Fluid: 15, DamageCause: 15, WorldStructureAsset: 14, EntityStatType: 13, BlockTypeListAsset: 12, ViewBobbing: 12, ResponseCurve: 12, ObjectiveAsset: 12, ItemQuality: 12, CustomConnectedBlockTemplateAsset: 11, BlockMigration: 11, DensityAsset: 9, MacroCommandBuilder: 8, PortalType: 5, GameplayConfig: 5, FluidFX: 5, BlockBreakingDecal: 4, ObjectiveLocationMarkerAsset: 4, GrowthModifierAsset: 4, ItemCategory: 4, UnarmedInteractions: 3, ItemReticleConfig: 3, MovementConfig: 3, SpawnSuppression: 3, EqualizerEffect: 3, EntityUIComponent: 2, SoundSet: 2, RepulsionConfig: 2, BarterShopAsset: 2, GameModeType: 2, HitboxCollisionConfig: 2, ObjectiveLineAsset: 2, SettingsAsset: 1, BuilderToolItemReferenceAsset: 1, WordList: 1, ReachLocationMarkerAsset: 1, FieldcraftCategory: 1, ItemAttitudeGroup: 1, PrefabEditorCreationSettings: 1, FarmingCoopAsset: 1, ReputationRank: 0, ReputationGroup: 0, ShopAsset: 0, DeployableSpawner: 0, BlockMaskAsset: 0
[2026/02/10 06:30:50   INFO]                   [HytaleServer] ===============================================================================================
[2026/02/10 06:30:50   INFO]                   [HytaleServer]          Hytale Server Booted! [Multiplayer] took 12sec 603ms 705us 100ns
[2026/02/10 06:30:50   INFO]                   [HytaleServer] ===============================================================================================
[2026/02/10 06:30:55   INFO]                  [QUICTransport] Received connection from QuicConnectionAddress{connId=} (/127.0.0.1:50416) to QuicConnectionAddress{connId=1bf60cfee49362babf3e96a8f51c582930d4f70e} (/0.0.0.0:5520)
[2026/02/10 06:30:55   INFO]                         [Hytale] Received stream QuicConnectionAddress{connId=1bf60cfee49362babf3e96a8f51c582930d4f70e} (/127.0.0.1:50416, streamId=0) to QuicConnectionAddress{connId=1bf60cfee49362babf3e96a8f51c582930d4f70e} (/0.0.0.0:5520, streamId=0)
[2026/02/10 06:30:55 FINEST]                    [LoginTiming] [{Initial(QuicConnectionAddress{connId=1bf60cfee49362babf3e96a8f51c582930d4f70e} (/127.0.0.1:50416, streamId=0))}] Entering stage 'initial'
[2026/02/10 06:30:55   FINE]                    [LoginTiming] [{Initial(QuicConnectionAddress{connId=1bf60cfee49362babf3e96a8f51c582930d4f70e} (/127.0.0.1:50416, streamId=0))}] Registered took 283us 100ns
[2026/02/10 06:30:55   FINE]                    [LoginTiming] [{Initial(QuicConnectionAddress{connId=1bf60cfee49362babf3e96a8f51c582930d4f70e} (/127.0.0.1:50416, streamId=0))}] Connect took 147ms 135us 400ns
[2026/02/10 06:30:55   INFO]                         [Hytale] Starting development flow for OFME (4c9340d7-46d4-4d07-a047-4709cc19480e) from QuicConnectionAddress{connId=1bf60cfee49362babf3e96a8f51c582930d4f70e} (/127.0.0.1:50416, streamId=0)
[2026/02/10 06:30:55   INFO]          [PasswordPacketHandler] Connection complete for OFME (4c9340d7-46d4-4d07-a047-4709cc19480e), transitioning to setup
[2026/02/10 06:30:55 FINEST]                    [LoginTiming] [{Setup(QuicConnectionAddress{connId=1bf60cfee49362babf3e96a8f51c582930d4f70e} (/127.0.0.1:50416, streamId=0)), OFME, 4c9340d7-46d4-4d07-a047-4709cc19480e, SECURE}] Entering stage 'setup:world-settings' took 2ms 93us 900ns
[2026/02/10 06:30:55   FINE]                    [LoginTiming] [{Setup(QuicConnectionAddress{connId=1bf60cfee49362babf3e96a8f51c582930d4f70e} (/127.0.0.1:50416, streamId=0)), OFME, 4c9340d7-46d4-4d07-a047-4709cc19480e, SECURE}] Load Player Config took 1ms 285us 600ns
[2026/02/10 06:30:55 FINEST]                    [LoginTiming] [{Setup(QuicConnectionAddress{connId=1bf60cfee49362babf3e96a8f51c582930d4f70e} (/127.0.0.1:50416, streamId=0)), OFME, 4c9340d7-46d4-4d07-a047-4709cc19480e, SECURE}] Entering stage 'setup:assets-request' took 52ms 107us 700ns
[2026/02/10 06:30:56   FINE]                    [LoginTiming] [{Setup(QuicConnectionAddress{connId=1bf60cfee49362babf3e96a8f51c582930d4f70e} (/127.0.0.1:50416, streamId=0)), OFME, 4c9340d7-46d4-4d07-a047-4709cc19480e, SECURE}] Request Assets took 136ms 83us 500ns
[2026/02/10 06:30:56 FINEST]                    [LoginTiming] [{Setup(QuicConnectionAddress{connId=1bf60cfee49362babf3e96a8f51c582930d4f70e} (/127.0.0.1:50416, streamId=0)), OFME, 4c9340d7-46d4-4d07-a047-4709cc19480e, SECURE}] Entering stage 'setup:send-assets' took 712us 300ns
[2026/02/10 06:30:56   FINE]                    [LoginTiming] [{Setup(QuicConnectionAddress{connId=1bf60cfee49362babf3e96a8f51c582930d4f70e} (/127.0.0.1:50416, streamId=0)), OFME, 4c9340d7-46d4-4d07-a047-4709cc19480e, SECURE}] Send Common Assets took 148us 800ns
[2026/02/10 06:30:56   WARN]                         [Hytale] Missing interaction Effect
[2026/02/10 06:30:56   FINE]                    [LoginTiming] [{Setup(QuicConnectionAddress{connId=1bf60cfee49362babf3e96a8f51c582930d4f70e} (/127.0.0.1:50416, streamId=0)), OFME, 4c9340d7-46d4-4d07-a047-4709cc19480e, SECURE}] Send Config Assets took 413ms 203us 700ns
[2026/02/10 06:30:58   FINE]                    [LoginTiming] [{Setup(QuicConnectionAddress{connId=1bf60cfee49362babf3e96a8f51c582930d4f70e} (/127.0.0.1:50416, streamId=0)), OFME, 4c9340d7-46d4-4d07-a047-4709cc19480e, SECURE}] Player Options took 1sec 715ms 888us
[2026/02/10 06:30:58   INFO]                     [Universe|P] Adding player 'OFME (4c9340d7-46d4-4d07-a047-4709cc19480e)
[2026/02/10 06:30:58 FINEST]                    [LoginTiming] [{Setup(QuicConnectionAddress{connId=1bf60cfee49362babf3e96a8f51c582930d4f70e} (/127.0.0.1:50416, streamId=0)), OFME, 4c9340d7-46d4-4d07-a047-4709cc19480e, SECURE}] Entering stage 'setup:add-to-universe' took 8ms 994us 200ns
[2026/02/10 06:30:58 FINEST]                    [LoginTiming] [{Setup(QuicConnectionAddress{connId=1bf60cfee49362babf3e96a8f51c582930d4f70e} (/127.0.0.1:50416, streamId=0)), OFME, 4c9340d7-46d4-4d07-a047-4709cc19480e, SECURE}] Load Player Config took 12ms 23us 400ns
[2026/02/10 06:30:58 FINEST]                    [LoginTiming] [{Playing(QuicConnectionAddress{connId=1bf60cfee49362babf3e96a8f51c582930d4f70e} (/127.0.0.1:50416, streamId=0)), 4c9340d7-46d4-4d07-a047-4709cc19480e, OFME}] Processed Referral took 2ms 182us 300ns
[2026/02/10 06:30:58   WARN]                         [Hytale] {Playing(QuicConnectionAddress{connId=1bf60cfee49362babf3e96a8f51c582930d4f70e} (/127.0.0.1:50416, streamId=0)), 4c9340d7-46d4-4d07-a047-4709cc19480e, OFME} Added future for ClientReady packet?
[2026/02/10 06:30:58   INFO]                  [World|default] Adding player 'OFME' to world 'default' at location null (4c9340d7-46d4-4d07-a047-4709cc19480e)
[2026/02/10 06:30:58   INFO]                         [Hytale] {Playing(QuicConnectionAddress{connId=1bf60cfee49362babf3e96a8f51c582930d4f70e} (/127.0.0.1:50416, streamId=0)), 4c9340d7-46d4-4d07-a047-4709cc19480e, OFME}: Sent com.hypixel.hytale.protocol.packets.player.JoinWorld@16190f81
[2026/02/10 06:30:58   WARN]                         [Hytale] {Playing(QuicConnectionAddress{connId=1bf60cfee49362babf3e96a8f51c582930d4f70e} (/127.0.0.1:50416, streamId=0)), 4c9340d7-46d4-4d07-a047-4709cc19480e, OFME}: Received com.hypixel.hytale.protocol.packets.player.ClientReady@9da7
[2026/02/10 06:30:58   INFO] [World|default] Player 'OFME' joined world 'default' at location Vector3d{x=-41.13796615600586, y=25.000099182128906, z=35.58774948120117} (4c9340d7-46d4-4d07-a047-4709cc19480e)
[2026/02/10 06:30:58 FINEST]   [LoginTiming] [{Playing(QuicConnectionAddress{connId=1bf60cfee49362babf3e96a8f51c582930d4f70e} (/127.0.0.1:50416, streamId=0)), 4c9340d7-46d4-4d07-a047-4709cc19480e, OFME}] Add to World took 519ms 140us 300ns
[2026/02/10 06:30:58   FINE]   [LoginTiming] [{Playing(QuicConnectionAddress{connId=1bf60cfee49362babf3e96a8f51c582930d4f70e} (/127.0.0.1:50416, streamId=0)), 4c9340d7-46d4-4d07-a047-4709cc19480e, OFME}] Add To Universe took 129us 700ns
[2026/02/10 06:30:58   INFO] [WorldMapTracker] Started Generating Map!
[2026/02/10 06:30:58   WARN]          [Entity] getPositionComponent called async [CONTEXT ratelimit_period="5 MINUTES" ]
java.lang.Throwable
	at com.hypixel.hytale.server.core.entity.Entity.getTransformComponent(Entity.java:278)
	at com.hypixel.hytale.server.core.universe.world.WorldMapTracker.tick(WorldMapTracker.java:138)
	at com.hypixel.hytale.server.core.universe.world.worldmap.WorldMapManager.tick(WorldMapManager.java:148)
	at com.hypixel.hytale.server.core.util.thread.TickingThread.run(TickingThread.java:89)
	at java.base/java.lang.Thread.run(Thread.java:1583)

[2026/02/10 06:30:58   WARN]   [World|default] Task took 72ms 264us 800ns ns: java.util.concurrent.CompletableFuture$UniApply@3d662780
[2026/02/10 06:30:59   WARN]   [World|default] Task took 40ms 370us 700ns ns: java.util.concurrent.CompletableFuture$AsyncSupply@bcb7ff7
[2026/02/10 06:31:01   WARN]      [Spawning|P] Removing NPC of type Bluegill due to overpopulation (expected: 1.292283, actual: 6)
[2026/02/10 06:31:02   WARN]          [Hytale] {Playing(QuicConnectionAddress{connId=1bf60cfee49362babf3e96a8f51c582930d4f70e} (/127.0.0.1:50416, streamId=0)), 4c9340d7-46d4-4d07-a047-4709cc19480e, OFME}: Received com.hypixel.hytale.protocol.packets.player.ClientReady@9da1
[2026/02/10 06:31:34   WARN]      [Spawning|P] Removing NPC of type Squirrel due to overpopulation (expected: 2.251123, actual: 7)
[2026/02/10 06:32:16 SEVERE]          [Hytale] Missing replacement interactions for interaction: ***Shield_Block_Next_Next_Next for var Shield_Block_Damage on item ItemStack{itemId=Weapon_Sword_Steel_Incandescent, quantity=1, maxDurability=80.0, durability=80.0, metadata=null} [CONTEXT ratelimit_period="1 MINUTES" ]
[2026/02/10 06:41:23   WARN]      [Spawning|P] Marker 684e10dc-15b3-3ad5-a2e5-4f186a79c05a at Vector3d{x=227.27026600341793, y=64.00080738525385, z=399.6868769042969} removed due to repeated spawning fails of Goblin_Scrapper with reason: NO_ROOM
[2026/02/10 06:41:28 SEVERE]   [World|default] Took too long to run pre-load process hook for chunk: 79ms 149us 400ns > TICK_STEP, Has GC Run: true, WorldChunk{x=25, z=18, flags=00000000000000000000000000000100}, Hook: com.hypixel.hytale.builtin.fluid.FluidPlugin$$Lambda/0x000001a896aa6440@234dfc8e
[2026/02/10 06:41:28 SEVERE]   [World|default] Took too long to run pre-load process hook for chunk: 44ms 575us 200ns > TICK_STEP, WorldChunk{x=26, z=16, flags=00000000000000000000000000000100}, Hook: com.hypixel.hytale.server.core.modules.block.BlockModule$$Lambda/0x000001a8969ebf88@6067e7c1
[2026/02/10 06:41:28   WARN]      [Spawning|P] Marker 3e8527dc-c80f-332a-9097-f73a001c45e9 at Vector3d{x=352.7633819580078, y=38.000099182128906, z=286.7242126464844} removed due to repeated spawning fails of Skeleton_Incandescent_Fighter with reason: TOO_HIGH
[2026/02/10 06:41:28   WARN]      [Spawning|P] Marker 60bd3b30-9175-3207-baf0-8c15ec44e797 at Vector3d{x=357.1457061767578, y=41.099143981933594, z=282.361328125} removed due to repeated spawning fails of Skeleton_Incandescent_Mage with reason: TOO_HIGH
[2026/02/10 06:41:29   WARN]      [Spawning|P] Marker fb5cd833-902f-3db6-84dc-e1420f5c1b99 at Vector3d{x=349.2440185546875, y=69.0, z=399.34925842285156} removed due to repeated spawning fails of Goblin_Lobber with reason: NO_ROOM
[2026/02/10 06:41:31 SEVERE]   [World|default] Took too long to run pre-load process hook for chunk: 50ms 210us 100ns > TICK_STEP, Has GC Run: true, WorldChunk{x=22, z=22, flags=00000000000000000000000000000100}, Hook: com.hypixel.hytale.builtin.blocktick.BlockTickPlugin$$Lambda/0x000001a896920000@33239d72
[2026/02/10 06:41:31 SEVERE]   [World|default] Took too long to run pre-load process hook for chunk: 88ms 287us 900ns > TICK_STEP, WorldChunk{x=23, z=22, flags=00000000000000000000000000000100}, Hook: com.hypixel.hytale.server.core.modules.block.BlockModule$$Lambda/0x000001a8969ebf88@6067e7c1
[2026/02/10 06:41:31 SEVERE]      [ChunkStore] Took too long to pre-load process chunk: 43ms 570us 800ns > TICK_STEP, Has GC Run: false, WorldChunk{x=24, z=21, flags=00000000000000000000000000000100}
[2026/02/10 06:41:31 SEVERE]   [World|default] Took too long to run pre-load process hook for chunk: 50ms 233us > TICK_STEP, WorldChunk{x=25, z=19, flags=00000000000000000000000000000100}, Hook: com.hypixel.hytale.server.core.modules.block.BlockModule$$Lambda/0x000001a8969ebf88@6067e7c1
[2026/02/10 06:41:31 SEVERE]   [World|default] Took too long to run pre-load process hook for chunk: 89ms 792us 300ns > TICK_STEP, WorldChunk{x=22, z=23, flags=00000000000000000000000000000100}, Hook: com.hypixel.hytale.server.core.modules.block.BlockModule$$Lambda/0x000001a8969ebf88@6067e7c1
[2026/02/10 06:41:45   WARN]      [Spawning|P] Marker 27514811-807b-32f2-bc52-ecf10aa04a64 at Vector3d{x=274.9767379760742, y=36.0, z=464.9926471710205} removed due to repeated spawning fails of Skeleton_Incandescent_Mage with reason: NO_ROOM
[2026/02/10 06:41:46   WARN]      [Spawning|P] Marker 93dde60b-f167-3f09-8809-58b6523dd25f at Vector3d{x=365.59423769531213, y=36.81916809082031, z=425.0809631103516} removed due to repeated spawning fails of Golem_Firesteel with reason: NO_ROOM
[2026/02/10 06:42:02   WARN]      [Spawning|P] Marker b649d3d1-9cba-3c52-902d-6f2c34428bc4 at Vector3d{x=402.1457061767578, y=41.099143981933594, z=424.361328125} removed due to repeated spawning fails of Skeleton_Incandescent_Mage with reason: TOO_HIGH
[2026/02/10 06:42:02 SEVERE]   [World|default] Took too long to run pre-load process hook for chunk: 51ms 60us 100ns > TICK_STEP, Has GC Run: true, WorldChunk{x=17, z=32, flags=00000000000000000000000000000100}, Hook: com.hypixel.hytale.builtin.blocktick.BlockTickPlugin$$Lambda/0x000001a896920000@33239d72
[2026/02/10 06:42:03 SEVERE]   [World|default] Took too long to run pre-load process hook for chunk: 512ms 998us 700ns > TICK_STEP, Has GC Run: true, WorldChunk{x=19, z=31, flags=00000000000000000000000000000100}, Hook: com.hypixel.hytale.builtin.fluid.FluidPlugin$$Lambda/0x000001a896aa6440@234dfc8e
[2026/02/10 06:42:13   WARN]      [Spawning|P] Marker 899f8f29-6a8e-3d6d-925b-f9a4801476f6 at Vector3d{x=429.8570098876953, y=37.0, z=361.02877044677734} removed due to repeated spawning fails of Skeleton_Incandescent_Fighter with reason: NO_ROOM
[2026/02/10 06:42:19   WARN]      [Spawning|P] Marker 624b5f16-5959-32ab-ac5f-dbfd9d23aee9 at Vector3d{x=199.7633819580078, y=38.000099182128906, z=626.7242126464844} removed due to repeated spawning fails of Skeleton_Incandescent_Fighter with reason: TOO_HIGH
[2026/02/10 06:42:19   WARN]      [Spawning|P] Marker a7b4fdfe-1ada-365b-a590-3edbf67fda3b at Vector3d{x=204.1457061767578, y=41.099143981933594, z=622.361328125} removed due to repeated spawning fails of Skeleton_Incandescent_Mage with reason: TOO_HIGH
[2026/02/10 06:42:19   WARN]      [Spawning|P] Marker 4ead93d7-5108-33d8-a2a7-127f47597627 at Vector3d{x=305.1457061767578, y=41.099143981933594, z=584.361328125} removed due to repeated spawning fails of Skeleton_Incandescent_Mage with reason: TOO_HIGH
[2026/02/10 06:42:19   WARN]      [Spawning|P] Marker 7a0163c0-1596-3538-bb91-734ba47cd68f at Vector3d{x=251.59423769531213, y=36.81916809082031, z=606.0809631103516} removed due to repeated spawning fails of Golem_Firesteel with reason: TOO_HIGH
[2026/02/10 06:42:19   WARN]      [Spawning|P] Marker a0ac85ec-2239-3c98-95b5-1a87f6afb98b at Vector3d{x=465.92050552368164, y=37.0, z=412.01558113098145} removed due to repeated spawning fails of Golem_Firesteel with reason: NO_ROOM
[2026/02/10 06:42:25   WARN]      [Spawning|P] Marker 08745fea-d8d6-30eb-aaab-e26399281d3c at Vector3d{x=419.59423769531213, y=36.81916809082031, z=558.0809631103516} removed due to repeated spawning fails of Golem_Firesteel with reason: TOO_HIGH
[2026/02/10 06:42:32   WARN]      [Spawning|P] Marker 527f1724-0803-3668-bcee-6191276fcef1 at Vector3d{x=353.7633819580078, y=38.000099182128906, z=631.7242126464844} removed due to repeated spawning fails of Skeleton_Incandescent_Fighter with reason: TOO_HIGH
[2026/02/10 06:42:32   WARN]      [Spawning|P] Marker 1258855d-7955-309d-b181-ecb1eefd13c4 at Vector3d{x=162.12530517578125, y=34.0, z=647.5892915725708} removed due to repeated spawning fails of Skeleton_Incandescent_Fighter with reason: TOO_HIGH
[2026/02/10 06:42:32   WARN]      [Spawning|P] Marker 6b5b5748-1982-3c2c-95a8-ecb58a434793 at Vector3d{x=285.8570098876953, y=37.0, z=667.0287704467773} removed due to repeated spawning fails of Skeleton_Incandescent_Fighter with reason: TOO_HIGH
[2026/02/10 06:42:32   WARN]      [Spawning|P] Marker 9caa70b8-896e-32cc-b4c8-8f63b36cd49c at Vector3d{x=358.1457061767578, y=41.099143981933594, z=627.361328125} removed due to repeated spawning fails of Skeleton_Incandescent_Mage with reason: TOO_HIGH
[2026/02/10 06:42:44 SEVERE]          [Hytale] Missing replacement interactions for interaction: **Weapon_Shortbow_Primary_Shoot_Charge_Next_1.2_Failed for var No_Ammo_Effects on item ItemStack{itemId=Weapon_Shortbow_Crude, quantity=1, maxDurability=80.0, durability=45.56000000000003, metadata=null} [CONTEXT ratelimit_period="1 MINUTES [skipped: 10]" ]
[2026/02/10 06:43:07 SEVERE]   [World|default] Took too long to run pre-load process hook for chunk: 74ms 686us 200ns > TICK_STEP, Has GC Run: true, WorldChunk{x=25, z=31, flags=00000000000000000000000000000100}, Hook: com.hypixel.hytale.builtin.fluid.FluidPlugin$$Lambda/0x000001a896aa6440@234dfc8e
[2026/02/10 06:43:08 SEVERE]   [World|default] Took too long to run pre-load process hook for chunk: 433ms 473us 400ns > TICK_STEP, WorldChunk{x=23, z=33, flags=00000000000000000000000000000100}, Hook: com.hypixel.hytale.builtin.fluid.FluidPlugin$$Lambda/0x000001a896aa6440@234dfc8e
[2026/02/10 06:43:09   WARN]      [Spawning|P] Marker 5370a12d-9461-31a1-bc9d-de65f3b2ffbb at Vector3d{x=473.92050552368164, y=37.0, z=623.0155811309814} removed due to repeated spawning fails of Golem_Firesteel with reason: NO_ROOM
[2026/02/10 06:43:09   WARN]      [Spawning|P] Marker b3109845-9b11-3c58-9774-79ee85d748a7 at Vector3d{x=270.3287048339844, y=65.15721130371094, z=720.0991942882538} removed due to repeated spawning fails of Goblin_Miner with reason: NO_ROOM
[2026/02/10 06:43:09   WARN]      [Spawning|P] Marker 833ace59-7cdd-301f-9c5b-e2740ca0c59c at Vector3d{x=412.40791364746093, y=60.00038184814457, z=649.4215224365234} removed due to repeated spawning fails of Goblin_Lobber with reason: TOO_HIGH
[2026/02/10 06:43:17   WARN]      [Spawning|P] Removing NPC of type Salmon due to overpopulation (expected: 0.575000, actual: 7)
[2026/02/10 06:43:17 SEVERE]      [ChunkStore] Took too long to pre-load process chunk: 35ms 482us 600ns > TICK_STEP, Has GC Run: true, WorldChunk{x=31, z=2, flags=00000000000000000000000000000100}
[2026/02/10 06:43:17 SEVERE]   [World|default] Took too long to run pre-load process hook for chunk: 38ms 506us 600ns > TICK_STEP, Has GC Run: true, WorldChunk{x=31, z=26, flags=00000000000000000000000000000100}, Hook: com.hypixel.hytale.builtin.fluid.FluidPlugin$$Lambda/0x000001a896aa6440@234dfc8e
[2026/02/10 06:43:18   WARN]      [Spawning|P] Removing NPC of type Salmon due to overpopulation (expected: 0.575000, actual: 6)
[2026/02/10 06:43:18 SEVERE]   [World|default] Took too long to run pre-load process hook for chunk: 40ms 565us 100ns > TICK_STEP, Has GC Run: true, WorldChunk{x=31, z=25, flags=00000000000000000000000000000100}, Hook: com.hypixel.hytale.server.core.modules.block.BlockModule$$Lambda/0x000001a8969ebf88@6067e7c1
[2026/02/10 06:43:18 SEVERE]   [World|default] Took too long to run pre-load process hook for chunk: 83ms 165us 200ns > TICK_STEP, WorldChunk{x=32, z=5, flags=00000000000000000000000000000100}, Hook: com.hypixel.hytale.builtin.fluid.FluidPlugin$$Lambda/0x000001a896aa6440@234dfc8e
[2026/02/10 06:43:18 SEVERE]   [World|default] Took too long to run pre-load process hook for chunk: 77ms 874us 500ns > TICK_STEP, WorldChunk{x=23, z=35, flags=00000000000000000000000000000100}, Hook: com.hypixel.hytale.server.core.modules.block.BlockModule$$Lambda/0x000001a8969ebf88@6067e7c1
[2026/02/10 06:43:18 SEVERE]   [World|default] Took too long to run pre-load process hook for chunk: 33ms 501us 500ns > TICK_STEP, WorldChunk{x=32, z=24, flags=00000000000000000000000000000100}, Hook: com.hypixel.hytale.builtin.blocktick.BlockTickPlugin$$Lambda/0x000001a896920000@33239d72
[2026/02/10 06:43:18 SEVERE]   [World|default] Took too long to run pre-load process hook for chunk: 59ms 145us 300ns > TICK_STEP, WorldChunk{x=32, z=22, flags=00000000000000000000000000000100}, Hook: com.hypixel.hytale.server.core.modules.block.BlockModule$$Lambda/0x000001a8969ebf88@6067e7c1
[2026/02/10 06:43:18   WARN]      [Spawning|P] Removing NPC of type Salmon due to overpopulation (expected: 0.575000, actual: 5)
[2026/02/10 06:43:18 SEVERE]   [World|default] Took too long to run pre-load process hook for chunk: 49ms 555us 300ns > TICK_STEP, WorldChunk{x=32, z=23, flags=00000000000000000000000000000100}, Hook: com.hypixel.hytale.server.core.modules.block.BlockModule$$Lambda/0x000001a8969ebf88@6067e7c1
[2026/02/10 06:43:18 SEVERE]      [ChunkStore] Took too long to pre-load process chunk: 33ms 363us 700ns > TICK_STEP, Has GC Run: false, WorldChunk{x=33, z=7, flags=00000000000000000000000000000100}
[2026/02/10 06:43:18 SEVERE]      [ChunkStore] Took too long to pre-load process chunk: 34ms 760us 500ns > TICK_STEP, Has GC Run: false, WorldChunk{x=30, z=28, flags=00000000000000000000000000000100}
[2026/02/10 06:43:19   WARN]      [Spawning|P] Removing NPC of type Shark_Hammerhead due to overpopulation (expected: 0.028267, actual: 6)
[2026/02/10 06:43:19   WARN]      [Spawning|P] Marker 1382184a-e62b-340a-8798-83cc07180778 at Vector3d{x=506.92050552368164, y=37.0, z=661.0155811309814} removed due to repeated spawning fails of Golem_Firesteel with reason: NO_ROOM
[2026/02/10 06:43:19   WARN]      [Spawning|P] Marker 9eb8aee0-d612-3c15-b56f-e507f38bc6bf at Vector3d{x=372.8570098876953, y=37.0, z=711.0287704467773} removed due to repeated spawning fails of Skeleton_Incandescent_Fighter with reason: NO_ROOM
[2026/02/10 06:43:19   WARN]      [Spawning|P] Removing NPC of type Shark_Hammerhead due to overpopulation (expected: 0.028267, actual: 5)
[2026/02/10 06:43:19 SEVERE]   [World|default] Took too long to run pre-load process hook for chunk: 42ms 274us 900ns > TICK_STEP, WorldChunk{x=13, z=39, flags=00000000000000000000000000000100}, Hook: com.hypixel.hytale.server.core.modules.block.BlockModule$$Lambda/0x000001a8969ebf88@6067e7c1
[2026/02/10 06:43:25 SEVERE]   [World|default] Took too long to run pre-load process hook for chunk: 61ms 214us 700ns > TICK_STEP, Has GC Run: true, WorldChunk{x=22, z=37, flags=00000000000000000000000000000100}, Hook: com.hypixel.hytale.server.core.modules.block.BlockModule$$Lambda/0x000001a8969ebf88@6067e7c1
[2026/02/10 06:43:26   WARN]      [Spawning|P] Removing NPC of type Shark_Hammerhead due to overpopulation (expected: 0.071449, actual: 6)
[2026/02/10 06:43:26   WARN]      [Spawning|P] Removing NPC of type Shark_Hammerhead due to overpopulation (expected: 0.071449, actual: 5)
[2026/02/10 06:43:52   INFO]          [Hytale] BreakBlockInteraction requires a Player but was used for: Ref{store=class com.hypixel.hytale.component.Store@438745574, index=14} [CONTEXT ratelimit_period="5 MINUTES" ]
[2026/02/10 06:44:17   WARN]      [Spawning|P] Marker 83e41f59-3922-3872-aace-84129b36b344 at Vector3d{x=412.59423769531213, y=36.81916809082031, z=822.0809631103516} removed due to repeated spawning fails of Golem_Firesteel with reason: NO_ROOM
[2026/02/10 06:44:17   WARN]      [Spawning|P] Removing NPC of type Shark_Hammerhead due to overpopulation (expected: 0.079332, actual: 6)
[2026/02/10 06:44:18   WARN]      [Spawning|P] Removing NPC of type Shark_Hammerhead due to overpopulation (expected: 0.079332, actual: 5)
[2026/02/10 06:44:37   WARN]      [Spawning|P] Marker fcf66c3a-a79f-3280-a3ff-2be7c5396e93 at Vector3d{x=554.1495132446289, y=69.6944808959961, z=770.1027870178223} removed due to repeated spawning fails of Goblin_Scrapper with reason: NO_ROOM
[2026/02/10 06:44:39 SEVERE]   [World|default] Took too long to run pre-load process hook for chunk: 58ms 499us 300ns > TICK_STEP, WorldChunk{x=38, z=14, flags=00000000000000000000000000000100}, Hook: com.hypixel.hytale.server.core.modules.block.BlockModule$$Lambda/0x000001a8969ebf88@6067e7c1
[2026/02/10 06:44:39 SEVERE]   [World|default] Took too long to run pre-load process hook for chunk: 57ms 50us 600ns > TICK_STEP, Has GC Run: true, WorldChunk{x=38, z=12, flags=00000000000000000000000000000100}, Hook: com.hypixel.hytale.builtin.blocktick.BlockTickPlugin$$Lambda/0x000001a896920000@33239d72
[2026/02/10 06:44:48 SEVERE]   [World|default] Took too long to run pre-load process hook for chunk: 37ms 547us 200ns > TICK_STEP, Has GC Run: true, WorldChunk{x=36, z=31, flags=00000000000000000000000000000100}, Hook: com.hypixel.hytale.builtin.fluid.FluidPlugin$$Lambda/0x000001a896aa6440@234dfc8e
[2026/02/10 06:44:49 SEVERE]   [World|default] Took too long to run pre-load process hook for chunk: 69ms 405us 700ns > TICK_STEP, WorldChunk{x=40, z=17, flags=00000000000000000000000000000100}, Hook: com.hypixel.hytale.server.core.modules.block.BlockModule$$Lambda/0x000001a8969ebf88@6067e7c1
[2026/02/10 06:45:26   WARN]      [Spawning|P] Marker 515743ba-215e-349e-8458-77d6ff8e6d61 at Vector3d{x=711.5942376953121, y=36.81916809082031, z=809.0809631103516} removed due to repeated spawning fails of Golem_Firesteel with reason: NO_ROOM
[2026/02/10 06:45:27 SEVERE]   [World|default] Took too long to run pre-load process hook for chunk: 113ms 38us 800ns > TICK_STEP, Has GC Run: true, WorldChunk{x=9, z=44, flags=00000000000000000000000000000100}, Hook: com.hypixel.hytale.builtin.fluid.FluidPlugin$$Lambda/0x000001a896aa6440@234dfc8e
[2026/02/10 06:45:38   WARN]      [Spawning|P] Marker 1b54e234-3cae-3676-ab40-ddbaa2408c10 at Vector3d{x=650.7860565185547, y=42.0, z=908.8982963562012} removed due to repeated spawning fails of Skeleton_Incandescent_Mage with reason: NO_ROOM
[2026/02/10 06:45:53   WARN]      [Spawning|P] Marker 635111ba-5288-3f8e-adb4-c79b7083bd4e at Vector3d{x=529.5906567871094, y=64.99942705078125, z=935.3564664306641} removed due to repeated spawning fails of Goblin_Lobber with reason: NO_ROOM
[2026/02/10 06:46:15   WARN]      [Spawning|P] Marker c2252c6a-dc73-30d2-95b5-2074da4ba274 at Vector3d{x=361.92050552368164, y=37.0, z=900.0155811309814} removed due to repeated spawning fails of Golem_Firesteel with reason: NO_ROOM
[2026/02/10 06:46:16   WARN]      [Spawning|P] Marker d965d717-bdf2-35b1-8e3a-d8628a165670 at Vector3d{x=314.1457061767578, y=41.099143981933594, z=834.361328125} removed due to repeated spawning fails of Skeleton_Incandescent_Mage with reason: TOO_HIGH
[2026/02/10 06:46:25   WARN]      [Spawning|P] Marker 57c961d6-a611-3750-a8d5-d3644007d140 at Vector3d{x=402.3287048339844, y=65.15721130371094, z=988.0991942882538} removed due to repeated spawning fails of Goblin_Miner with reason: NO_ROOM
[2026/02/10 06:46:25   WARN]      [Spawning|P] Marker 85815c78-15f1-3e73-a830-f579e309f542 at Vector3d{x=477.8570098876953, y=37.0, z=969.0287704467773} removed due to repeated spawning fails of Skeleton_Incandescent_Fighter with reason: TOO_HIGH
[2026/02/10 06:46:25   WARN]      [Spawning|P] Marker 7523509d-406c-340f-a561-f014915a7096 at Vector3d{x=569.4944915771484, y=42.0, z=976.0977878570557} removed due to repeated spawning fails of Skeleton_Incandescent_Mage with reason: TOO_HIGH
[2026/02/10 06:46:26 SEVERE]   [World|default] Took too long to run pre-load process hook for chunk: 233ms 440us 800ns > TICK_STEP, Has GC Run: true, WorldChunk{x=-5, z=39, flags=00000000000000000000000000000100}, Hook: com.hypixel.hytale.builtin.fluid.FluidPlugin$$Lambda/0x000001a896aa6440@234dfc8e
[2026/02/10 06:46:33   WARN]      [Spawning|P] Marker 2586b836-0be4-3a9e-ac08-29cdd139fd13 at Vector3d{x=222.8570098876953, y=37.0, z=799.0287704467773} removed due to repeated spawning fails of Skeleton_Incandescent_Fighter with reason: NO_ROOM
[2026/02/10 06:46:33   WARN]      [Spawning|P] Marker e52c3012-521b-31af-8810-521bd4578e75 at Vector3d{x=306.1457061767578, y=41.099143981933594, z=976.361328125} removed due to repeated spawning fails of Skeleton_Incandescent_Mage with reason: TOO_HIGH
[2026/02/10 06:46:33   WARN]      [Spawning|P] Marker 15adf9ef-cdd1-3634-ab9c-9a3d242d0124 at Vector3d{x=572.8570098876953, y=37.0, z=1006.0287704467773} removed due to repeated spawning fails of Skeleton_Incandescent_Fighter with reason: TOO_HIGH
[2026/02/10 06:46:33   WARN]      [Spawning|P] Marker d331b8a6-4755-3948-bf45-3fe3ed094cfd at Vector3d{x=359.3287048339844, y=65.15721130371094, z=1008.0991942882538} removed due to repeated spawning fails of Goblin_Miner with reason: TOO_HIGH
[2026/02/10 06:46:34 SEVERE]   [World|default] Took too long to run pre-load process hook for chunk: 106ms 277us > TICK_STEP, Has GC Run: true, WorldChunk{x=-2, z=43, flags=00000000000000000000000000000100}, Hook: com.hypixel.hytale.server.core.modules.block.BlockModule$$Lambda/0x000001a8969ebf88@6067e7c1
[2026/02/10 06:46:46   WARN]      [Spawning|P] Marker 4f968198-6e8c-32e0-bf18-bbd056e6f77d at Vector3d{x=321.8570098876953, y=37.0, z=1015.0287704467773} removed due to repeated spawning fails of Skeleton_Incandescent_Fighter with reason: NO_ROOM
[2026/02/10 06:46:46   WARN]      [Spawning|P] Marker 65089c01-461b-393b-b8cd-43eb4f56446f at Vector3d{x=231.97673797607422, y=36.0, z=914.9926471710205} removed due to repeated spawning fails of Skeleton_Incandescent_Mage with reason: TOO_HIGH
[2026/02/10 06:46:46 SEVERE]      [ChunkStore] Took too long to pre-load process chunk: 33ms 611us 600ns > TICK_STEP, Has GC Run: true, WorldChunk{x=-5, z=41, flags=00000000000000000000000000000100}
[2026/02/10 06:46:47 SEVERE]   [World|default] Took too long to run pre-load process hook for chunk: 35ms 317us 700ns > TICK_STEP, WorldChunk{x=3, z=47, flags=00000000000000000000000000000100}, Hook: com.hypixel.hytale.server.core.modules.block.BlockModule$$Lambda/0x000001a8969ebf88@6067e7c1
[2026/02/10 06:46:47 SEVERE]      [ChunkStore] Took too long to pre-load process chunk: 36ms 100us 800ns > TICK_STEP, Has GC Run: true, WorldChunk{x=-1, z=45, flags=00000000000000000000000000000100}
[2026/02/10 06:46:55   WARN]      [Spawning|P] Marker f968f167-48b4-3035-b2d0-f9f2922693b7 at Vector3d{x=471.57203674316406, y=32.0, z=1060.8974418640137} removed due to repeated spawning fails of Skeleton_Incandescent_Fighter with reason: TOO_HIGH
[2026/02/10 06:46:55   WARN]      [Spawning|P] Marker 57556778-2571-37d9-9f37-c58d23c9d4b3 at Vector3d{x=476.49449157714844, y=42.0, z=1072.0977878570557} removed due to repeated spawning fails of Skeleton_Incandescent_Mage with reason: TOO_HIGH
[2026/02/10 06:46:55   WARN]      [Spawning|P] Marker b2cfb0e6-e7ca-36ce-aa5a-62f9583c08f4 at Vector3d{x=609.4078037963867, y=61.00064376220698, z=1017.5414897216798} removed due to repeated spawning fails of Goblin_Scrapper with reason: NO_ROOM
[2026/02/10 06:46:56 SEVERE]   [World|default] Took too long to run pre-load process hook for chunk: 49ms 21us 900ns > TICK_STEP, WorldChunk{x=22, z=48, flags=00000000000000000000000000000100}, Hook: com.hypixel.hytale.server.core.modules.block.BlockModule$$Lambda/0x000001a8969ebf88@6067e7c1
[2026/02/10 06:46:56 SEVERE]      [ChunkStore] Took too long to pre-load process chunk: 33ms 778us 300ns > TICK_STEP, Has GC Run: true, WorldChunk{x=21, z=49, flags=00000000000000000000000000000100}
[2026/02/10 06:47:19   WARN]      [Spawning|P] Marker 7c032eb0-8bf1-3ca1-b77a-591d8de8fe18 at Vector3d{x=485.8570098876953, y=37.0, z=1099.0287704467773} removed due to repeated spawning fails of Skeleton_Incandescent_Fighter with reason: NO_ROOM
[2026/02/10 06:47:22   WARN]      [Spawning|P] Marker 79990160-8a11-327f-b228-04be7d016190 at Vector3d{x=755.3093662261963, y=34.0, z=905.6553001403809} removed due to repeated spawning fails of Skeleton_Incandescent_Head with reason: NO_ROOM
[2026/02/10 06:47:22   WARN]      [Spawning|P] Marker 297d2aff-a7c3-3a97-804a-b57941db91a9 at Vector3d{x=767.8570098876953, y=37.0, z=867.0287704467773} removed due to repeated spawning fails of Skeleton_Incandescent_Fighter with reason: NO_ROOM
[2026/02/10 06:47:32   WARN]      [Spawning|P] Marker 32cf0d2e-c319-385e-a497-fa3b99f70420 at Vector3d{x=719.8570098876953, y=37.0, z=1069.0287704467773} removed due to repeated spawning fails of Skeleton_Incandescent_Fighter with reason: NO_ROOM
[2026/02/10 06:47:32   WARN]      [Spawning|P] Marker 11b05401-6674-3264-9c4e-9b3f1e2b9a91 at Vector3d{x=614.0300159454346, y=56.0, z=1133.8509006500244} removed due to repeated spawning fails of Goblin_Scrapper with reason: NO_ROOM
[2026/02/10 06:47:32 SEVERE]   [World|default] Took too long to run pre-load process hook for chunk: 50ms 357us 100ns > TICK_STEP, Has GC Run: true, WorldChunk{x=-2, z=45, flags=00000000000000000000000000000100}, Hook: com.hypixel.hytale.builtin.blocktick.BlockTickPlugin$$Lambda/0x000001a896920000@33239d72
[2026/02/10 06:47:32 SEVERE]      [ChunkStore] Took too long to pre-load process chunk: 33ms 908us 600ns > TICK_STEP, Has GC Run: false, WorldChunk{x=-3, z=44, flags=00000000000000000000000000000100}
[2026/02/10 06:47:43   WARN]      [Spawning|P] Marker 23d6cb6f-1668-34c2-bfd3-612ffbc4cd25 at Vector3d{x=556.9205055236816, y=37.0, z=1157.0155811309814} removed due to repeated spawning fails of Golem_Firesteel with reason: NO_ROOM
[2026/02/10 06:47:54   WARN]      [Spawning|P] Marker d42b5fab-8d32-3972-93e4-1bc1bbbbf791 at Vector3d{x=384.8570098876953, y=37.0, z=1199.0287704467773} removed due to repeated spawning fails of Skeleton_Incandescent_Fighter with reason: NO_ROOM
[2026/02/10 06:47:54   WARN]      [Spawning|P] Marker 5ed84a94-8c7e-350c-b94d-db58fc0a1937 at Vector3d{x=419.9618377685547, y=37.0, z=1202.068214416504} removed due to repeated spawning fails of Skeleton_Incandescent_Fighter with reason: TOO_HIGH
[2026/02/10 06:47:55   WARN]      [Spawning|P] Marker f29c03c4-2739-3e9b-9651-d041ba39b55e at Vector3d{x=736.2128295898438, y=89.0, z=1087.5537719726562} removed due to repeated spawning fails of Skeleton_Fighter_Patrol with reason: NO_ROOM
[2026/02/10 06:48:00   WARN]      [Spawning|P] Marker e26554c0-56a7-30f3-bc89-a3b46445f2ff at Vector3d{x=272.8570098876953, y=37.0, z=1099.0287704467773} removed due to repeated spawning fails of Skeleton_Incandescent_Fighter with reason: NO_ROOM
[2026/02/10 06:48:00   WARN]      [Spawning|P] Marker ddbadbca-77e3-3b5b-b3de-d908eddfd225 at Vector3d{x=579.8570098876953, y=37.0, z=1221.0287704467773} removed due to repeated spawning fails of Skeleton_Incandescent_Fighter with reason: NO_ROOM
[2026/02/10 06:48:00 SEVERE]   [World|default] Took too long to run pre-load process hook for chunk: 39ms 126us 600ns > TICK_STEP, Has GC Run: true, WorldChunk{x=25, z=54, flags=00000000000000000000000000000100}, Hook: com.hypixel.hytale.server.core.modules.block.BlockModule$$Lambda/0x000001a8969ebf88@6067e7c1
[2026/02/10 06:48:05   WARN]      [Spawning|P] Marker 1f470424-7334-358a-8541-537fd2b031d5 at Vector3d{x=430.8570098876953, y=37.0, z=1261.0287704467773} removed due to repeated spawning fails of Skeleton_Incandescent_Fighter with reason: NO_ROOM
[2026/02/10 06:48:05   WARN]      [Spawning|P] Marker 34260292-4402-3dc5-9381-23a5ff086cfe at Vector3d{x=703.8586208007812, y=104.15624018554682, z=1199.8084407470703} removed due to repeated spawning fails of Dungeon_Scarak_Fighter with reason: NO_ROOM
[2026/02/10 06:48:06 SEVERE]      [ChunkStore] Took too long to pre-load process chunk: 35ms 273us 100ns > TICK_STEP, Has GC Run: true, WorldChunk{x=-6, z=46, flags=00000000000000000000000000000100}
[2026/02/10 06:48:11   WARN]      [Spawning|P] Marker 7d7a15f6-1cab-3a18-8124-d76684aa93cb at Vector3d{x=776.8525538444519, y=35.0, z=1080.3782539367676} removed due to repeated spawning fails of Skeleton_Incandescent_Fighter with reason: NO_ROOM
[2026/02/10 06:48:12 SEVERE]   [World|default] Took too long to run pre-load process hook for chunk: 60ms 591us 400ns > TICK_STEP, Has GC Run: true, WorldChunk{x=40, z=38, flags=00000000000000000000000000000100}, Hook: com.hypixel.hytale.server.core.modules.block.BlockModule$$Lambda/0x000001a8969ebf88@6067e7c1
[2026/02/10 06:48:12 SEVERE]   [World|default] Took too long to run pre-load process hook for chunk: 524ms 607us 600ns > TICK_STEP, Has GC Run: true, WorldChunk{x=38, z=43, flags=00000000000000000000000000000100}, Hook: com.hypixel.hytale.builtin.fluid.FluidPlugin$$Lambda/0x000001a896aa6440@234dfc8e
[2026/02/10 06:48:18   WARN]      [Spawning|P] Marker 6269c2de-d839-38ae-b7a5-401c29dcb3de at Vector3d{x=558.0963678359985, y=31.0, z=1313.9834213256836} removed due to repeated spawning fails of Skeleton_Incandescent_Head with reason: TOO_HIGH
[2026/02/10 06:48:18   WARN]      [Spawning|P] Marker 429d21f0-0984-34ff-9697-b0764c056dc4 at Vector3d{x=575.8570098876953, y=37.0, z=1313.0287704467773} removed due to repeated spawning fails of Skeleton_Incandescent_Fighter with reason: NO_ROOM
[2026/02/10 06:48:23   WARN]      [Spawning|P] Marker bf0ebe1d-4fa1-3204-96a8-81a45ce53224 at Vector3d{x=362.9618377685547, y=37.0, z=1315.068214416504} removed due to repeated spawning fails of Skeleton_Incandescent_Fighter with reason: TOO_HIGH
[2026/02/10 06:48:23   WARN]      [Spawning|P] Marker 1dda3c52-c30f-39a4-90bd-fd165eba5a02 at Vector3d{x=569.8570098876953, y=37.0, z=1360.0287704467773} removed due to repeated spawning fails of Skeleton_Incandescent_Fighter with reason: TOO_HIGH
[2026/02/10 06:48:24 SEVERE]   [World|default] Took too long to run pre-load process hook for chunk: 61ms 513us 800ns > TICK_STEP, Has GC Run: true, WorldChunk{x=37, z=49, flags=00000000000000000000000000000100}, Hook: com.hypixel.hytale.builtin.fluid.FluidPlugin$$Lambda/0x000001a896aa6440@234dfc8e
[2026/02/10 06:48:58   WARN]      [Spawning|P] Marker 8a0eca65-b7b1-3899-aaed-5c310bec1e95 at Vector3d{x=362.8570098876953, y=37.0, z=1359.0287704467773} removed due to repeated spawning fails of Skeleton_Incandescent_Fighter with reason: TOO_HIGH
[2026/02/10 06:48:58   WARN]      [Spawning|P] Marker b388588a-9c47-3c61-8e9e-b5e11c556f37 at Vector3d{x=773.4944915771484, y=42.0, z=1167.0977878570557} removed due to repeated spawning fails of Skeleton_Incandescent_Mage with reason: TOO_HIGH
[2026/02/10 06:49:19   WARN]      [Spawning|P] Marker b96d501d-9638-3fd9-abe3-0bfa000bff23 at Vector3d{x=718.8570098876953, y=37.0, z=1351.0287704467773} removed due to repeated spawning fails of Skeleton_Incandescent_Fighter with reason: NO_ROOM
[2026/02/10 06:49:19   WARN]      [Spawning|P] Marker 4cf332da-bef7-3bf9-b698-943f9bc3c2a0 at Vector3d{x=427.8570098876953, y=37.0, z=1417.0287704467773} removed due to repeated spawning fails of Skeleton_Incandescent_Fighter with reason: NO_ROOM
[2026/02/10 06:49:19   WARN]      [Spawning|P] Marker ecf5b4dd-afcd-3ebd-8ad5-56cd75c0f6e7 at Vector3d{x=332.7620849609375, y=76.00038697509765, z=1349.1592102050781} removed due to repeated spawning fails of Skeleton_Soldier with reason: NO_ROOM
[2026/02/10 06:49:20   WARN]   [World|default] Task took 35ms 100us 700ns ns: java.util.concurrent.CompletableFuture$AsyncSupply@170d365f
[2026/02/10 06:49:23 SEVERE]   [World|default] Took too long to run pre-load process hook for chunk: 1sec 993ms 871us 500ns > TICK_STEP, Has GC Run: true, WorldChunk{x=14, z=61, flags=00000000000000000000000000000100}, Hook: com.hypixel.hytale.builtin.fluid.FluidPlugin$$Lambda/0x000001a896aa6440@234dfc8e
[2026/02/10 06:49:24   WARN]      [Spawning|P] Marker 9b3df6f1-a2f1-388e-b96b-28ec50cd035d at Vector3d{x=578.8570098876953, y=37.0, z=1463.0287704467773} removed due to repeated spawning fails of Skeleton_Incandescent_Fighter with reason: NO_ROOM
[2026/02/10 06:49:24   WARN]      [Spawning|P] Marker 4950c294-8817-38fc-be08-d19e9f344559 at Vector3d{x=361.7860565185547, y=42.0, z=1415.8982963562012} removed due to repeated spawning fails of Skeleton_Incandescent_Mage with reason: TOO_HIGH
[2026/02/10 06:49:45   WARN]      [Spawning|P] Marker bdcc0d6d-0cf9-37b8-ab97-cd19380fa655 at Vector3d{x=324.9767379760742, y=36.0, z=1418.9926471710205} removed due to repeated spawning fails of Skeleton_Incandescent_Mage with reason: NO_ROOM
[2026/02/10 06:49:52   WARN]      [Spawning|P] Marker be63953d-08a7-3aae-869e-9f9ebeb299dd at Vector3d{x=213.46379165039053, y=75.00030260009764, z=1249.8693232910157} removed due to repeated spawning fails of Skeleton_Fighter with reason: NO_ROOM
[2026/02/10 06:49:56 SEVERE]   [World|default] Took too long to run pre-load process hook for chunk: 36ms 207us 100ns > TICK_STEP, Has GC Run: true, WorldChunk{x=-2, z=59, flags=00000000000000000000000000000100}, Hook: com.hypixel.hytale.server.core.modules.block.BlockModule$$Lambda/0x000001a8969ebf88@6067e7c1
[2026/02/10 06:50:06   WARN]      [Spawning|P] Marker d194a24e-966a-3523-bdc4-62c13c275b85 at Vector3d{x=236.12766606445308, y=57.00120716552733, z=1412.1128719726562} removed due to repeated spawning fails of Skeleton_Archmage with reason: NO_ROOM
[2026/02/10 06:50:06   WARN]      [Spawning|P] Marker 9549d551-4a87-3140-90e1-90bfe30ac9be at Vector3d{x=234.44406127929665, y=77.00391341552734, z=1133.7768089355468} removed due to repeated spawning fails of Skeleton_Ranger with reason: NO_ROOM
[2026/02/10 06:50:11   WARN]      [Spawning|P] Marker 23ac8d36-0923-3323-8bf7-bc009563d833 at Vector3d{x=221.8570098876953, y=37.0, z=1111.0287704467773} removed due to repeated spawning fails of Skeleton_Incandescent_Fighter with reason: NO_ROOM
[2026/02/10 06:50:16   WARN]      [Spawning|P] Marker 48cdb663-2dd0-3710-8781-b0f6cb626a91 at Vector3d{x=151.12530517578125, y=34.0, z=1306.5892915725708} removed due to repeated spawning fails of Skeleton_Incandescent_Fighter with reason: TOO_HIGH
[2026/02/10 06:50:16   WARN]      [Spawning|P] Marker ca5c06e0-69b1-3b60-9d02-933bffa57e71 at Vector3d{x=174.9618377685547, y=37.0, z=1115.068214416504} removed due to repeated spawning fails of Skeleton_Incandescent_Fighter with reason: TOO_HIGH
[2026/02/10 06:50:17 SEVERE]   [World|default] Took too long to run pre-load process hook for chunk: 49ms 665us > TICK_STEP, Has GC Run: true, WorldChunk{x=-7, z=56, flags=00000000000000000000000000000100}, Hook: com.hypixel.hytale.server.core.modules.block.BlockModule$$Lambda/0x000001a8969ebf88@6067e7c1
[2026/02/10 06:50:28   WARN]      [Spawning|P] Marker e507571d-ca3f-3454-a966-97437a18f311 at Vector3d{x=171.8570098876953, y=37.0, z=1067.0287704467773} removed due to repeated spawning fails of Skeleton_Incandescent_Fighter with reason: NO_ROOM
[2026/02/10 06:50:28   WARN]      [Spawning|P] Marker 13a924ba-787d-32e2-9e28-0ede4ff0089b at Vector3d{x=139.61725791015624, y=59.001197644042946, z=1131.6739815429687} removed due to repeated spawning fails of Skeleton_Knight with reason: NO_ROOM
[2026/02/10 06:50:30   WARN]      [Spawning|P] Removing NPC of type Boar due to overpopulation (expected: 1.487273, actual: 6)
[2026/02/10 06:50:36   WARN]      [Spawning|P] Marker 1f556bbf-894e-3b7c-9219-4e851d2819a1 at Vector3d{x=108.49449157714844, y=42.0, z=1169.0977878570557} removed due to repeated spawning fails of Skeleton_Incandescent_Mage with reason: TOO_HIGH
[2026/02/10 06:50:38   WARN]      [Spawning|P] Marker db803924-620c-381a-aa8d-547914da0fba at Vector3d{x=193.8525538444519, y=35.0, z=1015.3782539367676} removed due to repeated spawning fails of Skeleton_Incandescent_Fighter with reason: TOO_HIGH
[2026/02/10 06:50:43   INFO] [PrefabPathSystems$AddOrRemove] Migrating path marker from path Kweebec_Camp_Bath_001~2 to use new UUID 24e78b7d-99a1-3894-b219-b1b787f0b598
[2026/02/10 06:50:43   WARN]                    [Spawning|P] Marker 34ecaa94-5de1-31f8-85d7-f21b97f51564 at Vector3d{x=140.9066162109375, y=117.73054504394531, z=1002.8566513061523} removed due to repeated spawning fails of Kweebec_Sproutling_Patrol with reason: NO_ROOM
[2026/02/10 06:50:49 SEVERE]                        [Hytale] Missing replacement interactions for interaction: *NPC_Attack_Melee_Simple_Next for var Melee_Selector on item null [CONTEXT ratelimit_period="1 MINUTES [skipped: 1]" ]
[2026/02/10 06:51:03   WARN]                    [Spawning|P] NPCEntity despawning due to lost marker: Ref{store=class com.hypixel.hytale.component.Store@438745574, index=329}
[2026/02/10 06:51:05   WARN]                 [World|default] Task took 34ms 603us 200ns ns: java.util.concurrent.CompletableFuture$UniCompose@4db02e0f
[2026/02/10 06:51:27   WARN]                    [Spawning|P] Removing NPC of type Bunny due to overpopulation (expected: 4.297657, actual: 10)
[2026/02/10 06:51:36   WARN]                    [Spawning|P] Removing NPC of type Bunny due to overpopulation (expected: 3.902646, actual: 9)
[2026/02/10 06:51:37   WARN]                    [Spawning|P] Removing NPC of type Boar due to overpopulation (expected: 7.805292, actual: 14)
[2026/02/10 06:55:53   WARN]                    [Spawning|P] Removing NPC of type Spider due to overpopulation (expected: 2.235942, actual: 7)
[2026/02/10 06:55:59   WARN]                    [Spawning|P] Removing NPC of type Boar due to overpopulation (expected: 9.218971, actual: 16)
[2026/02/10 06:56:01   WARN]                    [Spawning|P] Removing NPC of type Spider due to overpopulation (expected: 2.362228, actual: 8)
[2026/02/10 06:56:03   WARN]                    [Spawning|P] Removing NPC of type Trout_Rainbow due to overpopulation (expected: 4.724456, actual: 10)
[2026/02/10 06:56:05   WARN]                    [Spawning|P] Removing NPC of type Spider due to overpopulation (expected: 2.295954, actual: 7)
[2026/02/10 06:56:14   WARN]                    [Spawning|P] Removing NPC of type Catfish due to overpopulation (expected: 4.275328, actual: 10)
[2026/02/10 06:58:02 SEVERE]                        [Hytale] Missing replacement interactions for interaction: *NPC_Attack_Melee_Simple_Next for var Melee_Selector on item null [CONTEXT ratelimit_period="1 MINUTES [skipped: 4]" ]
[2026/02/10 07:00:04   WARN]                    [Spawning|P] Removing NPC of type Boar due to overpopulation (expected: 8.471274, actual: 16)
[2026/02/10 07:00:06   WARN]                    [Spawning|P] Removing NPC of type Boar due to overpopulation (expected: 8.471274, actual: 15)
[2026/02/10 07:00:08 SEVERE]                        [Hytale] Missing replacement interactions for interaction: **Goblin_Scrapper_Swing_Right_Selector_HitEntity_Interactions_0 for var Melee_Damage on item ItemStack{itemId=Weapon_Club_Scrap, quantity=1, maxDurability=45.0, durability=45.0, metadata=null} [CONTEXT ratelimit_period="1 MINUTES" ]
[2026/02/10 07:08:45   WARN]                    [Spawning|P] Removing NPC of type Trout_Rainbow due to overpopulation (expected: 3.188551, actual: 8)
[2026/02/10 07:08:46   WARN]                    [Spawning|P] Removing NPC of type Catfish due to overpopulation (expected: 3.188551, actual: 8)
[2026/02/10 07:12:44   WARN]                    [Spawning|P] Removing NPC of type Squirrel due to overpopulation (expected: 2.366543, actual: 7)
[2026/02/10 07:13:04   WARN]                    [Spawning|P] Removing NPC of type Cow due to overpopulation (expected: 3.942839, actual: 9)
[2026/02/10 07:14:05   WARN]                    [Spawning|P] Removing NPC of type Rabbit due to overpopulation (expected: 2.112447, actual: 7)
[2026/02/10 07:15:08 SEVERE]                        [Hytale] Missing replacement interactions for interaction: ***Shield_Block_Next_Next_Next for var Shield_Block_Damage on item ItemStack{itemId=Weapon_Sword_Steel_Incandescent, quantity=1, maxDurability=80.0, durability=80.0, metadata=null} [CONTEXT ratelimit_period="1 MINUTES" ]
[2026/02/10 07:16:51   WARN]          [ProcessingBenchState] No FuelDropItemId defined for Furnace fuel value of 0.0 will be lost!
[2026/02/10 07:22:45   WARN] [EntityTrackerSystems$SendPackets] Removed 1 invalid updates for removed entities.
[2026/02/10 07:23:38   WARN] [EntityTrackerSystems$SendPackets] Removed 1 invalid updates for removed entities.
[2026/02/10 07:24:34   WARN]                    [Spawning|P] Removing NPC of type Boar due to overpopulation (expected: 7.136546, actual: 13)
[2026/02/10 07:24:46   WARN]                    [Spawning|P] Removing NPC of type Sheep due to overpopulation (expected: 3.186373, actual: 8)
[2026/02/10 07:25:09   WARN]                    [Spawning|P] Removing NPC of type Boar due to overpopulation (expected: 7.996881, actual: 15)
[2026/02/10 07:25:10   WARN]                    [Spawning|P] Removing NPC of type Boar due to overpopulation (expected: 7.996881, actual: 14)
[2026/02/10 07:27:14 SEVERE]                        [Hytale] Missing replacement interactions for interaction: ***Shield_Block_Next_Next_Next for var Shield_Block_Damage on item ItemStack{itemId=Weapon_Sword_Steel_Incandescent, quantity=1, maxDurability=80.0, durability=80.0, metadata=null} [CONTEXT ratelimit_period="1 MINUTES [skipped: 1]" ]
[2026/02/10 07:29:14   WARN]                    [Spawning|P] Removing NPC of type Crow due to overpopulation (expected: 0.724426, actual: 5)
[2026/02/10 07:29:58   WARN]                    [Spawning|P] Removing NPC of type Snake_Marsh due to overpopulation (expected: 0.063167, actual: 5)
[2026/02/10 07:30:13   WARN]                 [World|default] Task took 38ms 636us 600ns ns: java.util.concurrent.CompletableFuture$UniApply@6aea7d97
[2026/02/10 07:30:25   WARN]                    [Spawning|P] Removing NPC of type Bunny due to overpopulation (expected: 4.135135, actual: 10)
[2026/02/10 07:32:00   INFO]                 [QUICTransport] Received connection from QuicConnectionAddress{connId=} (/25.9.60.222:51123) to QuicConnectionAddress{connId=392fb8fb8df4b1987d4c7da8af09b263a524f6f1} (/0.0.0.0:5520)
[2026/02/10 07:32:01   INFO]                        [Hytale] Received stream QuicConnectionAddress{connId=392fb8fb8df4b1987d4c7da8af09b263a524f6f1} (/25.9.60.222:51123, streamId=0) to QuicConnectionAddress{connId=392fb8fb8df4b1987d4c7da8af09b263a524f6f1} (/0.0.0.0:5520, streamId=0)
[2026/02/10 07:32:01 FINEST]                   [LoginTiming] [{Initial(QuicConnectionAddress{connId=392fb8fb8df4b1987d4c7da8af09b263a524f6f1} (/25.9.60.222:51123, streamId=0))}] Entering stage 'initial'
[2026/02/10 07:32:01   FINE]                   [LoginTiming] [{Initial(QuicConnectionAddress{connId=392fb8fb8df4b1987d4c7da8af09b263a524f6f1} (/25.9.60.222:51123, streamId=0))}] Registered took 150us 300ns
[2026/02/10 07:32:01   FINE]                   [LoginTiming] [{Initial(QuicConnectionAddress{connId=392fb8fb8df4b1987d4c7da8af09b263a524f6f1} (/25.9.60.222:51123, streamId=0))}] Connect took 806us 400ns
[2026/02/10 07:32:01   INFO]                        [Hytale] Starting development flow for xeNdok (93e8a8ed-d443-47a7-be67-97277b9ef260) from QuicConnectionAddress{connId=392fb8fb8df4b1987d4c7da8af09b263a524f6f1} (/25.9.60.222:51123, streamId=0)
[2026/02/10 07:32:01   INFO]         [PasswordPacketHandler] Connection complete for xeNdok (93e8a8ed-d443-47a7-be67-97277b9ef260), transitioning to setup
[2026/02/10 07:32:01 FINEST]                   [LoginTiming] [{Setup(QuicConnectionAddress{connId=392fb8fb8df4b1987d4c7da8af09b263a524f6f1} (/25.9.60.222:51123, streamId=0)), xeNdok, 93e8a8ed-d443-47a7-be67-97277b9ef260, SECURE}] Entering stage 'setup:world-settings' took 1ms 765us
[2026/02/10 07:32:01   FINE]                   [LoginTiming] [{Setup(QuicConnectionAddress{connId=392fb8fb8df4b1987d4c7da8af09b263a524f6f1} (/25.9.60.222:51123, streamId=0)), xeNdok, 93e8a8ed-d443-47a7-be67-97277b9ef260, SECURE}] Load Player Config took 591us 900ns
[2026/02/10 07:32:01 FINEST]                   [LoginTiming] [{Setup(QuicConnectionAddress{connId=392fb8fb8df4b1987d4c7da8af09b263a524f6f1} (/25.9.60.222:51123, streamId=0)), xeNdok, 93e8a8ed-d443-47a7-be67-97277b9ef260, SECURE}] Entering stage 'setup:assets-request' took 53ms 901us 500ns
[2026/02/10 07:32:01   FINE]                   [LoginTiming] [{Setup(QuicConnectionAddress{connId=392fb8fb8df4b1987d4c7da8af09b263a524f6f1} (/25.9.60.222:51123, streamId=0)), xeNdok, 93e8a8ed-d443-47a7-be67-97277b9ef260, SECURE}] Request Assets took 179ms 803us 500ns
[2026/02/10 07:32:01 FINEST]                   [LoginTiming] [{Setup(QuicConnectionAddress{connId=392fb8fb8df4b1987d4c7da8af09b263a524f6f1} (/25.9.60.222:51123, streamId=0)), xeNdok, 93e8a8ed-d443-47a7-be67-97277b9ef260, SECURE}] Entering stage 'setup:send-assets' took 208us 300ns
[2026/02/10 07:32:01   FINE]                   [LoginTiming] [{Setup(QuicConnectionAddress{connId=392fb8fb8df4b1987d4c7da8af09b263a524f6f1} (/25.9.60.222:51123, streamId=0)), xeNdok, 93e8a8ed-d443-47a7-be67-97277b9ef260, SECURE}] Send Common Assets took 204us 700ns
[2026/02/10 07:32:02   FINE]                   [LoginTiming] [{Setup(QuicConnectionAddress{connId=392fb8fb8df4b1987d4c7da8af09b263a524f6f1} (/25.9.60.222:51123, streamId=0)), xeNdok, 93e8a8ed-d443-47a7-be67-97277b9ef260, SECURE}] Send Config Assets took 382ms 406us 800ns
[2026/02/10 07:32:03   FINE]                   [LoginTiming] [{Setup(QuicConnectionAddress{connId=392fb8fb8df4b1987d4c7da8af09b263a524f6f1} (/25.9.60.222:51123, streamId=0)), xeNdok, 93e8a8ed-d443-47a7-be67-97277b9ef260, SECURE}] Player Options took 1sec 760ms 230us 100ns
[2026/02/10 07:32:03   INFO]                    [Universe|P] Adding player 'xeNdok (93e8a8ed-d443-47a7-be67-97277b9ef260)
[2026/02/10 07:32:03 FINEST]                   [LoginTiming] [{Setup(QuicConnectionAddress{connId=392fb8fb8df4b1987d4c7da8af09b263a524f6f1} (/25.9.60.222:51123, streamId=0)), xeNdok, 93e8a8ed-d443-47a7-be67-97277b9ef260, SECURE}] Entering stage 'setup:add-to-universe' took 2ms 702us 900ns
[2026/02/10 07:32:03 FINEST]                   [LoginTiming] [{Setup(QuicConnectionAddress{connId=392fb8fb8df4b1987d4c7da8af09b263a524f6f1} (/25.9.60.222:51123, streamId=0)), xeNdok, 93e8a8ed-d443-47a7-be67-97277b9ef260, SECURE}] Load Player Config took 3ms 542us 800ns
[2026/02/10 07:32:03 FINEST]                   [LoginTiming] [{Playing(QuicConnectionAddress{connId=392fb8fb8df4b1987d4c7da8af09b263a524f6f1} (/25.9.60.222:51123, streamId=0)), 93e8a8ed-d443-47a7-be67-97277b9ef260, xeNdok}] Processed Referral took 1ms 968us 700ns
[2026/02/10 07:32:03   WARN]                        [Hytale] {Playing(QuicConnectionAddress{connId=392fb8fb8df4b1987d4c7da8af09b263a524f6f1} (/25.9.60.222:51123, streamId=0)), 93e8a8ed-d443-47a7-be67-97277b9ef260, xeNdok} Added future for ClientReady packet?
[2026/02/10 07:32:03   INFO]                 [World|default] Adding player 'xeNdok' to world 'default' at location null (93e8a8ed-d443-47a7-be67-97277b9ef260)
[2026/02/10 07:32:03   INFO]                        [Hytale] {Playing(QuicConnectionAddress{connId=392fb8fb8df4b1987d4c7da8af09b263a524f6f1} (/25.9.60.222:51123, streamId=0)), 93e8a8ed-d443-47a7-be67-97277b9ef260, xeNdok}: Sent com.hypixel.hytale.protocol.packets.player.JoinWorld@16190f81
[2026/02/10 07:32:04   WARN]                        [Hytale] {Playing(QuicConnectionAddress{connId=392fb8fb8df4b1987d4c7da8af09b263a524f6f1} (/25.9.60.222:51123, streamId=0)), 93e8a8ed-d443-47a7-be67-97277b9ef260, xeNdok}: Received com.hypixel.hytale.protocol.packets.player.ClientReady@9da7
[2026/02/10 07:32:04   INFO]                 [World|default] Player 'xeNdok' joined world 'default' at location Vector3d{x=-112.02547454833984, y=115.0, z=-22.59710693359375} (93e8a8ed-d443-47a7-be67-97277b9ef260)
[2026/02/10 07:32:04 FINEST]                   [LoginTiming] [{Playing(QuicConnectionAddress{connId=392fb8fb8df4b1987d4c7da8af09b263a524f6f1} (/25.9.60.222:51123, streamId=0)), 93e8a8ed-d443-47a7-be67-97277b9ef260, xeNdok}] Add to World took 506ms 431us
[2026/02/10 07:32:04   FINE]                   [LoginTiming] [{Playing(QuicConnectionAddress{connId=392fb8fb8df4b1987d4c7da8af09b263a524f6f1} (/25.9.60.222:51123, streamId=0)), 93e8a8ed-d443-47a7-be67-97277b9ef260, xeNdok}] Add To Universe took 87us 200ns
[2026/02/10 07:32:04   INFO]               [WorldMapTracker] Started Generating Map!
[2026/02/10 07:32:04   WARN]                        [Entity] getPositionComponent called async [CONTEXT ratelimit_period="5 MINUTES" ]
java.lang.Throwable
	at com.hypixel.hytale.server.core.entity.Entity.getTransformComponent(Entity.java:278)
	at com.hypixel.hytale.server.core.universe.world.WorldMapTracker.tick(WorldMapTracker.java:138)
	at com.hypixel.hytale.server.core.universe.world.worldmap.WorldMapManager.tick(WorldMapManager.java:148)
	at com.hypixel.hytale.server.core.util.thread.TickingThread.run(TickingThread.java:89)
	at java.base/java.lang.Thread.run(Thread.java:1583)

[2026/02/10 07:32:11   WARN]                        [Hytale] {Playing(QuicConnectionAddress{connId=392fb8fb8df4b1987d4c7da8af09b263a524f6f1} (/25.9.60.222:51123, streamId=0)), 93e8a8ed-d443-47a7-be67-97277b9ef260, xeNdok}: Received com.hypixel.hytale.protocol.packets.player.ClientReady@9da1
[2026/02/10 07:32:12   WARN]                    [Spawning|P] Removing NPC of type Fox due to overpopulation (expected: 2.570237, actual: 8)
[2026/02/10 07:32:15   WARN]                    [Spawning|P] Removing NPC of type Skeleton_Fighter_Wander due to overpopulation (expected: 0.570570, actual: 5)
[2026/02/10 07:36:04   WARN]                    [Spawning|P] Removing NPC of type Sparrow due to overpopulation (expected: 2.389562, actual: 7)
[2026/02/10 07:36:58   WARN]                    [Spawning|P] Removing NPC of type Skeleton_Fighter_Wander due to overpopulation (expected: 0.656394, actual: 5)
[2026/02/10 07:37:03 SEVERE]                        [Hytale] Missing replacement interactions for interaction: ***Shield_Block_Next_Next_Next for var Shield_Block_Damage on item ItemStack{itemId=Weapon_Sword_Steel_Incandescent, quantity=1, maxDurability=80.0, durability=80.0, metadata=null} [CONTEXT ratelimit_period="1 MINUTES [skipped: 1]" ]
[2026/02/10 07:38:41   INFO]                [CommandManager] xeNdok executed command: tp home
[2026/02/10 07:42:55   WARN]                        [Entity] OFME, 4c9340d7-46d4-4d07-a047-4709cc19480e: Jump in location in processMovementBlockCollisions 99.64725225873875
[2026/02/10 07:42:55   WARN]                        [Entity] OFME, 4c9340d7-46d4-4d07-a047-4709cc19480e: Jump in location in processMovementBlockCollisions 99.64725356303603
[2026/02/10 07:43:17   WARN]                    [Spawning|P] Removing NPC of type Tetrabird due to overpopulation (expected: 2.396955, actual: 7)
[2026/02/10 07:44:21 SEVERE]                        [Hytale] Missing replacement interactions for interaction: *NPC_Attack_Melee_Simple_Next for var Melee_Selector on item null [CONTEXT ratelimit_period="1 MINUTES [skipped: 3]" ]
[2026/02/10 07:44:58   INFO]                        [Hytale] BreakBlockInteraction requires a Player but was used for: Ref{store=class com.hypixel.hytale.component.Store@438745574, index=464} [CONTEXT ratelimit_period="5 MINUTES [skipped: 3]" ]
[2026/02/10 07:45:04   WARN]                    [Spawning|P] Removing NPC of type Raven due to overpopulation (expected: 0.014743, actual: 6)
[2026/02/10 07:45:05   WARN]                    [Spawning|P] Removing NPC of type Raven due to overpopulation (expected: 0.014743, actual: 5)
[2026/02/10 07:45:19   WARN]                    [Spawning|P] Marker 2addaae7-c0eb-3001-9404-6576669704f0 at Vector3d{x=-19.142990112304688, y=37.0, z=-488.97122955322266} removed due to repeated spawning fails of Skeleton_Incandescent_Fighter with reason: NO_ROOM
[2026/02/10 07:45:21   WARN]                    [Spawning|P] Removing NPC of type Snake_Marsh due to overpopulation (expected: 0.132171, actual: 7)
[2026/02/10 07:45:23   WARN]                    [Spawning|P] Removing NPC of type Snake_Marsh due to overpopulation (expected: 0.132171, actual: 6)
[2026/02/10 07:45:24   WARN]                    [Spawning|P] Removing NPC of type Snake_Marsh due to overpopulation (expected: 0.132171, actual: 5)
[2026/02/10 07:45:45   WARN]                    [Spawning|P] Marker 6af2f9ad-06de-3d96-9467-ea533115e965 at Vector3d{x=32.85700988769531, y=37.0, z=-490.97122955322266} removed due to repeated spawning fails of Skeleton_Incandescent_Fighter with reason: TOO_HIGH
[2026/02/10 07:45:45   WARN]                    [Spawning|P] Marker aa2ba29f-e776-3237-9f46-ed10ef24ccef at Vector3d{x=-75.21083087158199, y=61.00177083740229, z=-494.9259397216797} removed due to repeated spawning fails of Goblin_Scrapper with reason: NO_ROOM
[2026/02/10 07:45:45   WARN]                    [Spawning|P] Marker 9eb91c64-c06a-3b30-8625-60a04c2a7536 at Vector3d{x=-278.40576230468787, y=36.81916809082031, z=-376.9190368896484} removed due to repeated spawning fails of Golem_Firesteel with reason: NO_ROOM
[2026/02/10 07:45:50 SEVERE]                 [World|default] Took too long to run pre-load process hook for chunk: 33ms 828us 200ns > TICK_STEP, Has GC Run: true, WorldChunk{x=-2, z=-34, flags=00000000000000000000000000000100}, Hook: com.hypixel.hytale.builtin.blocktick.BlockTickPlugin$$Lambda/0x000001a896920000@33239d72
[2026/02/10 07:45:50 SEVERE]                 [World|default] Took too long to run pre-load process hook for chunk: 34ms 849us 600ns > TICK_STEP, WorldChunk{x=-1, z=-34, flags=00000000000000000000000000000100}, Hook: com.hypixel.hytale.builtin.blocktick.BlockTickPlugin$$Lambda/0x000001a896920000@33239d72
[2026/02/10 07:45:51   WARN]                    [Spawning|P] Marker b88670c2-a382-3a1a-b992-bc093e504491 at Vector3d{x=-67.1474461555481, y=35.0, z=-522.6217460632324} removed due to repeated spawning fails of Skeleton_Incandescent_Fighter with reason: NO_ROOM
[2026/02/10 07:45:51   WARN]                    [Spawning|P] Marker c694c14d-c09b-36d6-88fe-64d76662de56 at Vector3d{x=-139.2366180419922, y=38.000099182128906, z=-522.2757873535156} removed due to repeated spawning fails of Skeleton_Incandescent_Fighter with reason: TOO_HIGH
[2026/02/10 07:45:51   WARN]                    [Spawning|P] Marker daf953ef-8bd0-30d1-a332-7218c9505b0a at Vector3d{x=-134.8542938232422, y=41.099143981933594, z=-526.638671875} removed due to repeated spawning fails of Skeleton_Incandescent_Mage with reason: TOO_HIGH
[2026/02/10 07:45:51 SEVERE]                    [ChunkStore] Took too long to pre-load process chunk: 42ms 492us 500ns > TICK_STEP, Has GC Run: true, WorldChunk{x=11, z=-31, flags=00000000000000000000000000000100}
[2026/02/10 07:45:51 SEVERE]                    [ChunkStore] Took too long to pre-load process chunk: 37ms 123us 100ns > TICK_STEP, Has GC Run: false, WorldChunk{x=9, z=-32, flags=00000000000000000000000000000100}
[2026/02/10 07:45:59 SEVERE]                 [World|default] Took too long to run pre-load process hook for chunk: 37ms 170us > TICK_STEP, Has GC Run: true, WorldChunk{x=10, z=-33, flags=00000000000000000000000000000100}, Hook: com.hypixel.hytale.server.core.modules.block.BlockModule$$Lambda/0x000001a8969ebf88@6067e7c1
[2026/02/10 07:46:04   WARN]                    [Spawning|P] Marker dcd66272-8f85-375c-bb58-e349c7ba5d5f at Vector3d{x=-121.8504867553711, y=69.6944808959961, z=-579.8972129821777} removed due to repeated spawning fails of Goblin_Scrapper with reason: NO_ROOM
[2026/02/10 07:46:12 SEVERE]                 [World|default] Took too long to run pre-load process hook for chunk: 36ms 126us 100ns > TICK_STEP, Has GC Run: true, WorldChunk{x=-10, z=-36, flags=00000000000000000000000000000100}, Hook: com.hypixel.hytale.server.core.modules.block.BlockModule$$Lambda/0x000001a8969ebf88@6067e7c1
[2026/02/10 07:46:19 SEVERE]                 [World|default] Took too long to run pre-load process hook for chunk: 88ms 846us 300ns > TICK_STEP, Has GC Run: true, WorldChunk{x=7, z=-37, flags=00000000000000000000000000000100}, Hook: com.hypixel.hytale.builtin.fluid.FluidPlugin$$Lambda/0x000001a896aa6440@234dfc8e
[2026/02/10 07:46:24   WARN]                    [Spawning|P] Marker bbe472be-410f-3812-8ac2-a28da6b036d1 at Vector3d{x=223.8570098876953, y=37.0, z=-451.97122955322266} removed due to repeated spawning fails of Skeleton_Incandescent_Fighter with reason: TOO_HIGH
[2026/02/10 07:46:24   WARN]                    [Spawning|P] Marker a3fd87ce-cd10-3b49-9a90-07e03a8b0210 at Vector3d{x=-179.1429901123047, y=37.0, z=-642.9712295532227} removed due to repeated spawning fails of Skeleton_Incandescent_Fighter with reason: TOO_HIGH
[2026/02/10 07:46:24   WARN]                    [Spawning|P] Marker a3e41b9c-23d3-3e4c-9170-7444c07b5c0e at Vector3d{x=21.857009887695312, y=37.0, z=-692.9712295532227} removed due to repeated spawning fails of Skeleton_Incandescent_Fighter with reason: NO_ROOM
[2026/02/10 07:46:28   INFO] [PrefabPathSystems$AddOrRemove] Migrating path marker from path TrorkSentry1~2 to use new UUID 11eff111-f311-3f37-bcb5-e79c4a7cecba
[2026/02/10 07:46:28   INFO] [PrefabPathSystems$AddOrRemove] Migrating path marker from path TrorkSentry1~2 to use new UUID 11eff111-f311-3f37-bcb5-e79c4a7cecba
[2026/02/10 07:46:28   WARN]                    [Spawning|P] Marker e1709335-cc9b-3cc4-9e18-8fcda16513cd at Vector3d{x=-184.40934321289058, y=55.99942705078125, z=-672.6435335693359} removed due to repeated spawning fails of Goblin_Lobber with reason: NO_ROOM
[2026/02/10 07:46:29 SEVERE]                 [World|default] Took too long to run pre-load process hook for chunk: 53ms 186us 600ns > TICK_STEP, Has GC Run: true, WorldChunk{x=-18, z=-36, flags=00000000000000000000000000000100}, Hook: com.hypixel.hytale.server.core.modules.block.BlockModule$$Lambda/0x000001a8969ebf88@6067e7c1
[2026/02/10 07:46:39   WARN]                    [Spawning|P] Marker 426a9200-8736-313b-a078-f266c9e64dce at Vector3d{x=-337.50550842285156, y=42.0, z=-386.90221214294434} removed due to repeated spawning fails of Skeleton_Incandescent_Mage with reason: TOO_HIGH
[2026/02/10 07:46:40 SEVERE]                 [World|default] Took too long to run pre-load process hook for chunk: 41ms 20us 300ns > TICK_STEP, Has GC Run: true, WorldChunk{x=-19, z=-36, flags=00000000000000000000000000000100}, Hook: com.hypixel.hytale.server.core.modules.block.BlockModule$$Lambda/0x000001a8969ebf88@6067e7c1
[2026/02/10 07:46:42 SEVERE]                    [ChunkStore] Took too long to pre-load process chunk: 38ms 661us > TICK_STEP, Has GC Run: false, WorldChunk{x=-27, z=-27, flags=00000000000000000000000000000100}
[2026/02/10 07:46:47   WARN]                    [Spawning|P] Marker 63979ef2-c11e-304b-a789-419fadd90da4 at Vector3d{x=-141.42796325683594, y=32.0, z=-788.1025581359863} removed due to repeated spawning fails of Skeleton_Incandescent_Fighter with reason: NO_ROOM
[2026/02/10 07:46:47   WARN]                    [Spawning|P] Marker 466e1aca-f676-367a-bb94-f650c290c92d at Vector3d{x=-136.50550842285156, y=42.0, z=-776.9022121429443} removed due to repeated spawning fails of Skeleton_Incandescent_Mage with reason: NO_ROOM
[2026/02/10 07:46:47   WARN]                    [Spawning|P] Marker 48f36287-1f8b-3c09-9803-d07306b768b4 at Vector3d{x=-145.94812393188477, y=32.0, z=-786.0014839172363} removed due to repeated spawning fails of Skeleton_Incandescent_Head with reason: NO_ROOM
[2026/02/10 07:46:47   WARN]                    [Spawning|P] Marker 6b559299-5461-3cab-bcf2-caf1ec9e3b23 at Vector3d{x=-381.1429901123047, y=37.0, z=-548.9712295532227} removed due to repeated spawning fails of Skeleton_Incandescent_Fighter with reason: NO_ROOM
[2026/02/10 07:46:47   WARN]                    [Spawning|P] Marker 6c7c9a78-d6b9-3b02-839a-efbd518409e9 at Vector3d{x=-327.40576230468787, y=36.81916809082031, z=-678.9190368896484} removed due to repeated spawning fails of Golem_Firesteel with reason: TOO_HIGH
[2026/02/10 07:46:48 SEVERE]                 [World|default] Took too long to run pre-load process hook for chunk: 187ms 565us 900ns > TICK_STEP, Has GC Run: true, WorldChunk{x=-28, z=-26, flags=00000000000000000000000000000100}, Hook: com.hypixel.hytale.builtin.fluid.FluidPlugin$$Lambda/0x000001a896aa6440@234dfc8e
[2026/02/10 07:46:53   WARN]                    [Spawning|P] Marker 2e45bbb4-a17c-38f3-a37a-8f60faed4bdd at Vector3d{x=-280.1429901123047, y=37.0, z=-741.9712295532227} removed due to repeated spawning fails of Skeleton_Incandescent_Fighter with reason: TOO_HIGH
[2026/02/10 07:46:54 SEVERE]                    [ChunkStore] Took too long to pre-load process chunk: 36ms 312us > TICK_STEP, Has GC Run: true, WorldChunk{x=-19, z=-39, flags=00000000000000000000000000000100}
[2026/02/10 07:46:55   WARN]                    [Spawning|P] Marker 138d3a40-788e-3c55-8527-d89a90dc95d8 at Vector3d{x=-385.1429901123047, y=37.0, z=-451.97122955322266} removed due to repeated spawning fails of Skeleton_Incandescent_Fighter with reason: NO_ROOM
[2026/02/10 07:46:56 SEVERE]                 [World|default] Took too long to run pre-load process hook for chunk: 569ms 321us 700ns > TICK_STEP, Has GC Run: true, WorldChunk{x=-29, z=-27, flags=00000000000000000000000000000100}, Hook: com.hypixel.hytale.builtin.fluid.FluidPlugin$$Lambda/0x000001a896aa6440@234dfc8e
[2026/02/10 07:47:00 SEVERE]                 [World|default] Took too long to run pre-load process hook for chunk: 57ms 131us 100ns > TICK_STEP, WorldChunk{x=-25, z=-35, flags=00000000000000000000000000000100}, Hook: com.hypixel.hytale.builtin.blocktick.BlockTickPlugin$$Lambda/0x000001a896920000@33239d72
[2026/02/10 07:47:00 SEVERE]                 [World|default] Took too long to run pre-load process hook for chunk: 57ms 121us 500ns > TICK_STEP, Has GC Run: true, WorldChunk{x=-24, z=-36, flags=00000000000000000000000000000100}, Hook: com.hypixel.hytale.builtin.fluid.FluidPlugin$$Lambda/0x000001a896aa6440@234dfc8e
[2026/02/10 07:47:00 SEVERE]                    [ChunkStore] Took too long to pre-load process chunk: 36ms 685us > TICK_STEP, Has GC Run: false, WorldChunk{x=-17, z=-41, flags=00000000000000000000000000000100}
[2026/02/10 07:47:00 SEVERE]                    [ChunkStore] Took too long to pre-load process chunk: 37ms 965us 100ns > TICK_STEP, Has GC Run: false, WorldChunk{x=-20, z=-40, flags=00000000000000000000000000000100}
[2026/02/10 07:47:01 SEVERE]                    [ChunkStore] Took too long to pre-load process chunk: 35ms 36us 200ns > TICK_STEP, Has GC Run: false, WorldChunk{x=4, z=-42, flags=00000000000000000000000000000100}
[2026/02/10 07:47:01 SEVERE]                 [World|default] Took too long to run pre-load process hook for chunk: 216ms 982us 500ns > TICK_STEP, WorldChunk{x=-30, z=-26, flags=00000000000000000000000000000100}, Hook: com.hypixel.hytale.builtin.fluid.FluidPlugin$$Lambda/0x000001a896aa6440@234dfc8e
[2026/02/10 07:47:06 SEVERE]                 [World|default] Took too long to run pre-load process hook for chunk: 210ms 693us 200ns > TICK_STEP, Has GC Run: true, WorldChunk{x=-30, z=-27, flags=00000000000000000000000000000100}, Hook: com.hypixel.hytale.builtin.fluid.FluidPlugin$$Lambda/0x000001a896aa6440@234dfc8e
[2026/02/10 07:47:43 SEVERE]                        [Hytale] Missing replacement interactions for interaction: *Consume_Charge_Food_T1_Interactions_0 for var ConsumeSFX on item ItemStack{itemId=Plant_Crop_Corn_Item, quantity=19, maxDurability=0.0, durability=0.0, metadata=null} [CONTEXT ratelimit_period="1 MINUTES [skipped: 1]" ]
[2026/02/10 07:48:45 SEVERE]                        [Hytale] Missing replacement interactions for interaction: *Root_NPC_Wolf_Attack_Interactions_0 for var Melee_Start on item null [CONTEXT ratelimit_period="1 MINUTES [skipped: 9]" ]
[2026/02/10 07:49:25   WARN]                    [Spawning|P] Marker 4d96c49f-382e-3c22-84e3-7092c59e95cd at Vector3d{x=-50.46789160156243, y=69.5, z=-894.4455627441407} removed due to repeated spawning fails of Skeleton_Ranger with reason: NO_ROOM
[2026/02/10 07:49:26 SEVERE]                 [World|default] Took too long to run pre-load process hook for chunk: 39ms 505us 800ns > TICK_STEP, Has GC Run: true, WorldChunk{x=-22, z=-42, flags=00000000000000000000000000000100}, Hook: com.hypixel.hytale.server.core.modules.block.BlockModule$$Lambda/0x000001a8969ebf88@6067e7c1
[2026/02/10 07:49:32 SEVERE]                 [World|default] Took too long to run pre-load process hook for chunk: 128ms 814us > TICK_STEP, Has GC Run: true, WorldChunk{x=-31, z=-30, flags=00000000000000000000000000000100}, Hook: com.hypixel.hytale.builtin.fluid.FluidPlugin$$Lambda/0x000001a896aa6440@234dfc8e
[2026/02/10 07:49:33 SEVERE]                 [World|default] Took too long to run pre-load process hook for chunk: 464ms 454us 700ns > TICK_STEP, WorldChunk{x=-32, z=-28, flags=00000000000000000000000000000100}, Hook: com.hypixel.hytale.builtin.fluid.FluidPlugin$$Lambda/0x000001a896aa6440@234dfc8e
[2026/02/10 07:49:47 SEVERE]                        [Hytale] Missing replacement interactions for interaction: *Root_NPC_Attack_Melee_Interactions_0 for var Melee_Start on item ItemStack{itemId=Weapon_Spear_Stone_Trork, quantity=1, maxDurability=45.0, durability=45.0, metadata=null} [CONTEXT ratelimit_period="1 MINUTES [skipped: 19]" ]
[2026/02/10 07:50:13 SEVERE]                    [ChunkStore] Took too long to pre-load process chunk: 33ms 788us 200ns > TICK_STEP, Has GC Run: true, WorldChunk{x=-32, z=-30, flags=00000000000000000000000000000100}
[2026/02/10 07:50:19 SEVERE]                 [World|default] Took too long to run pre-load process hook for chunk: 39ms 317us 600ns > TICK_STEP, Has GC Run: true, WorldChunk{x=-28, z=-38, flags=00000000000000000000000000000100}, Hook: com.hypixel.hytale.builtin.blocktick.BlockTickPlugin$$Lambda/0x000001a896920000@33239d72
[2026/02/10 07:50:19 SEVERE]                 [World|default] Took too long to run pre-load process hook for chunk: 41ms 339us 200ns > TICK_STEP, WorldChunk{x=-27, z=-39, flags=00000000000000000000000000000100}, Hook: com.hypixel.hytale.server.core.modules.block.BlockModule$$Lambda/0x000001a8969ebf88@6067e7c1
[2026/02/10 07:50:19 SEVERE]                 [World|default] Took too long to run pre-load process hook for chunk: 93ms 260us > TICK_STEP, WorldChunk{x=-33, z=-30, flags=00000000000000000000000000000100}, Hook: com.hypixel.hytale.builtin.fluid.FluidPlugin$$Lambda/0x000001a896aa6440@234dfc8e
[2026/02/10 07:50:24   WARN]                    [Spawning|P] Marker 9c4ae08c-44e7-37fc-86cd-26b62b024363 at Vector3d{x=-533.6906337738037, y=34.0, z=-534.3446998596191} removed due to repeated spawning fails of Skeleton_Incandescent_Head with reason: NO_ROOM
[2026/02/10 07:50:24   WARN]                    [Spawning|P] Marker 2b3c4f9a-9353-378a-bb66-1d46eb48c297 at Vector3d{x=-526.0794944763184, y=37.0, z=-487.98441886901855} removed due to repeated spawning fails of Golem_Firesteel with reason: NO_ROOM
[2026/02/10 07:50:25 SEVERE]                 [World|default] Took too long to run pre-load process hook for chunk: 307ms 173us 200ns > TICK_STEP, Has GC Run: true, WorldChunk{x=-34, z=-30, flags=00000000000000000000000000000100}, Hook: com.hypixel.hytale.builtin.fluid.FluidPlugin$$Lambda/0x000001a896aa6440@234dfc8e
[2026/02/10 07:50:34 SEVERE]                 [World|default] Took too long to run pre-load process hook for chunk: 458ms 996us 800ns > TICK_STEP, Has GC Run: true, WorldChunk{x=-35, z=-31, flags=00000000000000000000000000000100}, Hook: com.hypixel.hytale.builtin.fluid.FluidPlugin$$Lambda/0x000001a896aa6440@234dfc8e
[2026/02/10 07:50:34   WARN] [EntityTrackerSystems$SendPackets] Removed 1 invalid updates for removed entities.
[2026/02/10 07:50:39 SEVERE]                 [World|default] Took too long to run pre-load process hook for chunk: 484ms 652us 100ns > TICK_STEP, Has GC Run: true, WorldChunk{x=-35, z=-32, flags=00000000000000000000000000000100}, Hook: com.hypixel.hytale.builtin.fluid.FluidPlugin$$Lambda/0x000001a896aa6440@234dfc8e
[2026/02/10 07:50:39 SEVERE]                 [World|default] Took too long to run pre-load process hook for chunk: 374ms 872us 600ns > TICK_STEP, WorldChunk{x=-37, z=-28, flags=00000000000000000000000000000100}, Hook: com.hypixel.hytale.builtin.fluid.FluidPlugin$$Lambda/0x000001a896aa6440@234dfc8e
[2026/02/10 07:50:40 SEVERE]                 [World|default] Took too long to run pre-load process hook for chunk: 1sec 166ms 905us 200ns > TICK_STEP, Has GC Run: true, WorldChunk{x=-36, z=-30, flags=00000000000000000000000000000100}, Hook: com.hypixel.hytale.builtin.fluid.FluidPlugin$$Lambda/0x000001a896aa6440@234dfc8e
[2026/02/10 07:50:55   WARN]         [UpdateLocationSystems] Entity has moved into a chunk that isn't currently loaded! -13, -27, com.hypixel.hytale.server.core.modules.entity.component.TransformComponent@516b5911
[2026/02/10 07:50:55   WARN]                    [Spawning|P] Removing NPC of type Larva_Void due to overpopulation (expected: 5.521729, actual: 11)
[2026/02/10 07:55:12   INFO]                 [QUICTransport] Received connection from QuicConnectionAddress{connId=} (/25.5.109.11:60454) to QuicConnectionAddress{connId=00c13c815be3f755f2f7a5a1846d6763ac74e407} (/0.0.0.0:5520)
[2026/02/10 07:55:13   INFO]                        [Hytale] Received stream QuicConnectionAddress{connId=00c13c815be3f755f2f7a5a1846d6763ac74e407} (/25.5.109.11:60454, streamId=0) to QuicConnectionAddress{connId=00c13c815be3f755f2f7a5a1846d6763ac74e407} (/0.0.0.0:5520, streamId=0)
[2026/02/10 07:55:13 FINEST]                   [LoginTiming] [{Initial(QuicConnectionAddress{connId=00c13c815be3f755f2f7a5a1846d6763ac74e407} (/25.5.109.11:60454, streamId=0))}] Entering stage 'initial'
[2026/02/10 07:55:13   FINE]                   [LoginTiming] [{Initial(QuicConnectionAddress{connId=00c13c815be3f755f2f7a5a1846d6763ac74e407} (/25.5.109.11:60454, streamId=0))}] Registered took 143us 700ns
[2026/02/10 07:55:13   FINE]                   [LoginTiming] [{Initial(QuicConnectionAddress{connId=00c13c815be3f755f2f7a5a1846d6763ac74e407} (/25.5.109.11:60454, streamId=0))}] Connect took 198us 800ns
[2026/02/10 07:55:13   INFO]                        [Hytale] Starting development flow for OFME (dc311f49-4742-47b3-aefb-d555fd07ac8e) from QuicConnectionAddress{connId=00c13c815be3f755f2f7a5a1846d6763ac74e407} (/25.5.109.11:60454, streamId=0)
[2026/02/10 07:55:13   INFO]         [PasswordPacketHandler] Connection complete for OFME (dc311f49-4742-47b3-aefb-d555fd07ac8e), transitioning to setup
[2026/02/10 07:55:13 FINEST]                   [LoginTiming] [{Setup(QuicConnectionAddress{connId=00c13c815be3f755f2f7a5a1846d6763ac74e407} (/25.5.109.11:60454, streamId=0)), OFME, dc311f49-4742-47b3-aefb-d555fd07ac8e, SECURE}] Entering stage 'setup:world-settings' took 571us 700ns
[2026/02/10 07:55:13   FINE]                   [LoginTiming] [{Setup(QuicConnectionAddress{connId=00c13c815be3f755f2f7a5a1846d6763ac74e407} (/25.5.109.11:60454, streamId=0)), OFME, dc311f49-4742-47b3-aefb-d555fd07ac8e, SECURE}] Load Player Config took 151us
[2026/02/10 07:55:13 FINEST]                   [LoginTiming] [{Setup(QuicConnectionAddress{connId=00c13c815be3f755f2f7a5a1846d6763ac74e407} (/25.5.109.11:60454, streamId=0)), OFME, dc311f49-4742-47b3-aefb-d555fd07ac8e, SECURE}] Entering stage 'setup:assets-request' took 40ms 824us 200ns
[2026/02/10 07:55:13   FINE]                   [LoginTiming] [{Setup(QuicConnectionAddress{connId=00c13c815be3f755f2f7a5a1846d6763ac74e407} (/25.5.109.11:60454, streamId=0)), OFME, dc311f49-4742-47b3-aefb-d555fd07ac8e, SECURE}] Request Assets took 383ms 337us 200ns
[2026/02/10 07:55:13 FINEST]                   [LoginTiming] [{Setup(QuicConnectionAddress{connId=00c13c815be3f755f2f7a5a1846d6763ac74e407} (/25.5.109.11:60454, streamId=0)), OFME, dc311f49-4742-47b3-aefb-d555fd07ac8e, SECURE}] Entering stage 'setup:send-assets' took 181us 500ns
[2026/02/10 07:55:13   FINE]                   [LoginTiming] [{Setup(QuicConnectionAddress{connId=00c13c815be3f755f2f7a5a1846d6763ac74e407} (/25.5.109.11:60454, streamId=0)), OFME, dc311f49-4742-47b3-aefb-d555fd07ac8e, SECURE}] Send Common Assets took 88us 700ns
[2026/02/10 07:55:13   FINE]                   [LoginTiming] [{Setup(QuicConnectionAddress{connId=00c13c815be3f755f2f7a5a1846d6763ac74e407} (/25.5.109.11:60454, streamId=0)), OFME, dc311f49-4742-47b3-aefb-d555fd07ac8e, SECURE}] Send Config Assets took 203ms 577us 400ns
[2026/02/10 07:55:16   FINE]                   [LoginTiming] [{Setup(QuicConnectionAddress{connId=00c13c815be3f755f2f7a5a1846d6763ac74e407} (/25.5.109.11:60454, streamId=0)), OFME, dc311f49-4742-47b3-aefb-d555fd07ac8e, SECURE}] Player Options took 2sec 437ms 919us 400ns
[2026/02/10 07:55:16   INFO]                    [Universe|P] Adding player 'OFME (dc311f49-4742-47b3-aefb-d555fd07ac8e)
[2026/02/10 07:55:16 FINEST]                   [LoginTiming] [{Setup(QuicConnectionAddress{connId=00c13c815be3f755f2f7a5a1846d6763ac74e407} (/25.5.109.11:60454, streamId=0)), OFME, dc311f49-4742-47b3-aefb-d555fd07ac8e, SECURE}] Entering stage 'setup:add-to-universe' took 795us 400ns
[2026/02/10 07:55:16 FINEST]                   [LoginTiming] [{Setup(QuicConnectionAddress{connId=00c13c815be3f755f2f7a5a1846d6763ac74e407} (/25.5.109.11:60454, streamId=0)), OFME, dc311f49-4742-47b3-aefb-d555fd07ac8e, SECURE}] Load Player Config took 1ms 756us 400ns
[2026/02/10 07:55:16 FINEST]                   [LoginTiming] [{Playing(QuicConnectionAddress{connId=00c13c815be3f755f2f7a5a1846d6763ac74e407} (/25.5.109.11:60454, streamId=0)), dc311f49-4742-47b3-aefb-d555fd07ac8e, OFME}] Processed Referral took 389us 900ns
[2026/02/10 07:55:16   WARN]                        [Hytale] {Playing(QuicConnectionAddress{connId=00c13c815be3f755f2f7a5a1846d6763ac74e407} (/25.5.109.11:60454, streamId=0)), dc311f49-4742-47b3-aefb-d555fd07ac8e, OFME} Added future for ClientReady packet?
[2026/02/10 07:55:16   INFO]                 [World|default] Adding player 'OFME' to world 'default' at location null (dc311f49-4742-47b3-aefb-d555fd07ac8e)
[2026/02/10 07:55:16   INFO]                        [Hytale] {Playing(QuicConnectionAddress{connId=00c13c815be3f755f2f7a5a1846d6763ac74e407} (/25.5.109.11:60454, streamId=0)), dc311f49-4742-47b3-aefb-d555fd07ac8e, OFME}: Sent com.hypixel.hytale.protocol.packets.player.JoinWorld@16190f81
[2026/02/10 07:55:16   WARN]                        [Hytale] {Playing(QuicConnectionAddress{connId=00c13c815be3f755f2f7a5a1846d6763ac74e407} (/25.5.109.11:60454, streamId=0)), dc311f49-4742-47b3-aefb-d555fd07ac8e, OFME}: Received com.hypixel.hytale.protocol.packets.player.ClientReady@9da7
[2026/02/10 07:55:16   INFO]                 [World|default] Player 'OFME' joined world 'default' at location Vector3d{x=-103.07684326171875, y=115.0, z=-14.160833358764648} (dc311f49-4742-47b3-aefb-d555fd07ac8e)
[2026/02/10 07:55:16 FINEST]                   [LoginTiming] [{Playing(QuicConnectionAddress{connId=00c13c815be3f755f2f7a5a1846d6763ac74e407} (/25.5.109.11:60454, streamId=0)), dc311f49-4742-47b3-aefb-d555fd07ac8e, OFME}] Add to World took 711ms 539us 700ns
[2026/02/10 07:55:16   FINE]                   [LoginTiming] [{Playing(QuicConnectionAddress{connId=00c13c815be3f755f2f7a5a1846d6763ac74e407} (/25.5.109.11:60454, streamId=0)), dc311f49-4742-47b3-aefb-d555fd07ac8e, OFME}] Add To Universe took 53us 400ns
[2026/02/10 07:55:17   INFO]               [WorldMapTracker] Started Generating Map!
[2026/02/10 07:55:17   WARN]                        [Entity] getPositionComponent called async [CONTEXT ratelimit_period="5 MINUTES" ]
java.lang.Throwable
	at com.hypixel.hytale.server.core.entity.Entity.getTransformComponent(Entity.java:278)
	at com.hypixel.hytale.server.core.universe.world.WorldMapTracker.tick(WorldMapTracker.java:138)
	at com.hypixel.hytale.server.core.universe.world.worldmap.WorldMapManager.tick(WorldMapManager.java:148)
	at com.hypixel.hytale.server.core.util.thread.TickingThread.run(TickingThread.java:89)
	at java.base/java.lang.Thread.run(Thread.java:1583)

[2026/02/10 07:55:19   WARN]                        [Hytale] {Playing(QuicConnectionAddress{connId=00c13c815be3f755f2f7a5a1846d6763ac74e407} (/25.5.109.11:60454, streamId=0)), dc311f49-4742-47b3-aefb-d555fd07ac8e, OFME}: Received com.hypixel.hytale.protocol.packets.player.ClientReady@9da1
[2026/02/10 07:56:05   INFO]                        [Hytale] 4c9340d7-46d4-4d07-a047-4709cc19480e - OFME at QuicConnectionAddress{connId=1bf60cfee49362babf3e96a8f51c582930d4f70e} (/127.0.0.1:50416, streamId=0) left with reason: Disconnect - Player leave
[2026/02/10 07:56:05   INFO]                        [Hytale] {Playing(null (null, streamId=0)), 4c9340d7-46d4-4d07-a047-4709cc19480e, OFME} was closed.
[2026/02/10 07:56:05   INFO]                    [Universe|P] Removing player 'OFME' (4c9340d7-46d4-4d07-a047-4709cc19480e)
[2026/02/10 07:56:05   INFO]                 [QUICTransport] Connection closed: QuicheQuicConnectionStats[recv=529370, sent=1314010, lost=0, retrans=56, sentBytes=718759117, recvBytes=82259090, lostBytes=0, streamRetransBytes=32561, pathsCount=1]
[2026/02/10 07:56:05   INFO]                  [Objectives|P] Checking objectives for disconnecting player 'OFME' (4c9340d7-46d4-4d07-a047-4709cc19480e)
[2026/02/10 07:56:05   INFO]                  [Objectives|P] Processing 0 active objectives for 'OFME' (4c9340d7-46d4-4d07-a047-4709cc19480e)
[2026/02/10 07:56:05   INFO]                 [PlayerSystems] Removing player 'OFME (OFME)' from world 'default' (4c9340d7-46d4-4d07-a047-4709cc19480e)
[2026/02/10 07:57:22   WARN]                    [Spawning|P] Removing NPC of type Squirrel due to overpopulation (expected: 4.684559, actual: 10)
[2026/02/10 07:57:49   WARN]                    [Spawning|P] Spawn beacon at: Vector3d{x=47.877532958984375, y=51.0, z=118.16046142578125} unable to find any suitable positions to check
[2026/02/10 07:57:49   WARN]                    [Spawning|P] Spawn beacon at: Vector3d{x=47.877532958984375, y=51.0, z=118.16046142578125} unable to find any suitable positions to check
[2026/02/10 07:57:52 SEVERE]                        [Hytale] Missing replacement interactions for interaction: *Consume_Charge_Food_T1_Interactions_0 for var ConsumeSFX on item ItemStack{itemId=Plant_Crop_Corn_Item, quantity=18, maxDurability=0.0, durability=0.0, metadata=null} [CONTEXT ratelimit_period="1 MINUTES [skipped: 27]" ]
[2026/02/10 07:58:23   WARN]                    [Spawning|P] Removing NPC of type Skeleton_Fighter_Wander due to overpopulation (expected: 0.605732, actual: 5)
[2026/02/10 07:58:24   WARN]                    [Spawning|P] Removing NPC of type Squirrel due to overpopulation (expected: 2.276623, actual: 7)
[2026/02/10 08:00:20   INFO]                        [Hytale] UseNPCInteraction requires a target NPC
[2026/02/10 08:00:20   INFO]                        [Hytale] UseNPCInteraction requires a target NPC
[2026/02/10 08:18:29   WARN]                    [Spawning|P] Removing NPC of type Squirrel due to overpopulation (expected: 2.758357, actual: 8)
[2026/02/10 08:18:31   WARN]                    [Spawning|P] Removing NPC of type Bear_Grizzly due to overpopulation (expected: 2.298631, actual: 7)
[2026/02/10 08:19:47   WARN]                    [Spawning|P] Removing NPC of type Salmon due to overpopulation (expected: 2.310742, actual: 7)
[2026/02/10 08:19:47   WARN]                    [Spawning|P] Marker d5d4aa75-48eb-3395-97d4-aab5177a287d at Vector3d{x=424.5906567871094, y=59.99942705078125, z=144.3564664306641} removed due to repeated spawning fails of Goblin_Scrapper with reason: NO_ROOM
[2026/02/10 08:19:48   WARN]                        [Entity] Missing animation 'Eat' for Model 'Trillodon' [CONTEXT ratelimit_period="1 MINUTES" ]
[2026/02/10 08:19:49 SEVERE]                 [World|default] Took too long to run pre-load process hook for chunk: 348ms 878us 700ns > TICK_STEP, Has GC Run: true, WorldChunk{x=29, z=-15, flags=00000000000000000000000000000100}, Hook: com.hypixel.hytale.builtin.fluid.FluidPlugin$$Lambda/0x000001a896aa6440@234dfc8e
[2026/02/10 08:19:50 SEVERE]                    [ChunkStore] Took too long to pre-load process chunk: 36ms 657us 500ns > TICK_STEP, Has GC Run: false, WorldChunk{x=28, z=-16, flags=00000000000000000000000000000100}
[2026/02/10 08:19:50 SEVERE]                 [World|default] Took too long to run pre-load process hook for chunk: 58ms 318us 400ns > TICK_STEP, WorldChunk{x=30, z=-16, flags=00000000000000000000000000000100}, Hook: com.hypixel.hytale.builtin.fluid.FluidPlugin$$Lambda/0x000001a896aa6440@234dfc8e
[2026/02/10 08:19:50 SEVERE]                 [World|default] Took too long to run pre-load process hook for chunk: 123ms 213us 100ns > TICK_STEP, WorldChunk{x=29, z=-16, flags=00000000000000000000000000000100}, Hook: com.hypixel.hytale.builtin.fluid.FluidPlugin$$Lambda/0x000001a896aa6440@234dfc8e
[2026/02/10 08:19:50   WARN]                    [Spawning|P] Removing NPC of type Salmon due to overpopulation (expected: 2.852539, actual: 8)
[2026/02/10 08:19:50   WARN]                    [Spawning|P] Removing NPC of type Salmon due to overpopulation (expected: 2.852539, actual: 8)
[2026/02/10 08:19:51   WARN]                    [Spawning|P] Marker 67856c1a-499b-347d-afc2-c8ecf16220c2 at Vector3d{x=417.59423769531213, y=36.81916809082031, z=60.080963110351576} removed due to repeated spawning fails of Golem_Firesteel with reason: NO_ROOM
[2026/02/10 08:19:51   WARN]                    [Spawning|P] Removing NPC of type Shark_Hammerhead due to overpopulation (expected: 0.884446, actual: 11)
[2026/02/10 08:19:51   WARN]                    [Spawning|P] Removing NPC of type Trout_Rainbow due to overpopulation (expected: 0.589776, actual: 5)
[2026/02/10 08:19:52   WARN]                    [Spawning|P] Removing NPC of type Shark_Hammerhead due to overpopulation (expected: 0.884446, actual: 10)
[2026/02/10 08:19:52   WARN]                    [Spawning|P] Removing NPC of type Shark_Hammerhead due to overpopulation (expected: 0.884446, actual: 9)
[2026/02/10 08:19:52   WARN]                    [Spawning|P] Removing NPC of type Shark_Hammerhead due to overpopulation (expected: 0.884446, actual: 8)
[2026/02/10 08:19:53   WARN]                    [Spawning|P] Removing NPC of type Shark_Hammerhead due to overpopulation (expected: 0.884446, actual: 7)
[2026/02/10 08:19:53   WARN]                    [Spawning|P] Removing NPC of type Shark_Hammerhead due to overpopulation (expected: 0.884446, actual: 6)
[2026/02/10 08:20:32 SEVERE]                 [World|default] Took too long to run pre-load process hook for chunk: 1sec 11ms 889us > TICK_STEP, Has GC Run: true, WorldChunk{x=31, z=-16, flags=00000000000000000000000000000100}, Hook: com.hypixel.hytale.builtin.fluid.FluidPlugin$$Lambda/0x000001a896aa6440@234dfc8e
[2026/02/10 08:20:38 SEVERE]                    [ChunkStore] Took too long to pre-load process chunk: 37ms 586us 100ns > TICK_STEP, Has GC Run: true, WorldChunk{x=46, z=0, flags=00000000000000000000000000000100}
[2026/02/10 08:21:25   WARN]                        [Entity] Missing animation 'Eat' for Model 'Trillodon' [CONTEXT ratelimit_period="1 MINUTES [skipped: 3]" ]
[2026/02/10 08:21:28 SEVERE]                    [ChunkStore] Took too long to pre-load process chunk: 44ms 915us 100ns > TICK_STEP, Has GC Run: true, WorldChunk{x=44, z=21, flags=00000000000000000000000000000100}
[2026/02/10 08:21:28 SEVERE]                 [World|default] Took too long to run pre-load process hook for chunk: 39ms 539us 100ns > TICK_STEP, WorldChunk{x=45, z=-5, flags=00000000000000000000000000000100}, Hook: com.hypixel.hytale.server.core.modules.block.BlockModule$$Lambda/0x000001a8969ebf88@6067e7c1
[2026/02/10 08:21:30 SEVERE]                 [World|default] Took too long to run pre-load process hook for chunk: 1sec 207ms 799us 900ns > TICK_STEP, WorldChunk{x=33, z=-16, flags=00000000000000000000000000000100}, Hook: com.hypixel.hytale.builtin.fluid.FluidPlugin$$Lambda/0x000001a896aa6440@234dfc8e
[2026/02/10 08:21:36 SEVERE]                 [World|default] Took too long to run pre-load process hook for chunk: 46ms 744us 900ns > TICK_STEP, WorldChunk{x=42, z=-10, flags=00000000000000000000000000000100}, Hook: com.hypixel.hytale.builtin.blocktick.BlockTickPlugin$$Lambda/0x000001a896920000@33239d72
[2026/02/10 08:21:38 SEVERE]                 [World|default] Took too long to run pre-load process hook for chunk: 94ms 881us > TICK_STEP, WorldChunk{x=48, z=12, flags=00000000000000000000000000000100}, Hook: com.hypixel.hytale.builtin.blocktick.BlockTickPlugin$$Lambda/0x000001a896920000@33239d72
[2026/02/10 08:21:38 SEVERE]                 [World|default] Took too long to run pre-load process hook for chunk: 35ms 79us 100ns > TICK_STEP, Has GC Run: true, WorldChunk{x=30, z=-18, flags=00000000000000000000000000000100}, Hook: com.hypixel.hytale.server.core.modules.block.BlockModule$$Lambda/0x000001a8969ebf88@6067e7c1
[2026/02/10 08:21:38 SEVERE]                 [World|default] Took too long to run pre-load process hook for chunk: 56ms 948us 600ns > TICK_STEP, WorldChunk{x=26, z=-18, flags=00000000000000000000000000000100}, Hook: com.hypixel.hytale.server.core.modules.block.BlockModule$$Lambda/0x000001a8969ebf88@6067e7c1
[2026/02/10 08:21:38 SEVERE]                 [World|default] Took too long to run pre-load process hook for chunk: 381ms 68us 100ns > TICK_STEP, WorldChunk{x=31, z=-18, flags=00000000000000000000000000000100}, Hook: com.hypixel.hytale.builtin.fluid.FluidPlugin$$Lambda/0x000001a896aa6440@234dfc8e
[2026/02/10 08:21:48 SEVERE]                 [World|default] Took too long to run pre-load process hook for chunk: 36ms 664us 900ns > TICK_STEP, Has GC Run: true, WorldChunk{x=45, z=22, flags=00000000000000000000000000000100}, Hook: com.hypixel.hytale.server.core.modules.block.BlockModule$$Lambda/0x000001a8969ebf88@6067e7c1
[2026/02/10 08:21:48 SEVERE]                 [World|default] Took too long to run pre-load process hook for chunk: 38ms 599us 400ns > TICK_STEP, Has GC Run: true, WorldChunk{x=46, z=21, flags=00000000000000000000000000000100}, Hook: com.hypixel.hytale.server.core.modules.block.BlockModule$$Lambda/0x000001a8969ebf88@6067e7c1
[2026/02/10 08:22:10 SEVERE]                 [World|default] Took too long to run pre-load process hook for chunk: 268ms 135us 500ns > TICK_STEP, Has GC Run: true, WorldChunk{x=33, z=-18, flags=00000000000000000000000000000100}, Hook: com.hypixel.hytale.builtin.fluid.FluidPlugin$$Lambda/0x000001a896aa6440@234dfc8e
[2026/02/10 08:22:36 SEVERE]                        [Hytale] Missing replacement interactions for interaction: *****Skeleton_Burnt_Soldier_Sword_Swing_Right_Next_Interactions_0_Interactions_0_HitEntity_Interactions_0 for var Skeleton_Burnt_Soldier_Sword_Swing_Right_Damage on item ItemStack{itemId=Weapon_Sword_Steel_Rusty, quantity=1, maxDurability=80.0, durability=80.0, metadata=null} [CONTEXT ratelimit_period="1 MINUTES [skipped: 1]" ]
[2026/02/10 08:23:10   WARN]                        [Entity] Missing animation 'Eat' for Model 'Trillodon' [CONTEXT ratelimit_period="1 MINUTES [skipped: 2]" ]
[2026/02/10 08:23:24   WARN]            [SpawnMarkerSystems] Connection with NPC from marker at Vector3d{x=844.1748504638672, y=131.28028106689453, z=193.514404296875} lost due to being invalid/already unloaded
[2026/02/10 08:23:41   WARN]                    [Spawning|P] Marker e69efdd3-d242-33a9-8d3e-73e37c96e249 at Vector3d{x=-477.210830871582, y=55.00177083740229, z=-370.9259397216797} removed due to repeated spawning fails of Goblin_Scrapper with reason: NO_ROOM
[2026/02/10 08:23:42   WARN]                    [Spawning|P] Marker 95130bc6-b856-3469-9b75-662c70447da9 at Vector3d{x=-482.50550842285156, y=42.0, z=-321.90221214294434} removed due to repeated spawning fails of Skeleton_Incandescent_Mage with reason: TOO_HIGH
[2026/02/10 08:23:43   WARN]                    [Spawning|P] Marker 4e485821-29ed-3753-9eee-3ca926258ccf at Vector3d{x=-532.0794944763184, y=37.0, z=-335.98441886901855} removed due to repeated spawning fails of Golem_Firesteel with reason: NO_ROOM
[2026/02/10 08:23:44   WARN]                    [Spawning|P] Marker a267a45b-462c-3ca4-8fb2-16b26ac2df7b at Vector3d{x=-567.1429901123047, y=37.0, z=-381.97122955322266} removed due to repeated spawning fails of Skeleton_Incandescent_Fighter with reason: NO_ROOM
[2026/02/10 08:23:44   WARN]                    [Spawning|P] Marker 9b505644-bd41-3e03-bed2-374aca0b00b3 at Vector3d{x=-480.1429901123047, y=37.0, z=-242.97122955322266} removed due to repeated spawning fails of Skeleton_Incandescent_Fighter with reason: NO_ROOM
[2026/02/10 08:23:44   WARN]                    [Spawning|P] Marker 7143c145-83db-355a-9b8e-c14ad1e04953 at Vector3d{x=-455.7559814453125, y=69.0, z=-202.65074157714844} removed due to repeated spawning fails of Goblin_Lobber with reason: NO_ROOM
[2026/02/10 08:23:45   WARN]                    [Spawning|P] Removing NPC of type Eye_Void due to overpopulation (expected: 0.000000, actual: 5)
[2026/02/10 08:23:45   WARN]                    [Spawning|P] Marker 52ef1066-1ecb-3cfd-a419-f82ee924167f at Vector3d{x=-602.2366180419922, y=38.000099182128906, z=-433.2757873535156} removed due to repeated spawning fails of Skeleton_Incandescent_Fighter with reason: TOO_HIGH
[2026/02/10 08:23:45   WARN]                    [Spawning|P] Marker b37c9100-42b3-3678-a205-6b570574fcfb at Vector3d{x=-639.4057623046879, y=36.81916809082031, z=-391.9190368896484} removed due to repeated spawning fails of Golem_Firesteel with reason: NO_ROOM
[2026/02/10 08:23:46   WARN]                    [Spawning|P] Removing NPC of type Eye_Void due to overpopulation (expected: 0.000000, actual: 5)
[2026/02/10 08:23:46   WARN]                    [Spawning|P] Removing NPC of type Eye_Void due to overpopulation (expected: 0.000000, actual: 5)
[2026/02/10 08:23:49 SEVERE]                        [Hytale] Missing replacement interactions for interaction: ***Shield_Block_Next_Next_Next for var Shield_Block_Damage on item ItemStack{itemId=Weapon_Longsword_Void, quantity=1, maxDurability=158.0, durability=158.0, metadata=null} [CONTEXT ratelimit_period="1 MINUTES [skipped: 10]" ]
[2026/02/10 08:24:59   WARN]                    [Spawning|P] NPCEntity despawning due to lost marker: Ref{store=class com.hypixel.hytale.component.Store@438745574, index=606}
[2026/02/10 08:25:38   INFO]                        [Hytale] BreakBlockInteraction requires a Player but was used for: Ref{store=class com.hypixel.hytale.component.Store@438745574, index=262} [CONTEXT ratelimit_period="5 MINUTES [skipped: 11]" ]
[2026/02/10 08:25:55   WARN]                    [Spawning|P] Marker ae7cc159-255c-39aa-84f6-725059333678 at Vector3d{x=-628.1429901123047, y=37.0, z=-344.97122955322266} removed due to repeated spawning fails of Skeleton_Incandescent_Fighter with reason: TOO_HIGH
[2026/02/10 08:25:55   WARN]                    [Spawning|P] Marker f93bb010-195a-30e7-bc3a-1c568ddf9212 at Vector3d{x=-626.2191467285156, y=106.0, z=-508.8038183301687} removed due to repeated spawning fails of Skeleton_Fighter with reason: NO_ROOM
[2026/02/10 08:25:55   WARN]                    [Spawning|P] Marker fb200710-e61c-36a9-9e2c-18be07978778 at Vector3d{x=-614.1429901123047, y=37.0, z=-477.97122955322266} removed due to repeated spawning fails of Skeleton_Incandescent_Fighter with reason: TOO_HIGH
[2026/02/10 08:25:55 SEVERE]                 [World|default] Took too long to run pre-load process hook for chunk: 33ms 352us 100ns > TICK_STEP, Has GC Run: true, WorldChunk{x=-38, z=-14, flags=00000000000000000000000000000100}, Hook: com.hypixel.hytale.server.core.modules.block.BlockModule$$Lambda/0x000001a8969ebf88@6067e7c1
[2026/02/10 08:27:36   INFO]                [CommandManager] Console executed command: say test
Console: test
[2026/02/10 08:27:44   INFO]                [CommandManager] xeNdok executed command: say noob
xeNdok: noob
[2026/02/10 08:28:01   WARN]                    [Spawning|P] Removing NPC of type Mosshorn_Plain due to overpopulation (expected: 3.125508, actual: 8)
[2026/02/10 08:28:14   WARN]            [SpawnMarkerSystems] Connection with NPC from marker at Vector3d{x=-216.85595703125, y=125.0, z=-665.0503234863281} lost due to being invalid/already unloaded
[2026/02/10 08:28:14   WARN]            [SpawnMarkerSystems] Connection with NPC from marker at Vector3d{x=-235.68807382812565, y=128.00045472412108, z=-677.6433202148442} lost due to being invalid/already unloaded
[2026/02/10 08:28:26   INFO]                [CommandManager] Console executed command: help
[2026/02/10 08:28:29   INFO]                [CommandManager] Console executed command: help
[2026/02/10 08:30:58 SEVERE]                        [Hytale] Missing replacement interactions for interaction: **Goblin_Scrapper_Swing_Right_Selector_HitEntity_Interactions_0 for var Melee_Damage on item ItemStack{itemId=Weapon_Club_Scrap, quantity=1, maxDurability=45.0, durability=45.0, metadata=null} [CONTEXT ratelimit_period="1 MINUTES [skipped: 5]" ]
[2026/02/10 08:31:13   WARN]                    [Spawning|P] Removing NPC of type Duck due to overpopulation (expected: 4.367194, actual: 10)
[2026/02/10 08:31:13   WARN] [EntityTrackerSystems$SendPackets] Removed 1 invalid updates for removed entities.
[2026/02/10 08:31:14   WARN]                    [Spawning|P] Removing NPC of type Trout_Rainbow due to overpopulation (expected: 10.917986, actual: 18)
[2026/02/10 08:31:17   WARN]                    [Spawning|P] Removing NPC of type Trout_Rainbow due to overpopulation (expected: 9.613416, actual: 17)
[2026/02/10 08:31:17   WARN]         [UpdateLocationSystems] Entity has moved into a chunk that isn't currently loaded! -7, -3, com.hypixel.hytale.server.core.modules.entity.component.TransformComponent@6370e3ea
[2026/02/10 08:31:18   WARN]                    [Spawning|P] Removing NPC of type Trout_Rainbow due to overpopulation (expected: 9.378915, actual: 16)
[2026/02/10 08:31:44   WARN]            [SpawnMarkerSystems] Connection with NPC from marker at Vector3d{x=-105.51970863342285, y=65.0, z=-68.35238099098206} lost due to being invalid/already unloaded
[2026/02/10 08:33:35   WARN]                        [Entity] xeNdok, 93e8a8ed-d443-47a7-be67-97277b9ef260: Jump in location in processMovementBlockCollisions 536.9077113327653
[2026/02/10 08:33:35   WARN]                        [Entity] xeNdok, 93e8a8ed-d443-47a7-be67-97277b9ef260: Jump in location in processMovementBlockCollisions 536.9077111940971
[2026/02/10 08:33:42   WARN]                    [Spawning|P] Removing NPC of type Mosshorn_Plain due to overpopulation (expected: 2.385336, actual: 7)
[2026/02/10 08:33:55   WARN]                    [Spawning|P] Removing NPC of type Boar due to overpopulation (expected: 9.786773, actual: 17)
[2026/02/10 08:36:13   INFO]                 [QUICTransport] Received connection from QuicConnectionAddress{connId=} (/127.0.0.1:55541) to QuicConnectionAddress{connId=0bcaf214e7d23fd28c66c64828db15ceff9a413d} (/0.0.0.0:5520)
[2026/02/10 08:36:13   INFO]                        [Hytale] Received stream QuicConnectionAddress{connId=0bcaf214e7d23fd28c66c64828db15ceff9a413d} (/127.0.0.1:55541, streamId=0) to QuicConnectionAddress{connId=0bcaf214e7d23fd28c66c64828db15ceff9a413d} (/0.0.0.0:5520, streamId=0)
[2026/02/10 08:36:13 FINEST]                   [LoginTiming] [{Initial(QuicConnectionAddress{connId=0bcaf214e7d23fd28c66c64828db15ceff9a413d} (/127.0.0.1:55541, streamId=0))}] Entering stage 'initial'
[2026/02/10 08:36:13   FINE]                   [LoginTiming] [{Initial(QuicConnectionAddress{connId=0bcaf214e7d23fd28c66c64828db15ceff9a413d} (/127.0.0.1:55541, streamId=0))}] Registered took 202us 200ns
[2026/02/10 08:36:13   FINE]                   [LoginTiming] [{Initial(QuicConnectionAddress{connId=0bcaf214e7d23fd28c66c64828db15ceff9a413d} (/127.0.0.1:55541, streamId=0))}] Connect took 224us 600ns
[2026/02/10 08:36:13   INFO]                        [Hytale] Starting development flow for OFME (4c9340d7-46d4-4d07-a047-4709cc19480e) from QuicConnectionAddress{connId=0bcaf214e7d23fd28c66c64828db15ceff9a413d} (/127.0.0.1:55541, streamId=0)
[2026/02/10 08:36:13   INFO]         [PasswordPacketHandler] Connection complete for OFME (4c9340d7-46d4-4d07-a047-4709cc19480e), transitioning to setup
[2026/02/10 08:36:13 FINEST]                   [LoginTiming] [{Setup(QuicConnectionAddress{connId=0bcaf214e7d23fd28c66c64828db15ceff9a413d} (/127.0.0.1:55541, streamId=0)), OFME, 4c9340d7-46d4-4d07-a047-4709cc19480e, SECURE}] Entering stage 'setup:world-settings' took 1ms 379us 400ns
[2026/02/10 08:36:13   FINE]                   [LoginTiming] [{Setup(QuicConnectionAddress{connId=0bcaf214e7d23fd28c66c64828db15ceff9a413d} (/127.0.0.1:55541, streamId=0)), OFME, 4c9340d7-46d4-4d07-a047-4709cc19480e, SECURE}] Load Player Config took 215us 300ns
[2026/02/10 08:36:13 FINEST]                   [LoginTiming] [{Setup(QuicConnectionAddress{connId=0bcaf214e7d23fd28c66c64828db15ceff9a413d} (/127.0.0.1:55541, streamId=0)), OFME, 4c9340d7-46d4-4d07-a047-4709cc19480e, SECURE}] Entering stage 'setup:assets-request' took 40ms 931us 800ns
[2026/02/10 08:36:13   FINE]                   [LoginTiming] [{Setup(QuicConnectionAddress{connId=0bcaf214e7d23fd28c66c64828db15ceff9a413d} (/127.0.0.1:55541, streamId=0)), OFME, 4c9340d7-46d4-4d07-a047-4709cc19480e, SECURE}] Request Assets took 93ms 249us 100ns
[2026/02/10 08:36:13 FINEST]                   [LoginTiming] [{Setup(QuicConnectionAddress{connId=0bcaf214e7d23fd28c66c64828db15ceff9a413d} (/127.0.0.1:55541, streamId=0)), OFME, 4c9340d7-46d4-4d07-a047-4709cc19480e, SECURE}] Entering stage 'setup:send-assets' took 239us 800ns
[2026/02/10 08:36:13   FINE]                   [LoginTiming] [{Setup(QuicConnectionAddress{connId=0bcaf214e7d23fd28c66c64828db15ceff9a413d} (/127.0.0.1:55541, streamId=0)), OFME, 4c9340d7-46d4-4d07-a047-4709cc19480e, SECURE}] Send Common Assets took 106us 900ns
[2026/02/10 08:36:13   FINE]                   [LoginTiming] [{Setup(QuicConnectionAddress{connId=0bcaf214e7d23fd28c66c64828db15ceff9a413d} (/127.0.0.1:55541, streamId=0)), OFME, 4c9340d7-46d4-4d07-a047-4709cc19480e, SECURE}] Send Config Assets took 159ms 387us 600ns
[2026/02/10 08:36:15   FINE]                   [LoginTiming] [{Setup(QuicConnectionAddress{connId=0bcaf214e7d23fd28c66c64828db15ceff9a413d} (/127.0.0.1:55541, streamId=0)), OFME, 4c9340d7-46d4-4d07-a047-4709cc19480e, SECURE}] Player Options took 1sec 487ms 903us
[2026/02/10 08:36:15   INFO]                    [Universe|P] Adding player 'OFME (4c9340d7-46d4-4d07-a047-4709cc19480e)
[2026/02/10 08:36:15 FINEST]                   [LoginTiming] [{Setup(QuicConnectionAddress{connId=0bcaf214e7d23fd28c66c64828db15ceff9a413d} (/127.0.0.1:55541, streamId=0)), OFME, 4c9340d7-46d4-4d07-a047-4709cc19480e, SECURE}] Entering stage 'setup:add-to-universe' took 1ms 328us 300ns
[2026/02/10 08:36:15 FINEST]                   [LoginTiming] [{Setup(QuicConnectionAddress{connId=0bcaf214e7d23fd28c66c64828db15ceff9a413d} (/127.0.0.1:55541, streamId=0)), OFME, 4c9340d7-46d4-4d07-a047-4709cc19480e, SECURE}] Load Player Config took 3ms 764us 600ns
[2026/02/10 08:36:15 FINEST]                   [LoginTiming] [{Playing(QuicConnectionAddress{connId=0bcaf214e7d23fd28c66c64828db15ceff9a413d} (/127.0.0.1:55541, streamId=0)), 4c9340d7-46d4-4d07-a047-4709cc19480e, OFME}] Processed Referral took 2ms 623us 200ns
[2026/02/10 08:36:15   WARN]                        [Hytale] {Playing(QuicConnectionAddress{connId=0bcaf214e7d23fd28c66c64828db15ceff9a413d} (/127.0.0.1:55541, streamId=0)), 4c9340d7-46d4-4d07-a047-4709cc19480e, OFME} Added future for ClientReady packet?
[2026/02/10 08:36:15   INFO]                 [World|default] Adding player 'OFME' to world 'default' at location null (4c9340d7-46d4-4d07-a047-4709cc19480e)
[2026/02/10 08:36:15   INFO]                        [Hytale] {Playing(QuicConnectionAddress{connId=0bcaf214e7d23fd28c66c64828db15ceff9a413d} (/127.0.0.1:55541, streamId=0)), 4c9340d7-46d4-4d07-a047-4709cc19480e, OFME}: Sent com.hypixel.hytale.protocol.packets.player.JoinWorld@16190f81
[2026/02/10 08:36:15   WARN]                        [Hytale] {Playing(QuicConnectionAddress{connId=0bcaf214e7d23fd28c66c64828db15ceff9a413d} (/127.0.0.1:55541, streamId=0)), 4c9340d7-46d4-4d07-a047-4709cc19480e, OFME}: Received com.hypixel.hytale.protocol.packets.player.ClientReady@9da7
[2026/02/10 08:36:15   INFO]                 [World|default] Player 'OFME' joined world 'default' at location Vector3d{x=4.6669182777404785, y=115.0, z=-26.55312728881836} (4c9340d7-46d4-4d07-a047-4709cc19480e)
[2026/02/10 08:36:15 FINEST]                   [LoginTiming] [{Playing(QuicConnectionAddress{connId=0bcaf214e7d23fd28c66c64828db15ceff9a413d} (/127.0.0.1:55541, streamId=0)), 4c9340d7-46d4-4d07-a047-4709cc19480e, OFME}] Add to World took 502ms 629us 800ns
[2026/02/10 08:36:15   FINE]                   [LoginTiming] [{Playing(QuicConnectionAddress{connId=0bcaf214e7d23fd28c66c64828db15ceff9a413d} (/127.0.0.1:55541, streamId=0)), 4c9340d7-46d4-4d07-a047-4709cc19480e, OFME}] Add To Universe took 64us 500ns
[2026/02/10 08:36:15   INFO]               [WorldMapTracker] Started Generating Map!
[2026/02/10 08:36:15   WARN]                        [Entity] getPositionComponent called async [CONTEXT ratelimit_period="5 MINUTES" ]
java.lang.Throwable
	at com.hypixel.hytale.server.core.entity.Entity.getTransformComponent(Entity.java:278)
	at com.hypixel.hytale.server.core.universe.world.WorldMapTracker.tick(WorldMapTracker.java:138)
	at com.hypixel.hytale.server.core.universe.world.worldmap.WorldMapManager.tick(WorldMapManager.java:148)
	at com.hypixel.hytale.server.core.util.thread.TickingThread.run(TickingThread.java:89)
	at java.base/java.lang.Thread.run(Thread.java:1583)

[2026/02/10 08:36:17   WARN]                        [Hytale] {Playing(QuicConnectionAddress{connId=0bcaf214e7d23fd28c66c64828db15ceff9a413d} (/127.0.0.1:55541, streamId=0)), 4c9340d7-46d4-4d07-a047-4709cc19480e, OFME}: Received com.hypixel.hytale.protocol.packets.player.ClientReady@9da1
[2026/02/10 08:36:20   WARN]                    [Spawning|P] Removing NPC of type Boar due to overpopulation (expected: 17.048508, actual: 28)
[2026/02/10 08:36:20   WARN]                    [Spawning|P] Removing NPC of type Boar due to overpopulation (expected: 17.048508, actual: 27)
[2026/02/10 08:36:20   WARN]                    [Spawning|P] Removing NPC of type Boar due to overpopulation (expected: 17.048508, actual: 26)
[2026/02/10 08:38:12   WARN]                    [Spawning|P] Removing NPC of type Bunny due to overpopulation (expected: 7.980166, actual: 14)
[2026/02/10 08:38:34   WARN]                    [Spawning|P] Removing NPC of type Boar due to overpopulation (expected: 18.121532, actual: 27)
[2026/02/10 08:38:34   WARN]                    [Spawning|P] Removing NPC of type Skeleton_Fighter due to overpopulation (expected: 1.952312, actual: 7)
[2026/02/10 08:38:37   WARN]                    [Spawning|P] Removing NPC of type Mosshorn_Plain due to overpopulation (expected: 3.253854, actual: 9)
[2026/02/10 08:38:42   WARN]                    [Spawning|P] Removing NPC of type Mosshorn_Plain due to overpopulation (expected: 3.146547, actual: 8)
[2026/02/10 08:38:59   WARN]                    [Spawning|P] Removing NPC of type Minnow due to overpopulation (expected: 6.277626, actual: 12)
[2026/02/10 08:39:01   WARN]                    [Spawning|P] Removing NPC of type Deer_Stag due to overpopulation (expected: 3.138813, actual: 9)
[2026/02/10 08:39:05   WARN]                    [Spawning|P] Removing NPC of type Deer_Stag due to overpopulation (expected: 3.144859, actual: 11)
[2026/02/10 08:39:05   WARN]                    [Spawning|P] Removing NPC of type Deer_Stag due to overpopulation (expected: 3.144859, actual: 10)
[2026/02/10 08:39:12   WARN]                    [Spawning|P] Removing NPC of type Deer_Stag due to overpopulation (expected: 3.144859, actual: 9)
[2026/02/10 08:39:13   WARN]                    [Spawning|P] Removing NPC of type Spider due to overpopulation (expected: 5.466759, actual: 11)
[2026/02/10 08:39:16   WARN]                    [Spawning|P] Removing NPC of type Sparrow due to overpopulation (expected: 2.654441, actual: 8)
[2026/02/10 08:39:31   WARN]                    [Spawning|P] Removing NPC of type Skeleton_Fighter_Wander due to overpopulation (expected: 0.740936, actual: 5)
[2026/02/10 08:39:31   WARN]                    [Spawning|P] Removing NPC of type Skeleton_Fighter_Wander due to overpopulation (expected: 0.740936, actual: 5)
[2026/02/10 08:39:31   WARN]                    [Spawning|P] Removing NPC of type Bluegill due to overpopulation (expected: 7.409357, actual: 14)
[2026/02/10 08:39:31   WARN]                    [Spawning|P] Removing NPC of type Bluegill due to overpopulation (expected: 7.409357, actual: 14)
[2026/02/10 08:40:43   WARN]                    [Spawning|P] Removing NPC of type Rabbit due to overpopulation (expected: 4.265415, actual: 10)
[2026/02/10 08:40:51   WARN]                    [Spawning|P] Marker 0dfd0ed4-ad96-3436-91da-b7263253c2e4 at Vector3d{x=-518.1429901123047, y=37.0, z=406.02877044677734} removed due to repeated spawning fails of Skeleton_Incandescent_Fighter with reason: NO_ROOM
[2026/02/10 08:41:10   INFO]                        [Hytale] BreakBlockInteraction requires a Player but was used for: Ref{store=class com.hypixel.hytale.component.Store@438745574, index=724} [CONTEXT ratelimit_period="5 MINUTES [skipped: 5]" ]
[2026/02/10 08:41:13   WARN]                    [Spawning|P] Removing NPC of type Pigeon due to overpopulation (expected: 3.935285, actual: 9)
[2026/02/10 08:41:14   WARN]                    [Spawning|P] Marker 20335036-64e2-334f-b44d-7604e2947155 at Vector3d{x=-484.8542938232422, y=41.099143981933594, z=483.361328125} removed due to repeated spawning fails of Skeleton_Incandescent_Mage with reason: TOO_HIGH
[2026/02/10 08:41:14   WARN]                    [Spawning|P] Marker 4ed8f92e-b975-3309-91d4-3e93e779d4fc at Vector3d{x=-584.1429901123047, y=37.0, z=308.02877044677734} removed due to repeated spawning fails of Skeleton_Incandescent_Fighter with reason: NO_ROOM
[2026/02/10 08:41:28   WARN]                    [Spawning|P] Marker 545e52e8-30c7-3cd3-8360-e11f2d2d0fe2 at Vector3d{x=-580.1429901123047, y=37.0, z=419.02877044677734} removed due to repeated spawning fails of Skeleton_Incandescent_Fighter with reason: NO_ROOM
[2026/02/10 08:42:38   WARN]                    [Spawning|P] Removing NPC of type Rabbit due to overpopulation (expected: 5.514956, actual: 11)
[2026/02/10 08:42:59   WARN]                    [Spawning|P] Marker bc9d101e-2ebd-3fc2-8bc1-85da50def582 at Vector3d{x=-661.5197086334229, y=65.0, z=468.64761900901794} removed due to repeated spawning fails of Goblin_Miner with reason: NO_ROOM
[2026/02/10 08:43:13   INFO] [PrefabPathSystems$AddOrRemove] Migrating path marker from path Z1T2_007~2 to use new UUID fcec7228-ddfd-30c3-9765-c722c0697b10
[2026/02/10 08:43:13   INFO] [PrefabPathSystems$AddOrRemove] Migrating path marker from path Z1T2_007~1 to use new UUID 8a101342-2d17-31a0-a8b3-c67a459f3865
[2026/02/10 08:43:13   INFO] [PrefabPathSystems$AddOrRemove] Migrating path marker from path Z1T2_007~2 to use new UUID fcec7228-ddfd-30c3-9765-c722c0697b10
[2026/02/10 08:43:13   INFO] [PrefabPathSystems$AddOrRemove] Migrating path marker from path Z1T2_007~1 to use new UUID 8a101342-2d17-31a0-a8b3-c67a459f3865
[2026/02/10 08:43:13   INFO] [PrefabPathSystems$AddOrRemove] Migrating path marker from path Z1T2_007~1 to use new UUID 8a101342-2d17-31a0-a8b3-c67a459f3865
[2026/02/10 08:43:13   INFO] [PrefabPathSystems$AddOrRemove] Migrating path marker from path Z1T2_007~2 to use new UUID fcec7228-ddfd-30c3-9765-c722c0697b10
[2026/02/10 08:43:13   WARN]                    [Spawning|P] Marker f8c0eeac-9851-3c8c-a22f-b7a53735eed6 at Vector3d{x=-691.6906337738037, y=34.0, z=402.65530014038086} removed due to repeated spawning fails of Skeleton_Incandescent_Head with reason: TOO_HIGH
[2026/02/10 08:43:13   WARN]                    [Spawning|P] Marker 6ab45ec5-945d-39f0-98fb-e1bc78d7f23d at Vector3d{x=-692.5920863525391, y=75.00038184814457, z=432.42152243652345} removed due to repeated spawning fails of Goblin_Lobber with reason: NO_ROOM
[2026/02/10 08:43:15   INFO] [PrefabPathSystems$AddOrRemove] Migrating path marker from path Z1T2_007~2 to use new UUID fcec7228-ddfd-30c3-9765-c722c0697b10
[2026/02/10 08:43:15   INFO] [PrefabPathSystems$AddOrRemove] Migrating path marker from path Z1T2_007~2 to use new UUID fcec7228-ddfd-30c3-9765-c722c0697b10
[2026/02/10 08:43:15   INFO] [PrefabPathSystems$AddOrRemove] Migrating path marker from path Z1T2_007~4 to use new UUID 71ee4426-f2d1-366f-a17e-0e09d6592ab5
[2026/02/10 08:43:15   INFO] [PrefabPathSystems$AddOrRemove] Migrating path marker from path Z1T2_007~2 to use new UUID fcec7228-ddfd-30c3-9765-c722c0697b10
[2026/02/10 08:43:15   INFO] [PrefabPathSystems$AddOrRemove] Migrating path marker from path Z1T2_007~2 to use new UUID 77372f32-1364-3f95-a918-dffcf02cc5a4
[2026/02/10 08:43:16   WARN]                    [Spawning|P] Marker e4ce6059-5614-356a-932f-ea994b22768d at Vector3d{x=-659.6863681518555, y=53.0, z=544.1766909759522} removed due to repeated spawning fails of Goblin_Scrapper with reason: TOO_HIGH
[2026/02/10 08:43:16   WARN]                    [Spawning|P] Marker a1cb1886-7d98-3aef-bcff-f420c8c6ccf7 at Vector3d{x=-461.4093432128906, y=69.99942705078125, z=648.3564664306641} removed due to repeated spawning fails of Goblin_Scrapper with reason: TOO_HIGH
[2026/02/10 08:43:16   WARN]                    [Spawning|P] Marker 0582d8c7-4d98-3265-a594-79dea9a24ce0 at Vector3d{x=-719.1474461555481, y=35.0, z=411.3782539367676} removed due to repeated spawning fails of Skeleton_Incandescent_Fighter with reason: TOO_HIGH
[2026/02/10 08:43:16   WARN]                    [Spawning|P] Marker 47685420-d35a-3783-a1e4-f24a7da3f636 at Vector3d{x=-391.8542938232422, y=41.099143981933594, z=612.361328125} removed due to repeated spawning fails of Skeleton_Incandescent_Mage with reason: NO_ROOM
[2026/02/10 08:43:26   WARN]                    [Spawning|P] Removing NPC of type Sheep due to overpopulation (expected: 12.647795, actual: 20)
[2026/02/10 08:43:50   WARN]                    [Spawning|P] Marker 74676633-8e69-3346-8135-10e53adae6c1 at Vector3d{x=-645.8542938232422, y=41.099143981933594, z=182.361328125} removed due to repeated spawning fails of Skeleton_Incandescent_Mage with reason: TOO_HIGH
[2026/02/10 08:43:57   WARN]                    [Spawning|P] Marker 94cf8798-2b1f-3c51-9dcc-95e97951d339 at Vector3d{x=-691.8542938232422, y=41.099143981933594, z=520.361328125} removed due to repeated spawning fails of Skeleton_Incandescent_Mage with reason: TOO_HIGH
[2026/02/10 08:43:57   WARN]                    [Spawning|P] Removing NPC of type Sheep due to overpopulation (expected: 12.771242, actual: 20)
[2026/02/10 08:44:11   WARN]                    [Spawning|P] Removing NPC of type Sheep due to overpopulation (expected: 12.998571, actual: 21)
[2026/02/10 08:44:12   WARN]                    [Spawning|P] Removing NPC of type Owl_Brown due to overpopulation (expected: 2.583151, actual: 8)
[2026/02/10 08:44:17 SEVERE]                 [World|default] Took too long to run pre-load process hook for chunk: 314ms 336us 700ns > TICK_STEP, Has GC Run: true, WorldChunk{x=-39, z=-2, flags=00000000000000000000000000000100}, Hook: com.hypixel.hytale.builtin.fluid.FluidPlugin$$Lambda/0x000001a896aa6440@234dfc8e
[2026/02/10 08:44:17 SEVERE]                    [ChunkStore] Took too long to pre-load process chunk: 34ms 989us 800ns > TICK_STEP, Has GC Run: true, WorldChunk{x=-41, z=4, flags=00000000000000000000000000000100}
[2026/02/10 08:44:20   WARN]                    [Spawning|P] Marker 11ed26a9-8f2b-3c21-a2c0-f7649c9b2ea2 at Vector3d{x=-737.0794944763184, y=37.0, z=200.01558113098145} removed due to repeated spawning fails of Golem_Firesteel with reason: NO_ROOM
[2026/02/10 08:44:43   WARN]                    [Spawning|P] Removing NPC of type Salmon due to overpopulation (expected: 0.575000, actual: 6)
[2026/02/10 08:44:43   WARN]                    [Spawning|P] Removing NPC of type Bluegill due to overpopulation (expected: 0.141335, actual: 5)
[2026/02/10 08:44:43   WARN]                    [Spawning|P] Removing NPC of type Salmon due to overpopulation (expected: 0.575000, actual: 5)
[2026/02/10 08:44:53   WARN]                    [Spawning|P] Removing NPC of type Salmon due to overpopulation (expected: 1.825391, actual: 7)
[2026/02/10 08:44:53   WARN]                    [Spawning|P] Removing NPC of type Salmon due to overpopulation (expected: 1.825391, actual: 7)
[2026/02/10 08:44:56   WARN]                    [Spawning|P] Removing NPC of type Fox due to overpopulation (expected: 3.988029, actual: 9)
[2026/02/10 08:44:57   WARN]                    [Spawning|P] Removing NPC of type Minnow due to overpopulation (expected: 7.913958, actual: 19)
[2026/02/10 08:44:57   WARN]                    [Spawning|P] Removing NPC of type Minnow due to overpopulation (expected: 7.913958, actual: 18)
[2026/02/10 08:44:58   WARN]                    [Spawning|P] Removing NPC of type Minnow due to overpopulation (expected: 8.693405, actual: 17)
[2026/02/10 08:44:59   WARN]                    [Spawning|P] Removing NPC of type Minnow due to overpopulation (expected: 8.581690, actual: 16)
[2026/02/10 08:44:59   WARN]                    [Spawning|P] Removing NPC of type Minnow due to overpopulation (expected: 8.581690, actual: 15)
[2026/02/10 08:45:03   WARN]                    [Spawning|P] Removing NPC of type Shark_Hammerhead due to overpopulation (expected: 0.134020, actual: 5)
[2026/02/10 08:45:07   WARN]                    [Spawning|P] Removing NPC of type Shark_Hammerhead due to overpopulation (expected: 0.134979, actual: 5)
[2026/02/10 08:45:13   WARN]                    [Spawning|P] Removing NPC of type Duck due to overpopulation (expected: 3.369652, actual: 9)
[2026/02/10 08:45:26   WARN]                    [Spawning|P] Removing NPC of type Boar due to overpopulation (expected: 15.952603, actual: 27)
[2026/02/10 08:45:26   WARN]                    [Spawning|P] Removing NPC of type Boar due to overpopulation (expected: 15.952603, actual: 27)
[2026/02/10 08:45:26   WARN]                    [Spawning|P] Removing NPC of type Pigeon due to overpopulation (expected: 3.131213, actual: 8)
[2026/02/10 08:45:28   WARN]                    [Spawning|P] Removing NPC of type Skeleton_Fighter_Wander due to overpopulation (expected: 0.782803, actual: 6)
[2026/02/10 08:45:28   WARN]                    [Spawning|P] Removing NPC of type Shark_Hammerhead due to overpopulation (expected: 0.134517, actual: 5)
[2026/02/10 08:45:28   WARN]                    [Spawning|P] Removing NPC of type Lobster due to overpopulation (expected: 2.107810, actual: 7)
[2026/02/10 08:45:29   WARN]                    [Spawning|P] Removing NPC of type Boar due to overpopulation (expected: 15.952603, actual: 25)
[2026/02/10 08:45:29   WARN]                    [Spawning|P] Removing NPC of type Lobster due to overpopulation (expected: 2.107810, actual: 7)
[2026/02/10 08:45:29   WARN]                    [Spawning|P] Removing NPC of type Boar due to overpopulation (expected: 15.952603, actual: 24)
[2026/02/10 08:45:32   WARN]                    [Spawning|P] Removing NPC of type Skeleton_Fighter_Wander due to overpopulation (expected: 0.765658, actual: 5)
[2026/02/10 08:45:32   WARN]                    [Spawning|P] Removing NPC of type Skeleton_Fighter_Wander due to overpopulation (expected: 0.765658, actual: 5)
[2026/02/10 08:45:33   WARN]                    [Spawning|P] Removing NPC of type Skeleton_Fighter due to overpopulation (expected: 2.238989, actual: 7)
[2026/02/10 08:46:44   WARN]                    [Spawning|P] Removing NPC of type Minnow due to overpopulation (expected: 5.568897, actual: 11)
[2026/02/10 08:47:15   WARN]                    [Spawning|P] NPCEntity despawning due to lost marker: Ref{store=class com.hypixel.hytale.component.Store@438745574, index=539}
[2026/02/10 08:48:47   WARN]                    [Spawning|P] Removing NPC of type Bluegill due to overpopulation (expected: 3.935902, actual: 10)
[2026/02/10 08:48:49   WARN]                    [Spawning|P] Removing NPC of type Bluegill due to overpopulation (expected: 4.106179, actual: 14)
[2026/02/10 08:48:50   WARN]                    [Spawning|P] Removing NPC of type Bluegill due to overpopulation (expected: 4.106179, actual: 13)
[2026/02/10 08:48:50   WARN]                    [Spawning|P] Removing NPC of type Bluegill due to overpopulation (expected: 4.106179, actual: 12)
[2026/02/10 08:48:51   WARN]                    [Spawning|P] Removing NPC of type Bluegill due to overpopulation (expected: 4.106179, actual: 11)
[2026/02/10 08:48:51   WARN]                    [Spawning|P] Removing NPC of type Bluegill due to overpopulation (expected: 4.106179, actual: 10)
[2026/02/10 08:48:51   WARN]                    [Spawning|P] Removing NPC of type Bluegill due to overpopulation (expected: 4.106179, actual: 10)
[2026/02/10 08:49:21   WARN]                    [Spawning|P] Removing NPC of type Eel_Moray due to overpopulation (expected: 4.134233, actual: 10)
[2026/02/10 08:50:30   INFO]                        [Hytale] dc311f49-4742-47b3-aefb-d555fd07ac8e - OFME at QuicConnectionAddress{connId=00c13c815be3f755f2f7a5a1846d6763ac74e407} (/25.5.109.11:60454, streamId=0) left with reason: Disconnect - Player leave
[2026/02/10 08:50:30   INFO]                        [Hytale] {Playing(null (null, streamId=0)), dc311f49-4742-47b3-aefb-d555fd07ac8e, OFME} was closed.
[2026/02/10 08:50:30   INFO]                    [Universe|P] Removing player 'OFME' (dc311f49-4742-47b3-aefb-d555fd07ac8e)
[2026/02/10 08:50:30   INFO]                 [QUICTransport] Connection closed: QuicheQuicConnectionStats[recv=166986, sent=332327, lost=1032, retrans=1115, sentBytes=139242434, recvBytes=33987657, lostBytes=1091299, streamRetransBytes=1149917, pathsCount=1]
[2026/02/10 08:50:30   INFO]                  [Objectives|P] Checking objectives for disconnecting player 'OFME' (dc311f49-4742-47b3-aefb-d555fd07ac8e)
[2026/02/10 08:50:30   INFO]                  [Objectives|P] Processing 0 active objectives for 'OFME' (dc311f49-4742-47b3-aefb-d555fd07ac8e)
[2026/02/10 08:50:30   INFO]                 [PlayerSystems] Removing player 'OFME (OFME)' from world 'default' (dc311f49-4742-47b3-aefb-d555fd07ac8e)
[2026/02/10 08:57:01   WARN]                    [Spawning|P] Removing NPC of type Minnow due to overpopulation (expected: 5.497916, actual: 11)
[2026/02/10 08:57:59   WARN]                    [Spawning|P] Removing NPC of type Skeleton_Fighter due to overpopulation (expected: 1.466761, actual: 6)
[2026/02/10 09:00:12   WARN]                    [Spawning|P] Removing NPC of type Rabbit due to overpopulation (expected: 2.176325, actual: 7)
[2026/02/10 09:00:32   WARN]                    [Spawning|P] Removing NPC of type Pig due to overpopulation (expected: 3.495733, actual: 12)
[2026/02/10 09:00:33   WARN]                    [Spawning|P] Removing NPC of type Pig due to overpopulation (expected: 3.495733, actual: 11)
[2026/02/10 09:00:38   WARN]                    [Spawning|P] Removing NPC of type Pig due to overpopulation (expected: 3.303763, actual: 10)
[2026/02/10 09:00:40   WARN]                    [Spawning|P] Removing NPC of type Pig due to overpopulation (expected: 3.303763, actual: 9)
[2026/02/10 09:00:42   WARN]                    [Spawning|P] Removing NPC of type Frostgill due to overpopulation (expected: 0.797070, actual: 9)
[2026/02/10 09:00:42   WARN]                    [Spawning|P] Removing NPC of type Frostgill due to overpopulation (expected: 0.797070, actual: 8)
[2026/02/10 09:00:43   WARN]                    [Spawning|P] Removing NPC of type Frostgill due to overpopulation (expected: 0.797070, actual: 7)
[2026/02/10 09:00:43   WARN]                    [Spawning|P] Removing NPC of type Frostgill due to overpopulation (expected: 0.797070, actual: 6)
[2026/02/10 09:00:44   WARN]                    [Spawning|P] Removing NPC of type Frostgill due to overpopulation (expected: 0.797070, actual: 5)
[2026/02/10 09:00:47   WARN]                    [Spawning|P] Removing NPC of type Raven due to overpopulation (expected: 0.007751, actual: 5)
[2026/02/10 09:00:48   WARN]                    [Spawning|P] Removing NPC of type Crawler_Void due to overpopulation (expected: 0.019377, actual: 9)
[2026/02/10 09:00:48   WARN]                    [Spawning|P] Removing NPC of type Crawler_Void due to overpopulation (expected: 0.019377, actual: 9)
[2026/02/10 09:00:48   WARN]                    [Spawning|P] Removing NPC of type Crawler_Void due to overpopulation (expected: 0.019377, actual: 9)
[2026/02/10 09:00:48   WARN]                    [Spawning|P] Removing NPC of type Crawler_Void due to overpopulation (expected: 0.019377, actual: 9)
[2026/02/10 09:00:49   WARN]                    [Spawning|P] Removing NPC of type Crawler_Void due to overpopulation (expected: 0.019377, actual: 5)
[2026/02/10 09:00:49   WARN]                    [Spawning|P] Removing NPC of type Crawler_Void due to overpopulation (expected: 0.019377, actual: 5)
[2026/02/10 09:00:49   WARN]                    [Spawning|P] Removing NPC of type Crawler_Void due to overpopulation (expected: 0.019377, actual: 5)
[2026/02/10 09:01:21   WARN]                    [Spawning|P] Removing NPC of type Squirrel due to overpopulation (expected: 2.976174, actual: 8)
[2026/02/10 09:01:22   WARN]                    [Spawning|P] Removing NPC of type Pig due to overpopulation (expected: 2.905568, actual: 8)
[2026/02/10 09:03:29   WARN]                        [Entity] Missing animation 'Eat' for Model 'Trillodon' [CONTEXT ratelimit_period="1 MINUTES [skipped: 1]" ]
[2026/02/10 09:04:17   WARN]                    [Spawning|P] Removing NPC of type Minnow due to overpopulation (expected: 4.891661, actual: 11)
[2026/02/10 09:04:20   WARN]                    [Spawning|P] Removing NPC of type Rabbit due to overpopulation (expected: 2.887250, actual: 8)
[2026/02/10 09:04:32   WARN]                    [Spawning|P] Removing NPC of type Boar due to overpopulation (expected: 13.561372, actual: 21)
[2026/02/10 09:04:35   WARN]                        [Entity] Missing animation 'Eat' for Model 'Trillodon' [CONTEXT ratelimit_period="1 MINUTES [skipped: 3]" ]
[2026/02/10 09:04:37   WARN]                    [Spawning|P] Removing NPC of type Boar due to overpopulation (expected: 15.525121, actual: 28)
[2026/02/10 09:04:38   WARN]                    [Spawning|P] Removing NPC of type Spider due to overpopulation (expected: 3.685004, actual: 9)
[2026/02/10 09:04:39   WARN]                    [Spawning|P] Removing NPC of type Boar due to overpopulation (expected: 14.740015, actual: 26)
[2026/02/10 09:04:40   WARN]                    [Spawning|P] Removing NPC of type Boar due to overpopulation (expected: 14.740015, actual: 25)
[2026/02/10 09:04:43   WARN]                    [Spawning|P] Removing NPC of type Spider due to overpopulation (expected: 3.881205, actual: 9)
[2026/02/10 09:04:53   WARN]                    [Spawning|P] Removing NPC of type Cow due to overpopulation (expected: 4.195876, actual: 10)
[2026/02/10 09:05:14   WARN]                    [Spawning|P] Removing NPC of type Skeleton_Fighter due to overpopulation (expected: 4.101977, actual: 10)
[2026/02/10 09:05:17   WARN]                    [Spawning|P] Removing NPC of type Boar due to overpopulation (expected: 21.558661, actual: 32)
[2026/02/10 09:05:17   WARN]                    [Spawning|P] Removing NPC of type Rabbit due to overpopulation (expected: 2.372228, actual: 8)
[2026/02/10 09:05:19   WARN]                    [Spawning|P] Removing NPC of type Rabbit due to overpopulation (expected: 2.239851, actual: 7)
[2026/02/10 09:05:21   WARN]                    [Spawning|P] Removing NPC of type Duck due to overpopulation (expected: 1.935888, actual: 7)
[2026/02/10 09:05:22   INFO]                [CommandManager] OFME executed command: help
[2026/02/10 09:05:28   INFO]                [CommandManager] xeNdok executed command: tp ofme
[2026/02/10 09:05:43   WARN]                    [Spawning|P] Removing NPC of type Sparrow due to overpopulation (expected: 0.267778, actual: 5)
[2026/02/10 09:06:40   INFO]                [CommandManager] xeNdok executed command: tp OFME
[2026/02/10 09:06:47   INFO]                        [Hytale] 93e8a8ed-d443-47a7-be67-97277b9ef260 - xeNdok at QuicConnectionAddress{connId=392fb8fb8df4b1987d4c7da8af09b263a524f6f1} (/25.9.60.222:51123, streamId=0) left with reason: Disconnect - Player leave
[2026/02/10 09:06:47   INFO]                        [Hytale] {Playing(null (null, streamId=0)), 93e8a8ed-d443-47a7-be67-97277b9ef260, xeNdok} was closed.
[2026/02/10 09:06:47   INFO]                    [Universe|P] Removing player 'xeNdok' (93e8a8ed-d443-47a7-be67-97277b9ef260)
[2026/02/10 09:06:47   INFO]                 [QUICTransport] Connection closed: QuicheQuicConnectionStats[recv=561675, sent=1369380, lost=58318, retrans=58340, sentBytes=754276218, recvBytes=76555043, lostBytes=65831964, streamRetransBytes=64355225, pathsCount=1]
[2026/02/10 09:06:47   INFO]                  [Objectives|P] Checking objectives for disconnecting player 'xeNdok' (93e8a8ed-d443-47a7-be67-97277b9ef260)
[2026/02/10 09:06:47   INFO]                  [Objectives|P] Processing 0 active objectives for 'xeNdok' (93e8a8ed-d443-47a7-be67-97277b9ef260)
[2026/02/10 09:06:47   INFO]                 [PlayerSystems] Removing player 'xeNdok (OFME)' from world 'default' (93e8a8ed-d443-47a7-be67-97277b9ef260)
[2026/02/10 09:06:51   INFO]                 [QUICTransport] Received connection from QuicConnectionAddress{connId=} (/25.9.60.222:53408) to QuicConnectionAddress{connId=74f4158af5606797ff9e46682e18a551d9f45eed} (/0.0.0.0:5520)
[2026/02/10 09:06:52   INFO]                        [Hytale] Received stream QuicConnectionAddress{connId=74f4158af5606797ff9e46682e18a551d9f45eed} (/25.9.60.222:53408, streamId=0) to QuicConnectionAddress{connId=74f4158af5606797ff9e46682e18a551d9f45eed} (/0.0.0.0:5520, streamId=0)
[2026/02/10 09:06:52 FINEST]                   [LoginTiming] [{Initial(QuicConnectionAddress{connId=74f4158af5606797ff9e46682e18a551d9f45eed} (/25.9.60.222:53408, streamId=0))}] Entering stage 'initial'
[2026/02/10 09:06:52   FINE]                   [LoginTiming] [{Initial(QuicConnectionAddress{connId=74f4158af5606797ff9e46682e18a551d9f45eed} (/25.9.60.222:53408, streamId=0))}] Registered took 172us
[2026/02/10 09:06:52   FINE]                   [LoginTiming] [{Initial(QuicConnectionAddress{connId=74f4158af5606797ff9e46682e18a551d9f45eed} (/25.9.60.222:53408, streamId=0))}] Connect took 197us 900ns
[2026/02/10 09:06:52   INFO]                        [Hytale] Starting development flow for xeNdok (93e8a8ed-d443-47a7-be67-97277b9ef260) from QuicConnectionAddress{connId=74f4158af5606797ff9e46682e18a551d9f45eed} (/25.9.60.222:53408, streamId=0)
[2026/02/10 09:06:52   INFO]         [PasswordPacketHandler] Connection complete for xeNdok (93e8a8ed-d443-47a7-be67-97277b9ef260), transitioning to setup
[2026/02/10 09:06:52 FINEST]                   [LoginTiming] [{Setup(QuicConnectionAddress{connId=74f4158af5606797ff9e46682e18a551d9f45eed} (/25.9.60.222:53408, streamId=0)), xeNdok, 93e8a8ed-d443-47a7-be67-97277b9ef260, SECURE}] Entering stage 'setup:world-settings' took 560us 400ns
[2026/02/10 09:06:52   FINE]                   [LoginTiming] [{Setup(QuicConnectionAddress{connId=74f4158af5606797ff9e46682e18a551d9f45eed} (/25.9.60.222:53408, streamId=0)), xeNdok, 93e8a8ed-d443-47a7-be67-97277b9ef260, SECURE}] Load Player Config took 170us 600ns
[2026/02/10 09:06:52 FINEST]                   [LoginTiming] [{Setup(QuicConnectionAddress{connId=74f4158af5606797ff9e46682e18a551d9f45eed} (/25.9.60.222:53408, streamId=0)), xeNdok, 93e8a8ed-d443-47a7-be67-97277b9ef260, SECURE}] Entering stage 'setup:assets-request' took 58ms 414us 900ns
[2026/02/10 09:06:52   FINE]                   [LoginTiming] [{Setup(QuicConnectionAddress{connId=74f4158af5606797ff9e46682e18a551d9f45eed} (/25.9.60.222:53408, streamId=0)), xeNdok, 93e8a8ed-d443-47a7-be67-97277b9ef260, SECURE}] Request Assets took 313ms 338us 800ns
[2026/02/10 09:06:52 FINEST]                   [LoginTiming] [{Setup(QuicConnectionAddress{connId=74f4158af5606797ff9e46682e18a551d9f45eed} (/25.9.60.222:53408, streamId=0)), xeNdok, 93e8a8ed-d443-47a7-be67-97277b9ef260, SECURE}] Entering stage 'setup:send-assets' took 199us
[2026/02/10 09:06:52   FINE]                   [LoginTiming] [{Setup(QuicConnectionAddress{connId=74f4158af5606797ff9e46682e18a551d9f45eed} (/25.9.60.222:53408, streamId=0)), xeNdok, 93e8a8ed-d443-47a7-be67-97277b9ef260, SECURE}] Send Common Assets took 126us 500ns
[2026/02/10 09:06:52   FINE]                   [LoginTiming] [{Setup(QuicConnectionAddress{connId=74f4158af5606797ff9e46682e18a551d9f45eed} (/25.9.60.222:53408, streamId=0)), xeNdok, 93e8a8ed-d443-47a7-be67-97277b9ef260, SECURE}] Send Config Assets took 117ms 572us 300ns
[2026/02/10 09:06:55   FINE]                   [LoginTiming] [{Setup(QuicConnectionAddress{connId=74f4158af5606797ff9e46682e18a551d9f45eed} (/25.9.60.222:53408, streamId=0)), xeNdok, 93e8a8ed-d443-47a7-be67-97277b9ef260, SECURE}] Player Options took 2sec 622ms 948us 400ns
[2026/02/10 09:06:55   INFO]                    [Universe|P] Adding player 'xeNdok (93e8a8ed-d443-47a7-be67-97277b9ef260)
[2026/02/10 09:06:55 FINEST]                   [LoginTiming] [{Setup(QuicConnectionAddress{connId=74f4158af5606797ff9e46682e18a551d9f45eed} (/25.9.60.222:53408, streamId=0)), xeNdok, 93e8a8ed-d443-47a7-be67-97277b9ef260, SECURE}] Entering stage 'setup:add-to-universe' took 638us 800ns
[2026/02/10 09:06:55 FINEST]                   [LoginTiming] [{Setup(QuicConnectionAddress{connId=74f4158af5606797ff9e46682e18a551d9f45eed} (/25.9.60.222:53408, streamId=0)), xeNdok, 93e8a8ed-d443-47a7-be67-97277b9ef260, SECURE}] Load Player Config took 14ms 990us 900ns
[2026/02/10 09:06:55 FINEST]                   [LoginTiming] [{Playing(QuicConnectionAddress{connId=74f4158af5606797ff9e46682e18a551d9f45eed} (/25.9.60.222:53408, streamId=0)), 93e8a8ed-d443-47a7-be67-97277b9ef260, xeNdok}] Processed Referral took 1ms 813us 900ns
[2026/02/10 09:06:55   WARN]                        [Hytale] {Playing(QuicConnectionAddress{connId=74f4158af5606797ff9e46682e18a551d9f45eed} (/25.9.60.222:53408, streamId=0)), 93e8a8ed-d443-47a7-be67-97277b9ef260, xeNdok} Added future for ClientReady packet?
[2026/02/10 09:06:55   INFO]                 [World|default] Adding player 'xeNdok' to world 'default' at location null (93e8a8ed-d443-47a7-be67-97277b9ef260)
[2026/02/10 09:06:55   INFO]                        [Hytale] {Playing(QuicConnectionAddress{connId=74f4158af5606797ff9e46682e18a551d9f45eed} (/25.9.60.222:53408, streamId=0)), 93e8a8ed-d443-47a7-be67-97277b9ef260, xeNdok}: Sent com.hypixel.hytale.protocol.packets.player.JoinWorld@16190f81
[2026/02/10 09:06:55   WARN]                        [Hytale] {Playing(QuicConnectionAddress{connId=74f4158af5606797ff9e46682e18a551d9f45eed} (/25.9.60.222:53408, streamId=0)), 93e8a8ed-d443-47a7-be67-97277b9ef260, xeNdok}: Received com.hypixel.hytale.protocol.packets.player.ClientReady@9da7
[2026/02/10 09:06:55   INFO]                 [World|default] Player 'xeNdok' joined world 'default' at location Vector3d{x=725.6748657226562, y=137.19088745117188, z=259.6748962402344} (93e8a8ed-d443-47a7-be67-97277b9ef260)
[2026/02/10 09:06:55 FINEST]                   [LoginTiming] [{Playing(QuicConnectionAddress{connId=74f4158af5606797ff9e46682e18a551d9f45eed} (/25.9.60.222:53408, streamId=0)), 93e8a8ed-d443-47a7-be67-97277b9ef260, xeNdok}] Add to World took 596ms 384us 500ns
[2026/02/10 09:06:55   FINE]                   [LoginTiming] [{Playing(QuicConnectionAddress{connId=74f4158af5606797ff9e46682e18a551d9f45eed} (/25.9.60.222:53408, streamId=0)), 93e8a8ed-d443-47a7-be67-97277b9ef260, xeNdok}] Add To Universe took 78us 600ns
[2026/02/10 09:06:55   INFO]               [WorldMapTracker] Started Generating Map!
[2026/02/10 09:06:55   WARN]                        [Entity] getPositionComponent called async [CONTEXT ratelimit_period="5 MINUTES" ]
java.lang.Throwable
	at com.hypixel.hytale.server.core.entity.Entity.getTransformComponent(Entity.java:278)
	at com.hypixel.hytale.server.core.universe.world.WorldMapTracker.tick(WorldMapTracker.java:138)
	at com.hypixel.hytale.server.core.universe.world.worldmap.WorldMapManager.tick(WorldMapManager.java:148)
	at com.hypixel.hytale.server.core.util.thread.TickingThread.run(TickingThread.java:89)
	at java.base/java.lang.Thread.run(Thread.java:1583)

[2026/02/10 09:06:58   WARN]                    [Spawning|P] Removing NPC of type Skeleton_Burnt_Soldier_Wander due to overpopulation (expected: 10.697266, actual: 19)
[2026/02/10 09:06:58   WARN]                    [Spawning|P] Removing NPC of type Skeleton_Burnt_Soldier_Wander due to overpopulation (expected: 10.697266, actual: 19)
[2026/02/10 09:06:58   WARN]                    [Spawning|P] Removing NPC of type Skeleton_Burnt_Soldier_Wander due to overpopulation (expected: 10.697266, actual: 19)
[2026/02/10 09:06:58   WARN]                    [Spawning|P] Removing NPC of type Skeleton_Burnt_Soldier_Wander due to overpopulation (expected: 10.697266, actual: 19)
[2026/02/10 09:06:58   WARN]                    [Spawning|P] Removing NPC of type Skeleton_Burnt_Soldier_Wander due to overpopulation (expected: 10.697266, actual: 19)
[2026/02/10 09:07:02   WARN]                    [Spawning|P] Removing NPC of type Shark_Hammerhead due to overpopulation (expected: 1.104119, actual: 6)
[2026/02/10 09:07:02   WARN]                        [Hytale] {Playing(QuicConnectionAddress{connId=74f4158af5606797ff9e46682e18a551d9f45eed} (/25.9.60.222:53408, streamId=0)), 93e8a8ed-d443-47a7-be67-97277b9ef260, xeNdok}: Received com.hypixel.hytale.protocol.packets.player.ClientReady@9da1
[2026/02/10 09:07:08 SEVERE]                        [Hytale] Missing replacement interactions for interaction: *NPC_Attack_Melee_Simple_Next for var Melee_Selector on item null [CONTEXT ratelimit_period="1 MINUTES [skipped: 13]" ]
[2026/02/10 09:07:50   WARN]                    [Spawning|P] Removing NPC of type Pufferfish due to overpopulation (expected: 0.694173, actual: 5)
[2026/02/10 09:08:30 SEVERE]                        [Hytale] Missing replacement interactions for interaction: ***Shield_Block_Next_Next_Next for var Shield_Block_Damage on item ItemStack{itemId=Weapon_Battleaxe_Steel_Rusty, quantity=1, maxDurability=80.0, durability=80.0, metadata=null} [CONTEXT ratelimit_period="1 MINUTES [skipped: 3]" ]
[2026/02/10 09:08:30   WARN]                        [Entity] Missing animation 'Eat' for Model 'Trillodon' [CONTEXT ratelimit_period="1 MINUTES" ]
[2026/02/10 09:10:20   WARN]                        [Entity] Missing animation 'Eat' for Model 'Trillodon' [CONTEXT ratelimit_period="1 MINUTES [skipped: 2]" ]
[2026/02/10 09:11:12   WARN]                    [Spawning|P] Removing NPC of type Salmon due to overpopulation (expected: 4.299609, actual: 10)
[2026/02/10 09:11:23   WARN]                    [Spawning|P] Removing NPC of type Salmon due to overpopulation (expected: 4.595117, actual: 10)
[2026/02/10 09:12:23   WARN]                        [Entity] Missing animation 'Eat' for Model 'Trillodon' [CONTEXT ratelimit_period="1 MINUTES [skipped: 3]" ]
[2026/02/10 09:12:31   WARN]                    [Spawning|P] Removing NPC of type Shark_Hammerhead due to overpopulation (expected: 0.500426, actual: 5)
[2026/02/10 09:12:36   WARN]                    [Spawning|P] Removing NPC of type Tang_Chevron due to overpopulation (expected: 1.459961, actual: 6)
[2026/02/10 09:12:38   WARN]                    [Spawning|P] Removing NPC of type Clownfish due to overpopulation (expected: 1.459961, actual: 6)
[2026/02/10 09:14:08   WARN]                    [Spawning|P] Removing NPC of type Trout_Rainbow due to overpopulation (expected: 0.755982, actual: 5)
[2026/02/10 09:14:11   WARN]                        [Entity] Missing animation 'Eat' for Model 'Trillodon' [CONTEXT ratelimit_period="1 MINUTES [skipped: 2]" ]
[2026/02/10 09:15:03   WARN]                    [Spawning|P] Removing NPC of type Spider due to overpopulation (expected: 0.592205, actual: 5)
[2026/02/10 09:15:25   WARN]                    [Spawning|P] Removing NPC of type Woodpecker due to overpopulation (expected: 0.397817, actual: 5)
[2026/02/10 09:15:35   WARN]                    [Spawning|P] Removing NPC of type Pig due to overpopulation (expected: 1.470680, actual: 8)
[2026/02/10 09:15:35   WARN]                    [Spawning|P] Removing NPC of type Pig due to overpopulation (expected: 1.470680, actual: 7)
[2026/02/10 09:15:36   WARN]                    [Spawning|P] Removing NPC of type Pig due to overpopulation (expected: 1.470680, actual: 6)
[2026/02/10 09:17:10   INFO]                        [Hytale] BreakBlockInteraction requires a Player but was used for: Ref{store=class com.hypixel.hytale.component.Store@438745574, index=29} [CONTEXT ratelimit_period="5 MINUTES [skipped: 10]" ]
[2026/02/10 09:17:54   WARN]                    [Spawning|P] Removing NPC of type Boar due to overpopulation (expected: 7.924978, actual: 14)
[2026/02/10 09:18:00   WARN]                    [Spawning|P] Removing NPC of type Skeleton_Fighter due to overpopulation (expected: 1.287892, actual: 6)
[2026/02/10 09:18:00   WARN]                    [Spawning|P] Removing NPC of type Owl_Brown due to overpopulation (expected: 0.743953, actual: 5)
[2026/02/10 09:18:02   WARN]                    [Spawning|P] Removing NPC of type Boar due to overpopulation (expected: 7.064936, actual: 13)
[2026/02/10 09:18:03   WARN]                    [Spawning|P] Removing NPC of type Duck due to overpopulation (expected: 1.620171, actual: 7)
[2026/02/10 09:18:25   WARN]                    [Spawning|P] Removing NPC of type Boar due to overpopulation (expected: 6.330085, actual: 12)
[2026/02/10 09:18:47 SEVERE]                        [Hytale] Missing replacement interactions for interaction: **Goblin_Scrapper_Swing_Right_Selector_HitEntity_Interactions_0 for var Melee_Damage on item ItemStack{itemId=Tool_Pickaxe_Scrap, quantity=1, maxDurability=60.0, durability=60.0, metadata=null} [CONTEXT ratelimit_period="1 MINUTES [skipped: 4]" ]
[2026/02/10 09:20:10   WARN] [EntityTrackerSystems$SendPackets] Removed 1 invalid updates for removed entities.
[2026/02/10 09:20:10   WARN] [EntityTrackerSystems$SendPackets] Removed 1 invalid updates for removed entities.
[2026/02/10 09:21:14 SEVERE]                        [Hytale] Missing replacement interactions for interaction: *Consume_Charge_Food_T1_Interactions_0 for var ConsumeSFX on item ItemStack{itemId=Plant_Crop_Carrot_Item, quantity=6, maxDurability=0.0, durability=0.0, metadata=null} [CONTEXT ratelimit_period="1 MINUTES [skipped: 3]" ]
[2026/02/10 09:22:53 SEVERE]                        [Hytale] Missing replacement interactions for interaction: *Consume_Charge_Food_T1_Interactions_0 for var ConsumeSFX on item ItemStack{itemId=Plant_Crop_Carrot_Item, quantity=4, maxDurability=0.0, durability=0.0, metadata=null} [CONTEXT ratelimit_period="1 MINUTES [skipped: 1]" ]
[2026/02/10 09:23:12   WARN]                    [Spawning|P] Removing NPC of type Duck due to overpopulation (expected: 1.429688, actual: 6)
[2026/02/10 09:26:49   WARN]                    [Spawning|P] Removing NPC of type Raven due to overpopulation (expected: 0.077577, actual: 5)
[2026/02/10 09:26:57   WARN]                    [Spawning|P] Removing NPC of type Bear_Grizzly due to overpopulation (expected: 1.565096, actual: 6)
[2026/02/10 09:27:02   WARN]                    [Spawning|P] Marker 81f2ef53-54ee-369d-bdc1-226f3b726df4 at Vector3d{x=112.97673797607422, y=36.0, z=827.9926471710205} removed due to repeated spawning fails of Skeleton_Incandescent_Mage with reason: TOO_HIGH
[2026/02/10 09:27:14   WARN]                    [Spawning|P] Marker c2af0c75-a02f-329e-90bd-53a5944e096a at Vector3d{x=142.40791364746093, y=67.00038184814457, z=904.4215224365234} removed due to repeated spawning fails of Goblin_Scrapper with reason: TOO_HIGH
[2026/02/10 09:27:40   INFO]                        [Hytale] 4c9340d7-46d4-4d07-a047-4709cc19480e - OFME at QuicConnectionAddress{connId=0bcaf214e7d23fd28c66c64828db15ceff9a413d} (/127.0.0.1:55541, streamId=0) left with reason: Disconnect - Player leave
[2026/02/10 09:27:40   INFO]                        [Hytale] {Playing(null (null, streamId=0)), 4c9340d7-46d4-4d07-a047-4709cc19480e, OFME} was closed.
[2026/02/10 09:27:40   INFO]                    [Universe|P] Removing player 'OFME' (4c9340d7-46d4-4d07-a047-4709cc19480e)
[2026/02/10 09:27:40   INFO]                 [QUICTransport] Connection closed: QuicheQuicConnectionStats[recv=383619, sent=980062, lost=0, retrans=21, sentBytes=516710089, recvBytes=58178092, lostBytes=0, streamRetransBytes=10933, pathsCount=1]
[2026/02/10 09:27:40   INFO]                  [Objectives|P] Checking objectives for disconnecting player 'OFME' (4c9340d7-46d4-4d07-a047-4709cc19480e)
[2026/02/10 09:27:40   INFO]                  [Objectives|P] Processing 0 active objectives for 'OFME' (4c9340d7-46d4-4d07-a047-4709cc19480e)
[2026/02/10 09:27:40   INFO]                 [PlayerSystems] Removing player 'OFME (OFME)' from world 'default' (4c9340d7-46d4-4d07-a047-4709cc19480e)
