[2026/02/10 01:08:20   INFO]           [HytaleServer] Starting HytaleServer
[2026/02/10 01:08:20   INFO]           [HytaleServer] Loading config...
[2026/02/10 01:08:20   INFO]           [HytaleServer] Authentication mode: OFFLINE
[2026/02/10 01:08:21   INFO]      [ServerAuthManager] No server tokens configured. Use /auth login to authenticate, or provide tokens via CLI/environment.
[2026/02/10 01:08:21   INFO]      [ServerAuthManager] Server session ID: 0b1fee7e-90f9-437f-9b09-5b4946581a35
[2026/02/10 01:08:21   INFO]           [HytaleServer] Enabling Sentry
[2026/02/10 01:08:22   INFO]           [HytaleServer] Booting up HytaleServer - Version: 2026.01.28-87d03be09, Revision: 87d03be09c7f114f385971a3caa437033671b771
[2026/02/10 01:08:22   INFO]           [HytaleServer] Setup phase...
[2026/02/10 01:08:22   INFO]          [PluginManager] Loading pending core plugins!
[2026/02/10 01:08:22   INFO]          [PluginManager] - Hytale:ConsoleModule
[2026/02/10 01:08:22   INFO]          [PluginManager] - Hytale:PermissionsModule
[2026/02/10 01:08:22   INFO]          [PluginManager] - Hytale:UpdateModule
[2026/02/10 01:08:22   INFO]          [PluginManager] - Hytale:FlyCameraModule
[2026/02/10 01:08:22   INFO]          [PluginManager] - Hytale:AssetModule
[2026/02/10 01:08:22   INFO]          [PluginManager] - Hytale:CommonAssetModule
[2026/02/10 01:08:22   INFO]          [PluginManager] - Hytale:CosmeticsModule
[2026/02/10 01:08:22   INFO]          [PluginManager] - Hytale:ServerManager
[2026/02/10 01:08:22   INFO]          [PluginManager] - Hytale:I18nModule
[2026/02/10 01:08:22   INFO]          [PluginManager] - Hytale:ItemModule
[2026/02/10 01:08:22   INFO]          [PluginManager] - Hytale:BlockTypeModule
[2026/02/10 01:08:22   INFO]          [PluginManager] - Hytale:LegacyModule
[2026/02/10 01:08:22   INFO]          [PluginManager] - Hytale:BlockModule
[2026/02/10 01:08:22   INFO]          [PluginManager] - Hytale:BlockStateModule
[2026/02/10 01:08:22   INFO]          [PluginManager] - Hytale:CollisionModule
[2026/02/10 01:08:22   INFO]          [PluginManager] - Hytale:BlockSetModule
[2026/02/10 01:08:22   INFO]          [PluginManager] - Hytale:MigrationModule
[2026/02/10 01:08:22   INFO]          [PluginManager] - Hytale:BlockHealthModule
[2026/02/10 01:08:22   INFO]          [PluginManager] - Hytale:PrefabSpawnerModule
[2026/02/10 01:08:22   INFO]          [PluginManager] - Hytale:TimeModule
[2026/02/10 01:08:22   INFO]          [PluginManager] - Hytale:InteractionModule
[2026/02/10 01:08:22   INFO]          [PluginManager] - Hytale:EntityModule
[2026/02/10 01:08:22   INFO]          [PluginManager] - Hytale:EntityStatsModule
[2026/02/10 01:08:22   INFO]          [PluginManager] - Hytale:EntityUIModule
[2026/02/10 01:08:22   INFO]          [PluginManager] - Hytale:DamageModule
[2026/02/10 01:08:22   INFO]          [PluginManager] - Hytale:SplitVelocity
[2026/02/10 01:08:22   INFO]          [PluginManager] - Hytale:StaminaModule
[2026/02/10 01:08:22   INFO]          [PluginManager] - Hytale:DebugPlugin
[2026/02/10 01:08:22   INFO]          [PluginManager] - Hytale:ProjectileModule
[2026/02/10 01:08:22   INFO]          [PluginManager] - Hytale:ServerPlayerListModule
[2026/02/10 01:08:22   INFO]          [PluginManager] - Hytale:AccessControlModule
[2026/02/10 01:08:22   INFO]          [PluginManager] - Hytale:SingleplayerModule
[2026/02/10 01:08:22   INFO]          [PluginManager] - Hytale:Universe
[2026/02/10 01:08:22   INFO]          [PluginManager] - Hytale:ConnectedBlocksModule
[2026/02/10 01:08:22   INFO]          [PluginManager] Loading pending classpath plugins!
[2026/02/10 01:08:22   INFO]          [PluginManager] - Hytale:AssetEditor
[2026/02/10 01:08:22   INFO]          [PluginManager] - Hytale:BlockSpawner
[2026/02/10 01:08:22   INFO]          [PluginManager] - Hytale:BlockTick
[2026/02/10 01:08:22   INFO]          [PluginManager] - Hytale:BlockPhysics
[2026/02/10 01:08:22   INFO]          [PluginManager] - Hytale:BuilderTools
[2026/02/10 01:08:22   INFO]          [PluginManager] - Hytale:Crafting
[2026/02/10 01:08:22   INFO]          [PluginManager] - Hytale:CommandMacro
[2026/02/10 01:08:22   INFO]          [PluginManager] - Hytale:Instances
[2026/02/10 01:08:22   INFO]          [PluginManager] - Hytale:LANDiscovery
[2026/02/10 01:08:22   INFO]          [PluginManager] - Hytale:NPC
[2026/02/10 01:08:22   INFO]          [PluginManager] - Hytale:NPCObjectives
[2026/02/10 01:08:22   INFO]          [PluginManager] - Hytale:ObjectiveReputation
[2026/02/10 01:08:22   INFO]          [PluginManager] - Hytale:Objectives
[2026/02/10 01:08:22   INFO]          [PluginManager] - Hytale:ObjectiveShop
[2026/02/10 01:08:22   INFO]          [PluginManager] - Hytale:Path
[2026/02/10 01:08:22   INFO]          [PluginManager] - Hytale:Reputation
[2026/02/10 01:08:22   INFO]          [PluginManager] - Hytale:NPCReputation
[2026/02/10 01:08:22   INFO]          [PluginManager] - Hytale:Shop
[2026/02/10 01:08:22   INFO]          [PluginManager] - Hytale:ShopReputation
[2026/02/10 01:08:22   INFO]          [PluginManager] - Hytale:NPCShop
[2026/02/10 01:08:22   INFO]          [PluginManager] - Hytale:NPCEditor
[2026/02/10 01:08:22   INFO]          [PluginManager] - Hytale:Stash
[2026/02/10 01:08:22   INFO]          [PluginManager] - Hytale:TagSet
[2026/02/10 01:08:22   INFO]          [PluginManager] - Hytale:Teleport
[2026/02/10 01:08:22   INFO]          [PluginManager] - Hytale:Fluid
[2026/02/10 01:08:22   INFO]          [PluginManager] - Hytale:Weather
[2026/02/10 01:08:22   INFO]          [PluginManager] - Hytale:WorldGen
[2026/02/10 01:08:22   INFO]          [PluginManager] - Hytale:Farming
[2026/02/10 01:08:22   INFO]          [PluginManager] - Hytale:Camera
[2026/02/10 01:08:22   INFO]          [PluginManager] - Hytale:WorldLocationCondition
[2026/02/10 01:08:22   INFO]          [PluginManager] - Hytale:NPCCombatActionEvaluator
[2026/02/10 01:08:22   INFO]          [PluginManager] - Hytale:Model
[2026/02/10 01:08:22   INFO]          [PluginManager] - Hytale:Mantling
[2026/02/10 01:08:22   INFO]          [PluginManager] - Hytale:SafetyRoll
[2026/02/10 01:08:22   INFO]          [PluginManager] - Hytale:SprintForce
[2026/02/10 01:08:22   INFO]          [PluginManager] - Hytale:CrouchSlide
[2026/02/10 01:08:22   INFO]          [PluginManager] - Hytale:Parkour
[2026/02/10 01:08:22   INFO]          [PluginManager] - Hytale:Mounts
[2026/02/10 01:08:22   INFO]          [PluginManager] - Hytale:HytaleGenerator
[2026/02/10 01:08:22   INFO]          [PluginManager] - Hytale:Teleporter
[2026/02/10 01:08:22   INFO]          [PluginManager] - Hytale:Memories
[2026/02/10 01:08:22   INFO]          [PluginManager] - Hytale:Deployables
[2026/02/10 01:08:22   INFO]          [PluginManager] - Hytale:Portals
[2026/02/10 01:08:22   INFO]          [PluginManager] - Hytale:Beds
[2026/02/10 01:08:22   INFO]          [PluginManager] - Hytale:Ambience
[2026/02/10 01:08:22   INFO]          [PluginManager] - Hytale:CreativeHub
[2026/02/10 01:08:22   INFO]          [PluginManager] Loading pending plugins from directory: mods
[2026/02/10 01:08:22   INFO]          [AssetModule|P] Asset monitor enabled!
[2026/02/10 01:08:22   INFO]          [AssetModule|P] Loaded pack: Hytale:Hytale from Assets.zip
[2026/02/10 01:08:22   INFO]          [AssetModule|P] Loading packs from directory: mods
[2026/02/10 01:08:22   WARN]          [AssetModule|P] Skipping pack at Hytale_Shop: missing or invalid manifest.json
[2026/02/10 01:08:23   INFO]        [ConsoleModule|P] Setup console with type: windows-vtp
[2026/02/10 01:08:23   INFO]      [ServerAuthManager] Server certificate set: CN=localhost
[2026/02/10 01:08:23   INFO]          [QUICTransport] Server certificate registered for mutual auth, fingerprint: bb3TwpNZn63bd8Lyu8W0_r_I30pMm_3IWWeiJ1bWgYc
[2026/02/10 01:08:23   INFO]          [QUICTransport] Using IPv4 Datagram Channel: NioDatagramChannel(INET)...
[2026/02/10 01:08:23   INFO]          [QUICTransport] Using IPv6 Datagram Channel: NioDatagramChannel(INET6)...
[2026/02/10 01:08:23   INFO]        [ServerManager|P] Took 1sec 413ms 17us 201ns to setup transport!
[2026/02/10 01:08:26   INFO]      [ServerAuthManager] Auth credential store: Memory
[2026/02/10 01:08:26   INFO]           [HytaleServer] Setup phase completed! Boot time 5sec 572ms 241us 401ns
[2026/02/10 01:08:26   INFO]                 [Hytale] Loading common assets from: /
[2026/02/10 01:08:26   INFO]    [CommonAssetModule|P] Took 148ms 3us 700ns to load 22992 assets from CommonAssetsIndex.hashes file.
[2026/02/10 01:08:26   WARN]    [CommonAssetModule|P] Duplicated Asset Count: 933
[2026/02/10 01:08:26   INFO]                 [Hytale] Loading common assets phase completed! Boot time 5sec 721ms 370us 601ns, Took 148ms 625us 299ns
[2026/02/10 01:08:26   INFO]    [AssetRegistryLoader] Loading 91 asset stores...
[2026/02/10 01:08:26   INFO]    [AssetRegistryLoader] Pre-adding assets...
[2026/02/10 01:08:26   INFO]      [CollisionModule|P] Block extents for CollisionSystem is Max=0.0, Min=0.0
[2026/02/10 01:08:26   INFO]                 [Hytale] Loading assets from: /Server
[2026/02/10 01:08:26   INFO]    [AssetRegistryLoader] Loading assets from /Server
[2026/02/10 01:08:26   WARN] [AssetStore|WorldStructureAsset] Unused key(s) in 'Interpolation' file /Server/HytaleGenerator/WorldStructures/Dev/Interpolation.json: BiomeTransitions
[2026/02/10 01:08:26   WARN]  [AssetStore|ScriptedBrushAsset] Unused key(s) in 'FluidMaskExample' file /Server/ScriptedBrushes/Examples/FluidMaskExample.json: Description
[2026/02/10 01:08:26   WARN]  [AssetStore|ScriptedBrushAsset] Unused key(s) in 'Walls-Floors' file /Server/ScriptedBrushes/Archive/Walls-Floors.json: Operations.0.Offset
[2026/02/10 01:08:26   WARN]  [AssetStore|ScriptedBrushAsset] Asset key 'templeFloor' for file '/Server/ScriptedBrushes/Archive/templeFloor.json' has incorrect format! Expected: 'TempleFloor'
[2026/02/10 01:08:26   WARN]  [AssetStore|ScriptedBrushAsset] Asset key 'templePillars' for file '/Server/ScriptedBrushes/Archive/templePillars.json' has incorrect format! Expected: 'TemplePillars'
[2026/02/10 01:08:26   WARN]  [AssetStore|ScriptedBrushAsset] Unused key(s) in 'ReplaceWaterExample' file /Server/ScriptedBrushes/Examples/ReplaceWaterExample.json: Description
[2026/02/10 01:08:26   WARN]  [AssetStore|ScriptedBrushAsset] Asset key 'moltenBall' for file '/Server/ScriptedBrushes/Archive/moltenBall.json' has incorrect format! Expected: 'MoltenBall'
[2026/02/10 01:08:26   WARN]  [AssetStore|ScriptedBrushAsset] Asset key 'BoulderBrush_old' for file '/Server/ScriptedBrushes/Archive/BoulderBrush_old.json' has incorrect format! Expected: 'BoulderBrush_Old'
[2026/02/10 01:08:26   WARN]  [AssetStore|ScriptedBrushAsset] Asset key 'templeRandom' for file '/Server/ScriptedBrushes/Archive/templeRandom.json' has incorrect format! Expected: 'TempleRandom'
[2026/02/10 01:08:26   WARN]  [AssetStore|ScriptedBrushAsset] Asset key 'templeDestruction' for file '/Server/ScriptedBrushes/Archive/templeDestruction.json' has incorrect format! Expected: 'TempleDestruction'
[2026/02/10 01:08:26   WARN]  [AssetStore|ScriptedBrushAsset] Asset key 'MountainBrush_old' for file '/Server/ScriptedBrushes/Archive/MountainBrush_old.json' has incorrect format! Expected: 'MountainBrush_Old'
[2026/02/10 01:08:26   WARN]  [AssetStore|ScriptedBrushAsset] Asset key 'keepDestruction' for file '/Server/ScriptedBrushes/Archive/keepDestruction.json' has incorrect format! Expected: 'KeepDestruction'
[2026/02/10 01:08:26   WARN]  [AssetStore|ScriptedBrushAsset] Asset key 'templeWalls' for file '/Server/ScriptedBrushes/Archive/templeWalls.json' has incorrect format! Expected: 'TempleWalls'
[2026/02/10 01:08:26   INFO]              [HytaleGenerator|P] Loaded Settings asset.
[2026/02/10 01:08:26   WARN]               [BlockSetModule|P] Creating block sets: Failed to find block name 'Furniture_Temple_Light_Statue'
[2026/02/10 01:08:26   WARN]               [BlockSetModule|P] Creating block sets: Failed to find block name 'Ingredient_Hay'
[2026/02/10 01:08:26   WARN]               [BlockSetModule|P] Creating block sets: Failed to find block name 'Wood_Softwood_Planks'
[2026/02/10 01:08:26   WARN]               [BlockSetModule|P] Creating block sets: Failed to find block name 'Furniture_Feran_Bed'
[2026/02/10 01:08:26   WARN]               [BlockSetModule|P] Creating block sets: Failed to find block name 'Coop_Chicken'
[2026/02/10 01:08:26   WARN]               [BlockSetModule|P] Creating block sets: Failed to find hitbox name 'Fence'
[2026/02/10 01:08:26   WARN]               [BlockSetModule|P] Creating block sets: Failed to find hitbox name 'Fence_Gate'
[2026/02/10 01:08:26   WARN]               [BlockSetModule|P] Creating block sets: Failed to find hitbox name 'Fence_Gate_Open_In'
[2026/02/10 01:08:26   WARN]               [BlockSetModule|P] Creating block sets: Failed to find hitbox name 'Fence_Gate_Open_Out'
[2026/02/10 01:08:26   WARN]               [BlockSetModule|P] Creating block sets: Failed to find hitbox name 'Fence_Thin'
[2026/02/10 01:08:26   WARN]               [BlockSetModule|P] Creating block sets: Failed to find hitbox name 'Fence_Thick'
[2026/02/10 01:08:26   WARN]               [BlockSetModule|P] Creating block sets: Failed to find hitbox name 'Fence_Corner'
[2026/02/10 01:08:26   WARN]               [BlockSetModule|P] Creating block sets: Failed to find hitbox name 'Fence_Corner_Thin'
[2026/02/10 01:08:26   WARN]               [BlockSetModule|P] Creating block sets: Failed to find hitbox name 'Fence_Corner_Thick'
[2026/02/10 01:08:26   WARN]               [BlockSetModule|P] Creating block sets: Failed to find block name 'Furniture_Crude_Bed'
[2026/02/10 01:08:26   WARN]               [BlockSetModule|P] Creating block sets: Failed to find block name 'Soil_Grass'
[2026/02/10 01:08:26   WARN]               [BlockSetModule|P] Creating block sets: Failed to find block name 'Soil_Dirt'
[2026/02/10 01:08:26   WARN]               [BlockSetModule|P] Creating block sets: Failed to find block name 'Soil_Dirt_Poisoned'
[2026/02/10 01:08:26   WARN]               [BlockSetModule|P] Creating block sets: Failed to find block name 'Soil_Mud'
[2026/02/10 01:08:26   WARN]               [BlockSetModule|P] Creating block sets: Failed to find block name 'Deco_Bone_Pile'
[2026/02/10 01:08:26   WARN]               [BlockSetModule|P] Creating block sets: Failed to find block name 'Deco_Bone_Skulls'
[2026/02/10 01:08:26   WARN]               [BlockSetModule|P] Creating block sets: Failed to find block name 'Soil_Gravel_Sand'
[2026/02/10 01:08:26   WARN]               [BlockSetModule|P] Creating block sets: Failed to find block name 'Soil_Dirt'
[2026/02/10 01:08:26   WARN]               [BlockSetModule|P] Creating block sets: Failed to find block name 'Soil_Clay'
[2026/02/10 01:08:26   WARN]               [BlockSetModule|P] Creating block sets: Failed to find block name 'Rock_Stone'
[2026/02/10 01:08:26   WARN]               [BlockSetModule|P] Creating block sets: Failed to find block name 'Rock_Marble'
[2026/02/10 01:08:26   WARN]               [BlockSetModule|P] Creating block sets: Failed to find block name 'Rock_Chalk'
[2026/02/10 01:08:26   WARN] [AssetStore|CustomConnectedBlockTemplateAsset] Unused key(s) in 'DoorLargeConnectedBlockTemplate' file /Server/Item/CustomConnectedBlockTemplates/DoorLargeConnectedBlockTemplate.json: ConnectsToOtherTemplates
[2026/02/10 01:08:26   WARN] [AssetStore|CustomConnectedBlockTemplateAsset] Unused key(s) in 'RailsConnectedBlockTemplate' file /Server/Item/CustomConnectedBlockTemplates/RailsConnectedBlockTemplate.json: MaterialName
[2026/02/10 01:08:26   INFO]              [CollisionModule|P] Block extents for CollisionSystem is Max=3.0, Min=0.0
[2026/02/10 01:08:26   WARN]          [AssetStore|BiomeAsset] Unused key(s) in 'Example_Mixer_Gradient' file /Server/HytaleGenerator/Biomes/Examples/Example_Mixer_Gradient.json: Terrain.Density.Inputs.0.Inputs.0.Inputs.0.Inputs.0.Inputs.0.Inputs.0.CacheSize, Terrain.Density.Inputs.1.Inputs.0.Inputs.0.Inputs.0.Inputs.0.Inputs.0.CacheSize, Terrain.Density.Inputs.2.Inputs.0.CacheSize
[2026/02/10 01:08:26   WARN]          [AssetStore|BiomeAsset] Unused key(s) in 'Something' file /Server/HytaleGenerator/Biomes/Experimental/Something.json: Terrain.Density.Inputs.0.Inputs.0.Inputs.0.Inputs.0.CacheSize, Terrain.Density.Inputs.0.Inputs.0.Inputs.0.Inputs.1.Inputs.0.CacheSize, Terrain.Density.Inputs.0.Inputs.0.Inputs.1.Inputs.0.CacheSize, Terrain.Density.Inputs.0.Inputs.0.Inputs.1.Inputs.1.Inputs.0.Inputs.0.Inputs.0.Inputs.0.Sampled, Terrain.Density.Inputs.0.Inputs.0.Inputs.1.Inputs.3.Inputs.0.Inputs.0.CacheSize, Terrain.Density.Inputs.0.Inputs.1.Inputs.0.CacheSize, Terrain.Density.Inputs.0.Inputs.1.Inputs.1.Inputs.0.Inputs.0.CacheSize
[2026/02/10 01:08:26   WARN]                [HytaleGenerator] Duplicate export name for asset: pattern1
[2026/02/10 01:08:26   WARN]          [AssetStore|BiomeAsset] Unused key(s) in 'Boreal1_Henges' file /Server/HytaleGenerator/Biomes/Boreal1/Boreal1_Henges.json: Terrain.Density.Inputs.0.Inputs.1.Inputs.0.Inputs.0.Inputs.0.Inputs.1.Inputs.0.Inputs.0.Inputs.0.Positions.Positions.OffsetX, Terrain.Density.Inputs.0.Inputs.1.Inputs.0.Inputs.0.Inputs.0.Inputs.1.Inputs.0.Inputs.0.Inputs.0.Positions.Positions.OffsetY, Terrain.Density.Inputs.0.Inputs.1.Inputs.0.Inputs.0.Inputs.0.Inputs.1.Inputs.0.Inputs.0.Inputs.0.Positions.Positions.OffsetZ, Terrain.Density.Inputs.0.Inputs.1.Inputs.0.Inputs.1.Inputs.0.Inputs.1.Inputs.0.Inputs.0.Inputs.0.Inputs.0.Positions.Positions.OffsetX, Terrain.Density.Inputs.0.Inputs.1.Inputs.0.Inputs.1.Inputs.0.Inputs.1.Inputs.0.Inputs.0.Inputs.0.Inputs.0.Positions.Positions.OffsetY, Terrain.Density.Inputs.0.Inputs.1.Inputs.0.Inputs.1.Inputs.0.Inputs.1.Inputs.0.Inputs.0.Inputs.0.Inputs.0.Positions.Positions.OffsetZ
[2026/02/10 01:08:26   WARN]                [HytaleGenerator] Duplicate export name for asset: werstjrtydkm,
[2026/02/10 01:08:26   WARN]          [AssetStore|BiomeAsset] Unused key(s) in 'Fake3dNoise' file /Server/HytaleGenerator/Biomes/Examples/Fake3dNoise.json: Terrain.Density.Inputs.1.CacheSize, Terrain.Density.Inputs.2.Inputs.1.Inputs.0.Inputs.0.CacheSize, Terrain.Density.Inputs.2.Inputs.1.Inputs.0.Inputs.1.CacheSize, Terrain.Density.Inputs.2.Inputs.1.Inputs.0.Inputs.2.CacheSize, Terrain.Density.Inputs.2.Inputs.1.Inputs.0.Inputs.3.CacheSize, Terrain.Density.Inputs.2.Inputs.1.Inputs.0.Inputs.4.CacheSize, Terrain.Density.Inputs.2.Inputs.1.Inputs.0.Inputs.5.CacheSize
[2026/02/10 01:08:26   WARN]                [HytaleGenerator] Duplicate export name for asset: Taiga1_Rewood_Trees_Mask
[2026/02/10 01:08:26   WARN]          [AssetStore|BiomeAsset] Unused key(s) in 'Example_Prop' file /Server/HytaleGenerator/Biomes/Examples/Example_Prop.json: Terrain.Density.Inputs.0.CacheSize
[2026/02/10 01:08:26   WARN]          [AssetStore|BiomeAsset] Unused key(s) in 'Example_Fluid' file /Server/HytaleGenerator/Biomes/Examples/Example_Fluid.json: Terrain.Density.Inputs.0.CacheSize, MaterialProvider.Empty.Queue.0.BaseHeight
[2026/02/10 01:08:26   WARN]          [AssetStore|BiomeAsset] Unused key(s) in 'CursebreakerKeyartBiome' file /Server/HytaleGenerator/Biomes/Experimental/CursebreakerKeyartBiome.json: Terrain.Density.Inputs.0.Inputs.0.Inputs.0.Inputs.0.Inputs.0.Inputs.0.CacheSize, Terrain.Density.Inputs.0.Inputs.0.Inputs.0.Inputs.1.Inputs.0.Inputs.0.CacheSize, Terrain.Density.Inputs.0.Inputs.0.Inputs.1.Inputs.0.Inputs.0.Inputs.0.Inputs.0.CacheSize, Terrain.Density.Inputs.0.Inputs.1.Inputs.0.Inputs.0.Inputs.0.CacheSize
[2026/02/10 01:08:26   INFO]                [HytaleGenerator] Exported Scanner asset with name 'BasicForestTreeScanner' with asset id 'null
[2026/02/10 01:08:26   WARN]          [AssetStore|BiomeAsset] Unused key(s) in 'Example_Multi_Mixer_Horizontal' file /Server/HytaleGenerator/Biomes/Examples/Example_Multi_Mixer_Horizontal.json: Terrain.Density.Inputs.0.Inputs.0.Inputs.0.Inputs.0.CacheSize, Terrain.Density.Inputs.0.Inputs.0.Inputs.0.Inputs.1.CacheSize, Terrain.Density.Inputs.0.Inputs.0.Inputs.0.Inputs.2.CacheSize, Terrain.Density.Inputs.0.Inputs.0.Inputs.0.Inputs.3.CacheSize
[2026/02/10 01:08:26   WARN]          [AssetStore|BiomeAsset] Unused key(s) in 'Example_Multi_Mixer_Curve' file /Server/HytaleGenerator/Biomes/Examples/Example_Multi_Mixer_Curve.json: Terrain.Density.Inputs.0.Inputs.0.Inputs.0.Inputs.0.CacheSize, Terrain.Density.Inputs.0.Inputs.1.Inputs.0.Inputs.0.Inputs.0.Inputs.0.CacheSize, Terrain.Density.Inputs.0.Inputs.1.Inputs.0.Inputs.0.Inputs.0.Inputs.1.CacheSize, Terrain.Density.Inputs.0.Inputs.1.Inputs.0.Inputs.0.Inputs.0.Inputs.2.CacheSize, Terrain.Density.Inputs.0.Inputs.1.Inputs.1.CacheSize, Terrain.Density.Inputs.1.Inputs.0.CacheSize
[2026/02/10 01:08:26   WARN]          [AssetStore|BiomeAsset] Unused key(s) in 'SingleInstance_Test' file /Server/HytaleGenerator/Biomes/Examples/SingleInstance_Test.json: Terrain.Density.Inputs.0.Inputs.1.SingleInstance
[2026/02/10 01:08:26   WARN]                [HytaleGenerator] Duplicate export name for asset: River-Boulders-Mask
[2026/02/10 01:08:26   WARN]          [AssetStore|BiomeAsset] Unused key(s) in 'Dunes' file /Server/HytaleGenerator/Biomes/Experimental/Dunes.json: Terrain.Density.Inputs.0.Inputs.0.Inputs.0.Inputs.0.Inputs.0.Inputs.1.Inputs.0.Inputs.0.Inputs.0.CacheSize, Terrain.Density.Inputs.0.Inputs.0.Inputs.0.Inputs.0.Inputs.0.Inputs.1.Inputs.0.Inputs.1.Inputs.0.CacheSize, Terrain.Density.Inputs.0.Inputs.0.Inputs.0.Inputs.1.Inputs.0.Inputs.0.Inputs.0.CacheSize, Terrain.Density.Inputs.0.Inputs.0.Inputs.0.Inputs.1.Inputs.0.Inputs.1.Inputs.0.CacheSize, Terrain.Density.Inputs.0.Inputs.0.Inputs.1.Inputs.0.Inputs.0.Inputs.1.Inputs.0.Inputs.0.Inputs.0.CacheSize, Terrain.Density.Inputs.0.Inputs.0.Inputs.1.Inputs.0.Inputs.0.Inputs.1.Inputs.0.Inputs.1.Inputs.0.CacheSize, Terrain.Density.Inputs.0.Inputs.0.Inputs.1.Inputs.1.Inputs.0.Inputs.0.CacheSize, Terrain.Density.Inputs.0.Inputs.0.Inputs.1.Inputs.1.Inputs.1.Inputs.0.CacheSize, Terrain.Density.Inputs.0.Inputs.1.Inputs.0.Inputs.0.Inputs.0.Inputs.0.CacheSize, Terrain.Density.Inputs.0.Inputs.1.Inputs.1.Inputs.0.CacheSize, MaterialProvider.Solid.Queue.0.FieldFunction.CacheSize
[2026/02/10 01:08:26   WARN]                [HytaleGenerator] Duplicate export name for asset: werstjrtydkm,
[2026/02/10 01:08:26   WARN]          [AssetStore|BiomeAsset] Unused key(s) in 'Plains1_Deeproot' file /Server/HytaleGenerator/Biomes/Plains1/Plains1_Deeproot.json: Props.5.Positions.OffsetX, Props.5.Positions.OffsetY, Props.5.Positions.OffsetZ
[2026/02/10 01:08:26   WARN]                [HytaleGenerator] Duplicate export name for asset: BasicForestTreeScanner
[2026/02/10 01:08:26   INFO]                [HytaleGenerator] Exported Scanner asset with name 'BasicForestTreeScanner' with asset id 'null
[2026/02/10 01:08:26 SEVERE]                           [SERR] Reallocate: 131072 to 1179648
[2026/02/10 01:08:26   WARN]          [AssetStore|BiomeAsset] Unused key(s) in 'Basic' file /Server/HytaleGenerator/Biomes/Basic.json: Props.0.Assignments.Prop.BoxBlockType
[2026/02/10 01:08:26   WARN]                [HytaleGenerator] Duplicate export name for asset: Desert1_Rivers_Cliffs
[2026/02/10 01:08:26   WARN]                [HytaleGenerator] Duplicate export name for asset: River-Boulders-Mask
[2026/02/10 01:08:26   WARN]                [HytaleGenerator] Duplicate export name for asset: River-Boulders-Mask
[2026/02/10 01:08:26   WARN]          [AssetStore|BiomeAsset] Unused key(s) in 'Example_Mixer' file /Server/HytaleGenerator/Biomes/Examples/Example_Mixer.json: Terrain.Density.Inputs.0.CacheSize, Terrain.Density.Inputs.1.Inputs.2.Inputs.0.CacheSize
[2026/02/10 01:08:26   WARN]                [HytaleGenerator] Duplicate export name for asset: Plains1-Gorges-BaseTerrain
[2026/02/10 01:08:26   WARN]          [AssetStore|BiomeAsset] Unused key(s) in 'Volcanic1_Jungle' file /Server/HytaleGenerator/Biomes/Volcanic1/Volcanic1_Jungle.json: Props.1.Positions.OffsetX, Props.1.Positions.OffsetY, Props.1.Positions.OffsetZ, Props.2.Positions.OffsetX, Props.2.Positions.OffsetY, Props.2.Positions.OffsetZ, Props.3.Positions.OffsetX, Props.3.Positions.OffsetY, Props.3.Positions.OffsetZ
[2026/02/10 01:08:26   WARN]          [AssetStore|BiomeAsset] Unused key(s) in 'Arches' file /Server/HytaleGenerator/Biomes/Experimental/Arches.json: Terrain.Density.Inputs.0.Inputs.0.Inputs.0.Inputs.0.Inputs.0.CacheSize, Terrain.Density.Inputs.0.Inputs.1.Inputs.0.Inputs.0.Inputs.0.CacheSize, Terrain.Density.Inputs.0.Inputs.1.Inputs.0.Inputs.0.Inputs.0.Inputs.0.ReturnType.Density.CacheSize, Terrain.Density.Inputs.0.Inputs.1.Inputs.0.Inputs.1.Inputs.0.CacheSize, Terrain.Density.Inputs.0.Inputs.1.Inputs.0.Inputs.1.Inputs.0.Inputs.0.ReturnType.Density.Inputs.0.Inputs.0.Inputs.0.CacheSize, Terrain.Density.Inputs.0.Inputs.1.Inputs.0.Inputs.2.Inputs.0.CacheSize
[2026/02/10 01:08:26   WARN]                [HytaleGenerator] Duplicate export name for asset: River-Boulders-Mask
[2026/02/10 01:08:26   WARN]                [HytaleGenerator] Duplicate export name for asset: River-Boulders-Mask
[2026/02/10 01:08:26   WARN]                [HytaleGenerator] Duplicate export name for asset: River-Boulders-Mask
[2026/02/10 01:08:26   WARN]                [HytaleGenerator] Duplicate export name for asset: River-Boulders-Mask
[2026/02/10 01:08:26 SEVERE]                           [SERR] Reallocate: 131072 to 1179648
[2026/02/10 01:08:26   WARN]                [HytaleGenerator] Duplicate export name for asset: River-Boulders-Mask
[2026/02/10 01:08:26   WARN]          [AssetStore|BiomeAsset] Unused key(s) in 'Generative_Buildings' file /Server/HytaleGenerator/Biomes/Generative/Generative_Buildings.json: Terrain.Density.Inputs.1.Inputs.0.Inputs.0.Inputs.0.Inputs.0.Inputs.0.Inputs.0.Inputs.0.Inputs.0.Positions.Positions.Positions.OffsetX, Terrain.Density.Inputs.1.Inputs.0.Inputs.0.Inputs.0.Inputs.0.Inputs.0.Inputs.0.Inputs.0.Inputs.0.Positions.Positions.Positions.OffsetY, Terrain.Density.Inputs.1.Inputs.0.Inputs.0.Inputs.0.Inputs.0.Inputs.0.Inputs.0.Inputs.0.Inputs.0.Positions.Positions.Positions.OffsetZ
[2026/02/10 01:08:26 SEVERE]                           [SERR] Reallocate: 131072 to 1179648
[2026/02/10 01:08:26   WARN]                [HytaleGenerator] Duplicate export name for asset: Peak
[2026/02/10 01:08:26   INFO]                [HytaleGenerator] Exported Scanner asset with name 'Desert1_Rocky_Trees_Dry_Scanner' with asset id 'null
[2026/02/10 01:08:26   INFO]                [HytaleGenerator] Exported Scanner asset with name 'Desert1_Rocky_Trees_Palm_Scanner' with asset id 'null
[2026/02/10 01:08:26   WARN]          [AssetStore|BiomeAsset] Unused key(s) in 'Desert1_Oasis' file /Server/HytaleGenerator/Biomes/Desert1/Desert1_Oasis.json: Props.2.Positions.Positions.OffsetX, Props.2.Positions.Positions.OffsetY, Props.2.Positions.Positions.OffsetZ, Props.3.Positions.Positions.OffsetX, Props.3.Positions.Positions.OffsetY, Props.3.Positions.Positions.OffsetZ, Props.4.Positions.Positions.OffsetX, Props.4.Positions.Positions.OffsetY, Props.4.Positions.Positions.OffsetZ, Props.5.Positions.Positions.OffsetX, Props.5.Positions.Positions.OffsetY, Props.5.Positions.Positions.OffsetZ, Props.6.Positions.Positions.OffsetX, Props.6.Positions.Positions.OffsetY, Props.6.Positions.Positions.OffsetZ
[2026/02/10 01:08:26   WARN]            [AssetStore|ModelVFX] Asset key 'test' for file '/Server/Entity/ModelVFX/test.json' has incorrect format! Expected: 'Test'
[2026/02/10 01:08:26   WARN]               [MacroCommandBase] Could not parse default argument value for argument: 'world' on Macro Command: 'settimeandgohome'.
server.commands.errors.noSuchWorld{name=com.hypixel.hytale.protocol.StringParamValue@bf4c6e40}
server.commands.errors.noSuchWorld{name=com.hypixel.hytale.protocol.StringParamValue@bf4c6e40}
[2026/02/10 01:08:29   WARN]      [AssetStore|ParticleSystem] Unused key(s) in 'Potion_Health_Implosion' file /Server/Particles/Status_Effect/Potion_Health/Potion_Health_Implosion.particlesystem: Spawners.0.Scale
[2026/02/10 01:08:29   WARN]      [AssetStore|ParticleSystem] Unused key(s) in 'Potion_Stamina_Burst' file /Server/Particles/Status_Effect/Potion_Stamina/Potion_Stamina_Burst.particlesystem: Spawners.0.Scale
[2026/02/10 01:08:29   WARN]      [AssetStore|ParticleSystem] Unused key(s) in 'Potion_Morph_Burst' file /Server/Particles/Status_Effect/Potion_Morph/Potion_Morph_Burst.particlesystem: Spawners.0.Scale
[2026/02/10 01:08:29   WARN]         [AssetStore|Environment] Asset key 'Env_Temple_of_Gaia' for file '/Server/Environments/Unique/Env_Temple_of_Gaia.json' has incorrect format! Expected: 'Env_Temple_Of_Gaia'
[2026/02/10 01:08:29   WARN]     [AssetStore|PrefabListAsset] Asset key 'Trees_Fir_red' for file '/Server/PrefabList/Trees_Fir_red.json' has incorrect format! Expected: 'Trees_Fir_Red'
[2026/02/10 01:08:29   WARN]     [AssetStore|PrefabListAsset] Asset key 'Trees_Ash_swamp_dead' for file '/Server/PrefabList/Trees_Ash_swamp_dead.json' has incorrect format! Expected: 'Trees_Ash_Swamp_Dead'
[2026/02/10 01:08:29   WARN]     [AssetStore|PrefabListAsset] Asset key 'Trees_Ash_twisted_Giant' for file '/Server/PrefabList/Trees_Ash_twisted_Giant.json' has incorrect format! Expected: 'Trees_Ash_Twisted_Giant'
[2026/02/10 01:08:29   WARN]     [AssetStore|PrefabListAsset] Asset key 'Trees_Ash_twisted' for file '/Server/PrefabList/Trees_Ash_twisted.json' has incorrect format! Expected: 'Trees_Ash_Twisted'
[2026/02/10 01:08:29   WARN]     [AssetStore|PrefabListAsset] Asset key 'Trees_Ash_swamp' for file '/Server/PrefabList/Trees_Ash_swamp.json' has incorrect format! Expected: 'Trees_Ash_Swamp'
[2026/02/10 01:08:29   WARN]     [AssetStore|PrefabListAsset] Asset key 'Trees_Ash_twisted_Large' for file '/Server/PrefabList/Trees_Ash_twisted_Large.json' has incorrect format! Expected: 'Trees_Ash_Twisted_Large'
[2026/02/10 01:08:29   WARN]     [AssetStore|PrefabListAsset] Asset key 'Trees_Burnt_dead' for file '/Server/PrefabList/Trees_Burnt_dead.json' has incorrect format! Expected: 'Trees_Burnt_Dead'
[2026/02/10 01:08:29   WARN]        [AssetStore|EntityEffect] Unused key(s) in 'Food_EffectCondition_Buff_Medium' file /Server/Entity/Effects/Food/Buff/_Deprecated/Food_EffectCondition_Buff_Medium.json: Type, EntityEffectIds, Match, Next, Failed
[2026/02/10 01:08:29   WARN]        [AssetStore|EntityEffect] Unused key(s) in 'Food_EffectCondition_Buff_Small' file /Server/Entity/Effects/Food/Buff/_Deprecated/Food_EffectCondition_Buff_Small.json: Type, EntityEffectIds, Match, Next, Failed
[2026/02/10 01:08:29   WARN]         [AssetStore|Interaction] Unused key(s) in 'Ice_Bolt_Miss' file /Server/Item/Interactions/Weapons/Staff/Ice/Ice_Bolt_Miss.json: Effects.WorldParticles
[2026/02/10 01:08:29   WARN]         [AssetStore|Interaction] Unused key(s) in 'Explode_Generic' file /Server/Item/Interactions/Explosions/Explode_Generic.json: Config.Knockback.VelocityConfig.Direction
[2026/02/10 01:08:29   WARN]         [AssetStore|Interaction] Unused key(s) in 'Weapon_Battleaxe_Primary_Downstrike_Force' file /Server/Item/Interactions/Weapons/Battleaxe/Primary/Downstrike/Weapon_Battleaxe_Primary_Downstrike_Force.json: MouseSensitivityAdjustmentTarget, MouseSensitivityAdjustmentDuration
[2026/02/10 01:08:29   WARN]         [AssetStore|Interaction] Unused key(s) in 'Weapon_Daggers_Primary_Pounce_Stab_Force' file /Server/Item/Interactions/Weapons/Daggers/Primary/Pounce/Stab/Weapon_Daggers_Primary_Pounce_Stab_Force.json: VelocityType
[2026/02/10 01:08:29   WARN]         [AssetStore|Interaction] Unused key(s) in 'Ice_Ball_Miss' file /Server/Item/Interactions/Weapons/Staff/Ice/Ice_Ball_Miss.json: Effects.WorldParticles
[2026/02/10 01:08:29   WARN]                         [Hytale] Missing interaction *DamageEntityParent_Next
[2026/02/10 01:08:29   WARN]                         [Hytale] Missing interaction *Stamina_Bar_Flash_Interactions_0
[2026/02/10 01:08:29   WARN]                         [Hytale] Missing interaction *Stamina_Broken_Check_Next
[2026/02/10 01:08:29   WARN]                         [Hytale] Missing interaction *Block_Break_Adventure_Next
[2026/02/10 01:08:29   WARN]                         [Hytale] Missing interaction *Block_Break_Adventure_Failed
[2026/02/10 01:08:29   WARN]                         [Hytale] Missing interaction *Weapon_Battleaxe_Secondary_Guard_Bash_Interactions_0
[2026/02/10 01:08:29   WARN]                         [Hytale] Missing interaction *Weapon_Battleaxe_Secondary_Guard_Bash_Interactions_1
[2026/02/10 01:08:29   WARN]                         [Hytale] Missing interaction *Weapon_Shortbow_Secondary_Guard_Bash_Interactions_0
[2026/02/10 01:08:29   WARN]                         [Hytale] Missing interaction *Weapon_Shortbow_Secondary_Guard_Bash_Interactions_1
[2026/02/10 01:08:29   WARN]                         [Hytale] Missing interaction *Weapon_Crossbow_Secondary_Guard_Bash_Interactions_0
[2026/02/10 01:08:29   WARN]                         [Hytale] Missing interaction *Weapon_Crossbow_Secondary_Guard_Bash_Interactions_1
[2026/02/10 01:08:29   WARN]                         [Hytale] Missing interaction *Weapon_Crossbow_Shot_Standard_Projectile_Next
[2026/02/10 01:08:29   WARN]                         [Hytale] Missing interaction *Common_Guard_Shove_Animation_Next
[2026/02/10 01:08:29   WARN]                         [Hytale] Missing interaction *Weapon_Daggers_Secondary_Guard_Bash_Interactions_0
[2026/02/10 01:08:29   WARN]                         [Hytale] Missing interaction *Weapon_Daggers_Secondary_Guard_Bash_Interactions_1
[2026/02/10 01:08:29   WARN]                         [Hytale] Missing interaction *Bow_Two_Handed_Ability1_Arrow_Volley_Interactions_0
[2026/02/10 01:08:29   WARN]                         [Hytale] Missing interaction *Weapon_Shield_Secondary_Guard_Bash_Interactions_0
[2026/02/10 01:08:29   WARN]                         [Hytale] Missing interaction *Weapon_Shield_Secondary_Guard_Bash_Interactions_1
[2026/02/10 01:08:29   WARN]                         [Hytale] Missing interaction *Stick_Attack_Next_0
[2026/02/10 01:08:29   WARN]                         [Hytale] Missing interaction *Stick_Attack_Next_0.8
[2026/02/10 01:08:29   WARN]                         [Hytale] Missing interaction *Weapon_Mace_Secondary_Guard_Bash_Interactions_0
[2026/02/10 01:08:29   WARN]                         [Hytale] Missing interaction *Weapon_Mace_Secondary_Guard_Bash_Interactions_1
[2026/02/10 01:08:29   WARN]                         [Hytale] Missing interaction *Weapon_Sword_Secondary_Guard_Bash_Interactions_0
[2026/02/10 01:08:29   WARN]                         [Hytale] Missing interaction *Weapon_Sword_Secondary_Guard_Bash_Interactions_1
[2026/02/10 01:08:29   WARN]                         [Hytale] Missing interaction *Bow_Two_Handed_Ability2_Arrow_Shoot_Interactions_0
[2026/02/10 01:08:29   WARN]                         [Hytale] Missing interaction *Bow_Two_Handed_Ability2_Arrow_Shoot_Interactions_1
[2026/02/10 01:08:29   WARN]                         [Hytale] Missing interaction *Daggers_Stab_Flurry_Left_Next
[2026/02/10 01:08:29   WARN]                         [Hytale] Missing interaction *Daggers_Stab_Flurry_Right_Next
[2026/02/10 01:08:29   WARN]                         [Hytale] Missing interaction *Simple_Next
[2026/02/10 01:08:29   WARN]                         [Hytale] Missing interaction *Shortbow_Volley_Shoot_Inner_Next
[2026/02/10 01:08:29   WARN]         [AssetStore|Interaction] Unused key(s) in '*Weapon_Sword_Signature_Vortexstrike_Spin_Selector_Next': Next
[2026/02/10 01:08:29   WARN]         [AssetStore|Interaction] Unused key(s) in '*Weapon_Daggers_Primary_Pounce_Stab_Selector_Next': Next
[2026/02/10 01:08:29   WARN]                         [Hytale] Missing interaction **DamageEntityParent_Next_Interactions_0
[2026/02/10 01:08:29   WARN]                         [Hytale] Missing interaction **DamageEntityParent_Next_Interactions_1
[2026/02/10 01:08:29   WARN]                         [Hytale] Missing interaction **DamageEntityParent_Next_Interactions_2
[2026/02/10 01:08:29   WARN]                         [Hytale] Missing interaction **DamageEntityParent_Next_Interactions_3
[2026/02/10 01:08:29   WARN]                         [Hytale] Missing interaction **Bow_Two_Handed_Ability1_Arrow_Volley_Interactions_0_Interactions_0
[2026/02/10 01:08:29   WARN]                         [Hytale] Missing interaction **Bow_Two_Handed_Ability1_Arrow_Volley_Interactions_0_Interactions_1
[2026/02/10 01:08:29   WARN]                         [Hytale] Missing interaction **Weapon_Daggers_Secondary_Guard_Bash_Interactions_1_Next
[2026/02/10 01:08:29   WARN]                         [Hytale] Missing interaction **Weapon_Shortbow_Secondary_Guard_Bash_Interactions_1_Next
[2026/02/10 01:08:29   WARN]                         [Hytale] Missing interaction **Weapon_Sword_Secondary_Guard_Bash_Interactions_1_Next
[2026/02/10 01:08:29   WARN]                         [Hytale] Missing interaction **Weapon_Shield_Secondary_Guard_Bash_Interactions_1_Next
[2026/02/10 01:08:29   WARN]                         [Hytale] Missing interaction **Weapon_Crossbow_Secondary_Guard_Bash_Interactions_1_Next
[2026/02/10 01:08:29   WARN]                         [Hytale] Missing interaction **Weapon_Crossbow_Shot_Standard_Projectile_Next_Next
[2026/02/10 01:08:29   WARN]                         [Hytale] Missing interaction **Stick_Attack_Next_0_Interactions_1
[2026/02/10 01:08:29   WARN]                         [Hytale] Missing interaction **Stick_Attack_Next_0.8_Interactions_1
[2026/02/10 01:08:29   WARN]                         [Hytale] Missing interaction **Weapon_Mace_Secondary_Guard_Bash_Interactions_1_Next
[2026/02/10 01:08:29   WARN]                         [Hytale] Missing interaction **Weapon_Battleaxe_Secondary_Guard_Bash_Interactions_1_Next
[2026/02/10 01:08:29   WARN]                         [Hytale] Missing interaction **Weapon_Mace_Primary_Swing_Right_Charged_Selector_Next_Next
[2026/02/10 01:08:29   WARN]                         [Hytale] Missing interaction **Weapon_Mace_Primary_Swing_Left_Charged_StaminaCondition_Next_Next
[2026/02/10 01:08:29   WARN]                         [Hytale] Missing interaction **Block_Break_Failed_Next
[2026/02/10 01:08:29   WARN]                         [Hytale] Missing interaction **Weapon_Daggers_Primary_Pounce_Sweep_Next_Interactions_0
[2026/02/10 01:08:29   WARN]                         [Hytale] Missing interaction **Weapon_Daggers_Primary_Pounce_Sweep_Next_Interactions_1
[2026/02/10 01:08:29   WARN]                         [Hytale] Missing interaction **Common_Guard_Shove_Selector_Next_Next
[2026/02/10 01:08:29   WARN]                         [Hytale] Missing interaction **Weapon_Battleaxe_Primary_Downstrike_StaminaCondition_Next_Next
[2026/02/10 01:08:29   WARN]                         [Hytale] Missing interaction **Weapon_Mace_Primary_Swing_Up_Left_Charged_Selector_Next_Next
[2026/02/10 01:08:29   WARN]                         [Hytale] Missing interaction **Weapon_Crossbow_Damage_Combo_Projectile_Next_Next
[2026/02/10 01:08:29   WARN]                         [Hytale] Missing interaction **Consume_Charge_Food_T2_Inner_Next_2.5_Next
[2026/02/10 01:08:29   WARN]                         [Hytale] Missing interaction **Consume_Charge_Food_T1_Inner_Next_2.0_Next
[2026/02/10 01:08:29   WARN]                         [Hytale] Missing interaction **Weapon_Mace_Primary_Swing_Right_Charged_StaminaCondition_Next_Next
[2026/02/10 01:08:29   WARN]                         [Hytale] Missing interaction **Weapon_Daggers_Primary_Pounce_StaminaCondition_Next_Next
[2026/02/10 01:08:29   WARN]                         [Hytale] Missing interaction **Weapon_Daggers_Primary_Pounce_Stab_Next_Interactions_0
[2026/02/10 01:08:29   WARN]                         [Hytale] Missing interaction **Weapon_Daggers_Primary_Pounce_Stab_Next_Interactions_1
[2026/02/10 01:08:29   WARN]                         [Hytale] Missing interaction **Weapon_Stick_Fire_Spawn_Trap_Next_Interactions_0
[2026/02/10 01:08:29   WARN]                         [Hytale] Missing interaction **Weapon_Stick_Fire_Spawn_Trap_Next_Interactions_1
[2026/02/10 01:08:29   WARN]                         [Hytale] Missing interaction **Weapon_Stick_Fire_Spawn_Trap_Failed_Interactions_0
[2026/02/10 01:08:29   WARN]                         [Hytale] Missing interaction **Weapon_Mace_Primary_Swing_Left_Charged_Selector_Next_Next
[2026/02/10 01:08:29   WARN]                         [Hytale] Missing interaction **Consume_Charge_Durability_Interactions_1_Next_3.0
[2026/02/10 01:08:29   WARN]                         [Hytale] Missing interaction **Consume_Charge_Durability_Interactions_1_Failed
[2026/02/10 01:08:29   WARN]                         [Hytale] Missing interaction **Weapon_Mace_Primary_Swing_Up_Left_Charged_StaminaCondition_Next_Next
[2026/02/10 01:08:30   WARN]                         [Hytale] Missing interaction **Weapon_Sword_Primary_Thrust_StaminaCondition_Next_Next
[2026/02/10 01:08:30   WARN]                         [Hytale] Missing interaction **Consume_Charge_Food_T3_Inner_Next_3.0_Next
[2026/02/10 01:08:30   WARN]                         [Hytale] Missing interaction ***Bow_Two_Handed_Ability1_Arrow_Volley_Interactions_0_Interactions_1_Next
[2026/02/10 01:08:30   WARN]                         [Hytale] Missing interaction ***Common_Guard_Shove_Selector_Next_Next_Next
[2026/02/10 01:08:30   WARN]                         [Hytale] Missing interaction ***Weapon_Daggers_Secondary_Guard_Bash_Interactions_1_Next_Next
[2026/02/10 01:08:30   WARN]                         [Hytale] Missing interaction ***Consume_Charge_Food_T3_Inner_Next_3.0_Next_Interactions_0
[2026/02/10 01:08:30   WARN]                         [Hytale] Missing interaction ***Consume_Charge_Food_T3_Inner_Next_3.0_Next_Interactions_1
[2026/02/10 01:08:30   WARN]                         [Hytale] Missing interaction ***Consume_Charge_Food_T3_Inner_Next_3.0_Next_Interactions_2
[2026/02/10 01:08:30   WARN]                         [Hytale] Missing interaction ***Weapon_Shortbow_Secondary_Guard_Bash_Interactions_1_Next_Next
[2026/02/10 01:08:30   WARN]                         [Hytale] Missing interaction ***Weapon_Mace_Primary_Swing_Up_Left_Charged_StaminaCondition_Next_Next_Next_0
[2026/02/10 01:08:30   WARN]                         [Hytale] Missing interaction ***Weapon_Mace_Primary_Swing_Up_Left_Charged_Next_2.0_Interactions_2_Next
[2026/02/10 01:08:30   WARN]                         [Hytale] Missing interaction ***Weapon_Mace_Primary_Swing_Right_Charged_StaminaCondition_Next_Next_Next_0
[2026/02/10 01:08:30   WARN]                         [Hytale] Missing interaction ***Weapon_Mace_Primary_Swing_Right_Charged_Next_2.0_Interactions_2_Next
[2026/02/10 01:08:30   WARN]                         [Hytale] Missing interaction ***Weapon_Sword_Secondary_Guard_Bash_Interactions_1_Next_Next
[2026/02/10 01:08:30   WARN]                         [Hytale] Missing interaction ***Weapon_Shield_Secondary_Guard_Bash_Interactions_1_Next_Next
[2026/02/10 01:08:30   WARN]                         [Hytale] Missing interaction ***Consume_Charge_Food_T1_Inner_Next_2.0_Next_Interactions_0
[2026/02/10 01:08:30   WARN]                         [Hytale] Missing interaction ***Consume_Charge_Food_T1_Inner_Next_2.0_Next_Interactions_1
[2026/02/10 01:08:30   WARN]                         [Hytale] Missing interaction ***Consume_Charge_Food_T1_Inner_Next_2.0_Next_Interactions_2
[2026/02/10 01:08:30   WARN]                         [Hytale] Missing interaction ***Weapon_Mace_Primary_Swing_Left_Charged_StaminaCondition_Next_Next_Next_0
[2026/02/10 01:08:30   WARN]                         [Hytale] Missing interaction ***Weapon_Mace_Primary_Swing_Left_Charged_Next_2.0_Interactions_2_Next
[2026/02/10 01:08:30   WARN]                         [Hytale] Missing interaction ***Consume_Charge_Durability_Interactions_1_Next_3.0_Interactions_0
[2026/02/10 01:08:30   WARN]                         [Hytale] Missing interaction ***Consume_Charge_Durability_Interactions_1_Next_3.0_Interactions_1
[2026/02/10 01:08:30   WARN]                         [Hytale] Missing interaction ***Consume_Charge_Durability_Interactions_1_Next_3.0_Interactions_2
[2026/02/10 01:08:30   WARN]                         [Hytale] Missing interaction ***Consume_Charge_Durability_Interactions_1_Next_3.0_Interactions_3
[2026/02/10 01:08:30   WARN]                         [Hytale] Missing interaction ***Consume_Charge_Durability_Interactions_1_Failed_Next
[2026/02/10 01:08:30   WARN]                         [Hytale] Missing interaction ***Weapon_Crossbow_Secondary_Guard_Bash_Interactions_1_Next_Next
[2026/02/10 01:08:30   WARN]                         [Hytale] Missing interaction ***Weapon_Mace_Secondary_Guard_Bash_Interactions_1_Next_Next
[2026/02/10 01:08:30   WARN]                         [Hytale] Missing interaction ***Consume_Charge_Food_T2_Inner_Next_2.5_Next_Interactions_0
[2026/02/10 01:08:30   WARN]                         [Hytale] Missing interaction ***Consume_Charge_Food_T2_Inner_Next_2.5_Next_Interactions_1
[2026/02/10 01:08:30   WARN]                         [Hytale] Missing interaction ***Consume_Charge_Food_T2_Inner_Next_2.5_Next_Interactions_2
[2026/02/10 01:08:30   WARN]                         [Hytale] Missing interaction ***Weapon_Battleaxe_Secondary_Guard_Bash_Interactions_1_Next_Next
[2026/02/10 01:08:30   WARN]                         [Hytale] Missing interaction ***Weapon_Battleaxe_Primary_Downstrike_Next_0.65_Interactions_2_Next
[2026/02/10 01:08:30   WARN]                         [Hytale] Missing interaction ***Weapon_Daggers_Primary_Pounce_Next_0.4_Interactions_1_Next
[2026/02/10 01:08:30   WARN]                         [Hytale] Missing interaction ***Weapon_Sword_Primary_Thrust_Next_0.65_Interactions_2_Next
[2026/02/10 01:08:30   WARN]                         [Hytale] Missing interaction ****Bow_Two_Handed_Ability1_Arrow_Volley_Interactions_0_Interactions_1_Next_Interactions_1
[2026/02/10 01:08:30   WARN]                         [Hytale] Missing interaction ****Bow_Two_Handed_Ability1_Arrow_Volley_Interactions_0_Interactions_1_Next_Interactions_2
[2026/02/10 01:08:30   WARN]                         [Hytale] Missing interaction ****Weapon_Mace_Primary_Swing_Up_Left_Charged_StaminaCondition_Next_Next_Next_0_Next
[2026/02/10 01:08:30   WARN]                         [Hytale] Missing interaction ****Weapon_Mace_Primary_Swing_Up_Left_Charged_Next_2.0_Interactions_2_Next_Interactions_0
[2026/02/10 01:08:30   WARN]                         [Hytale] Missing interaction ****Weapon_Mace_Primary_Swing_Right_Charged_StaminaCondition_Next_Next_Next_0_Next
[2026/02/10 01:08:30   WARN]                         [Hytale] Missing interaction ****Weapon_Mace_Primary_Swing_Right_Charged_Next_2.0_Interactions_2_Next_Interactions_0
[2026/02/10 01:08:30   WARN]                         [Hytale] Missing interaction ****Weapon_Mace_Primary_Swing_Left_Charged_StaminaCondition_Next_Next_Next_0_Next
[2026/02/10 01:08:30   WARN]                         [Hytale] Missing interaction ****Weapon_Mace_Primary_Swing_Left_Charged_Next_2.0_Interactions_2_Next_Interactions_0
[2026/02/10 01:08:30   WARN]                         [Hytale] Missing interaction ****Weapon_Battleaxe_Primary_Downstrike_Next_0.65_Interactions_2_Next_Interactions_0
[2026/02/10 01:08:30   WARN]                         [Hytale] Missing interaction ****Weapon_Battleaxe_Primary_Downstrike_Next_0.65_Interactions_2_Next_Interactions_1
[2026/02/10 01:08:30   WARN]                         [Hytale] Missing interaction ****Weapon_Sword_Primary_Thrust_Next_0.65_Interactions_2_Next_Interactions_0
[2026/02/10 01:08:30   WARN]                         [Hytale] Missing interaction ****Weapon_Sword_Primary_Thrust_Next_0.65_Interactions_2_Next_Interactions_1
[2026/02/10 01:08:30   WARN]                         [Hytale] Missing interaction ****Weapon_Daggers_Primary_Pounce_Next_0.4_Interactions_1_Next_Interactions_0
[2026/02/10 01:08:30   WARN]                         [Hytale] Missing interaction ****Weapon_Daggers_Primary_Pounce_Next_0.4_Interactions_1_Next_Interactions_1
[2026/02/10 01:08:30   WARN]                         [Hytale] Missing interaction *****Bow_Two_Handed_Ability1_Arrow_Volley_Interactions_0_Interactions_1_Next_Interactions_2_Next
[2026/02/10 01:08:30   WARN]         [AssetStore|Interaction] Unused key(s) in '**Projectile_Config_Ice_Ball_Interactions_ProjectileMiss_Interactions_0': Effects.WorldParticles
[2026/02/10 01:08:30   WARN]         [AssetStore|Interaction] Unused key(s) in '**Projectile_Config_Scarak_Seeker_Spitball_Interactions_ProjectileHit_Interactions_0': Entity
[2026/02/10 01:08:30   WARN]         [AssetStore|Interaction] Unused key(s) in '**Projectile_Config_Ice_Bolt_Interactions_ProjectileMiss_Interactions_0': Effects.WorldParticles
[2026/02/10 01:08:30   WARN]         [AssetStore|Interaction] Unused key(s) in '**Projectile_Config_Scarak_Seeker_Spitball_Interactions_ProjectileMiss_Interactions_0': Effects.WorldParticles
[2026/02/10 01:08:30   WARN]               [BlockSetModule|P] Creating block sets: Failed to find block name 'Furniture_Temple_Light_Statue'
[2026/02/10 01:08:30   WARN]               [BlockSetModule|P] Creating block sets: Failed to find block name 'Ingredient_Hay'
[2026/02/10 01:08:30   WARN]               [BlockSetModule|P] Creating block sets: Failed to find block name 'Wood_Softwood_Planks'
[2026/02/10 01:08:30   WARN]               [BlockSetModule|P] Creating block sets: Failed to find block name 'Furniture_Feran_Bed'
[2026/02/10 01:08:30   WARN]               [BlockSetModule|P] Creating block sets: Failed to find block name 'Coop_Chicken'
[2026/02/10 01:08:30   WARN]               [BlockSetModule|P] Creating block sets: Failed to find hitbox name 'Fence'
[2026/02/10 01:08:30   WARN]               [BlockSetModule|P] Creating block sets: Failed to find hitbox name 'Fence_Gate'
[2026/02/10 01:08:30   WARN]               [BlockSetModule|P] Creating block sets: Failed to find hitbox name 'Fence_Gate_Open_In'
[2026/02/10 01:08:30   WARN]               [BlockSetModule|P] Creating block sets: Failed to find hitbox name 'Fence_Gate_Open_Out'
[2026/02/10 01:08:30   WARN]               [BlockSetModule|P] Creating block sets: Failed to find hitbox name 'Fence_Thin'
[2026/02/10 01:08:30   WARN]               [BlockSetModule|P] Creating block sets: Failed to find hitbox name 'Fence_Thick'
[2026/02/10 01:08:30   WARN]               [BlockSetModule|P] Creating block sets: Failed to find hitbox name 'Fence_Corner'
[2026/02/10 01:08:30   WARN]               [BlockSetModule|P] Creating block sets: Failed to find hitbox name 'Fence_Corner_Thin'
[2026/02/10 01:08:30   WARN]               [BlockSetModule|P] Creating block sets: Failed to find hitbox name 'Fence_Corner_Thick'
[2026/02/10 01:08:30   WARN]               [BlockSetModule|P] Creating block sets: Failed to find block name 'Furniture_Crude_Bed'
[2026/02/10 01:08:30   WARN]               [BlockSetModule|P] Creating block sets: Failed to find block name 'Soil_Grass'
[2026/02/10 01:08:30   WARN]               [BlockSetModule|P] Creating block sets: Failed to find block name 'Soil_Dirt'
[2026/02/10 01:08:30   WARN]               [BlockSetModule|P] Creating block sets: Failed to find block name 'Soil_Dirt_Poisoned'
[2026/02/10 01:08:30   WARN]               [BlockSetModule|P] Creating block sets: Failed to find block name 'Soil_Mud'
[2026/02/10 01:08:30   WARN]               [BlockSetModule|P] Creating block sets: Failed to find block name 'Deco_Bone_Pile'
[2026/02/10 01:08:30   WARN]               [BlockSetModule|P] Creating block sets: Failed to find block name 'Deco_Bone_Skulls'
[2026/02/10 01:08:30   WARN]               [BlockSetModule|P] Creating block sets: Failed to find block name 'Soil_Gravel_Sand'
[2026/02/10 01:08:30   WARN]               [BlockSetModule|P] Creating block sets: Failed to find block name 'Soil_Dirt'
[2026/02/10 01:08:30   WARN]               [BlockSetModule|P] Creating block sets: Failed to find block name 'Soil_Clay'
[2026/02/10 01:08:30   WARN]               [BlockSetModule|P] Creating block sets: Failed to find block name 'Rock_Stone'
[2026/02/10 01:08:30   WARN]               [BlockSetModule|P] Creating block sets: Failed to find block name 'Rock_Marble'
[2026/02/10 01:08:30   WARN]               [BlockSetModule|P] Creating block sets: Failed to find block name 'Rock_Chalk'
[2026/02/10 01:08:30   WARN]                [AssetStore|Item] Failed to validate asset!
Id: Tool_Hatchet_Crude
Path: /Server/Item/Items/Tool/Hatchet/Tool_Hatchet_Crude.json
Key: Recipe
Results:
	WARNING: Bench Requirement in recipe for 'Fieldcraft' should not have a delay (TimeSeconds) set!

[2026/02/10 01:08:30   WARN]                [AssetStore|Item] Failed to validate asset!
Id: Bench_Builders
Path: /Server/Item/Items/Bench/Bench_Builders.json
Key: Recipe
Results:
	WARNING: Bench Requirement in recipe for 'Fieldcraft' should not have a delay (TimeSeconds) set!

[2026/02/10 01:08:30   WARN]                [AssetStore|Item] Failed to validate asset!
Id: Furniture_Crude_Torch
Path: /Server/Item/Items/Furniture/Crude/Unique/Furniture_Crude_Torch.json
Key: Recipe
Results:
	WARNING: Bench Requirement in recipe for 'Fieldcraft' should not have a delay (TimeSeconds) set!

[2026/02/10 01:08:30   WARN]                [AssetStore|Item] Failed to validate asset!
Id: Bench_Campfire
Path: /Server/Item/Items/Bench/Bench_Campfire.json
Key: Recipe
Results:
	WARNING: Bench Requirement in recipe for 'Fieldcraft' should not have a delay (TimeSeconds) set!

[2026/02/10 01:08:30   WARN]                [AssetStore|Item] Failed to validate asset!
Id: Tool_Pickaxe_Crude
Path: /Server/Item/Items/Tool/Pickaxe/Tool_Pickaxe_Crude.json
Key: Recipe
Results:
	WARNING: Bench Requirement in recipe for 'Fieldcraft' should not have a delay (TimeSeconds) set!

[2026/02/10 01:08:30   WARN]                [AssetStore|Item] Failed to validate asset!
Id: Furniture_Crude_Chest_Small
Path: /Server/Item/Items/Furniture/Crude/Furniture_Crude_Chest_Small.json
Key: Recipe
Results:
	WARNING: Bench Requirement in recipe for 'Fieldcraft' should not have a delay (TimeSeconds) set!

[2026/02/10 01:08:30   WARN]                [AssetStore|Item] Failed to validate asset!
Id: Furniture_Crude_Bed
Path: /Server/Item/Items/Furniture/Crude/Furniture_Crude_Bed.json
Key: Recipe
Results:
	WARNING: Bench Requirement in recipe for 'Fieldcraft' should not have a delay (TimeSeconds) set!

[2026/02/10 01:08:30   WARN]                [AssetStore|Item] Failed to validate asset!
Id: Weapon_Sword_Crude
Path: /Server/Item/Items/Weapon/Sword/Weapon_Sword_Crude.json
Key: Recipe
Results:
	WARNING: Bench Requirement in recipe for 'Fieldcraft' should not have a delay (TimeSeconds) set!

[2026/02/10 01:08:30   WARN]                [AssetStore|Item] Failed to find inherited parent asset Deco_Bucket (BlockType) for *Deco_Bucket_State_Filled_Mosshorn_Milk
[2026/02/10 01:08:30   WARN]                [AssetStore|Item] Failed to find inherited parent asset Deco_Tankard (BlockType) for *Deco_Tankard_State_Filled_Water
[2026/02/10 01:08:30   WARN]                [AssetStore|Item] Failed to find inherited parent asset Deco_Bucket (BlockType) for *Deco_Bucket_State_Filled_Water
[2026/02/10 01:08:30   WARN]                [AssetStore|Item] Failed to find inherited parent asset Deco_Bucket (BlockType) for *Deco_Bucket_State_Filled_Milk
[2026/02/10 01:08:30   WARN]                [AssetStore|Item] Failed to find inherited parent asset Container_Bucket (BlockType) for *Container_Bucket_State_Filled_Water
[2026/02/10 01:08:30   WARN]                [AssetStore|Item] Failed to find inherited parent asset Container_Bucket (BlockType) for *Container_Bucket_State_Filled_Mosshorn_Milk
[2026/02/10 01:08:30   WARN]                [AssetStore|Item] Failed to find inherited parent asset Deco_Mug (BlockType) for *Deco_Mug_State_Filled_Water
[2026/02/10 01:08:30   WARN]                [AssetStore|Item] Failed to find inherited parent asset Container_Bucket (BlockType) for *Container_Bucket_State_Filled_Milk
[2026/02/10 01:08:30   WARN]               [BlockSetModule|P] Creating block sets: Failed to find block name 'Furniture_Temple_Light_Statue'
[2026/02/10 01:08:30   WARN]               [BlockSetModule|P] Creating block sets: Failed to find block name 'Ingredient_Hay'
[2026/02/10 01:08:30   WARN]               [BlockSetModule|P] Creating block sets: Failed to find block name 'Wood_Softwood_Planks'
[2026/02/10 01:08:30   WARN]               [BlockSetModule|P] Creating block sets: Failed to find block name 'Furniture_Feran_Bed'
[2026/02/10 01:08:30   WARN]               [BlockSetModule|P] Creating block sets: Failed to find block name 'Coop_Chicken'
[2026/02/10 01:08:30   WARN]               [BlockSetModule|P] Creating block sets: Failed to find hitbox name 'Fence'
[2026/02/10 01:08:30   WARN]               [BlockSetModule|P] Creating block sets: Failed to find hitbox name 'Fence_Gate'
[2026/02/10 01:08:30   WARN]               [BlockSetModule|P] Creating block sets: Failed to find hitbox name 'Fence_Gate_Open_In'
[2026/02/10 01:08:30   WARN]               [BlockSetModule|P] Creating block sets: Failed to find hitbox name 'Fence_Gate_Open_Out'
[2026/02/10 01:08:30   WARN]               [BlockSetModule|P] Creating block sets: Failed to find hitbox name 'Fence_Thin'
[2026/02/10 01:08:30   WARN]               [BlockSetModule|P] Creating block sets: Failed to find hitbox name 'Fence_Thick'
[2026/02/10 01:08:30   WARN]               [BlockSetModule|P] Creating block sets: Failed to find hitbox name 'Fence_Corner'
[2026/02/10 01:08:30   WARN]               [BlockSetModule|P] Creating block sets: Failed to find hitbox name 'Fence_Corner_Thin'
[2026/02/10 01:08:30   WARN]               [BlockSetModule|P] Creating block sets: Failed to find hitbox name 'Fence_Corner_Thick'
[2026/02/10 01:08:30   WARN]               [BlockSetModule|P] Creating block sets: Failed to find block name 'Furniture_Crude_Bed'
[2026/02/10 01:08:30   WARN]               [BlockSetModule|P] Creating block sets: Failed to find block name 'Soil_Grass'
[2026/02/10 01:08:30   WARN]               [BlockSetModule|P] Creating block sets: Failed to find block name 'Soil_Dirt'
[2026/02/10 01:08:30   WARN]               [BlockSetModule|P] Creating block sets: Failed to find block name 'Soil_Dirt_Poisoned'
[2026/02/10 01:08:30   WARN]               [BlockSetModule|P] Creating block sets: Failed to find block name 'Soil_Mud'
[2026/02/10 01:08:30   WARN]               [BlockSetModule|P] Creating block sets: Failed to find block name 'Deco_Bone_Pile'
[2026/02/10 01:08:30   WARN]               [BlockSetModule|P] Creating block sets: Failed to find block name 'Deco_Bone_Skulls'
[2026/02/10 01:08:30   WARN]               [BlockSetModule|P] Creating block sets: Failed to find block name 'Soil_Gravel_Sand'
[2026/02/10 01:08:30   WARN]               [BlockSetModule|P] Creating block sets: Failed to find block name 'Soil_Dirt'
[2026/02/10 01:08:30   WARN]               [BlockSetModule|P] Creating block sets: Failed to find block name 'Soil_Clay'
[2026/02/10 01:08:30   WARN]               [BlockSetModule|P] Creating block sets: Failed to find block name 'Rock_Stone'
[2026/02/10 01:08:30   WARN]               [BlockSetModule|P] Creating block sets: Failed to find block name 'Rock_Marble'
[2026/02/10 01:08:30   WARN]               [BlockSetModule|P] Creating block sets: Failed to find block name 'Rock_Chalk'
[2026/02/10 01:08:30   WARN]         [AssetStore|Interaction] Unused key(s) in '**Weapon_Staff_Thorium_InteractionVars_Staff_Cast_Summon_Charged_Interactions_0': Costs
[2026/02/10 01:08:30   WARN]         [AssetStore|Interaction] Unused key(s) in '**Template_Weapon_Crossbow_InteractionVars_Guard_Bash_Interactions_1': Effects, StatModifiers
[2026/02/10 01:08:30   WARN]         [AssetStore|Interaction] Unused key(s) in '**Weapon_Staff_Iron_InteractionVars_Staff_Cast_Summon_Charged_Interactions_0': Costs
[2026/02/10 01:08:30   WARN]         [AssetStore|Interaction] Unused key(s) in '**Weapon_Staff_Bone_InteractionVars_Staff_Cast_Summon_Charged_Interactions_0': Costs
[2026/02/10 01:08:30   WARN]         [AssetStore|Interaction] Unused key(s) in '**Weapon_Staff_Wood_InteractionVars_Staff_Cast_Summon_Charged_Interactions_0': Costs
[2026/02/10 01:08:30   WARN]         [AssetStore|Interaction] Unused key(s) in '**Weapon_Staff_Cane_InteractionVars_Staff_Cast_Summon_Charged_Interactions_0': Costs
[2026/02/10 01:08:30   WARN]         [AssetStore|Interaction] Unused key(s) in '**Weapon_Staff_Copper_InteractionVars_Staff_Cast_Summon_Charged_Interactions_0': Costs
[2026/02/10 01:08:30   WARN]         [AssetStore|Interaction] Unused key(s) in '**Template_Weapon_Shield_InteractionVars_Guard_Bash_Interactions_1': Effects, StatModifiers
[2026/02/10 01:08:30   WARN]         [AssetStore|Interaction] Unused key(s) in '**Weapon_Staff_Onion_InteractionVars_Staff_Cast_Summon_Charged_Interactions_0': Costs
[2026/02/10 01:08:30   WARN]         [AssetStore|Interaction] Unused key(s) in '**Halloween_Broomstick_InteractionVars_Staff_Cast_Summon_Charged_Interactions_0': Costs
[2026/02/10 01:08:30   WARN]         [AssetStore|Interaction] Unused key(s) in '**Weapon_Staff_Cobalt_InteractionVars_Staff_Cast_Summon_Charged_Interactions_0': Costs
[2026/02/10 01:08:30   WARN]         [AssetStore|Interaction] Unused key(s) in '**Weapon_Staff_Doomed_InteractionVars_Staff_Cast_Summon_Charged_Interactions_0': Costs
[2026/02/10 01:08:30   WARN]         [AssetStore|Interaction] Unused key(s) in '**Weapon_Staff_Adamantite_InteractionVars_Staff_Cast_Summon_Charged_Interactions_0': Costs
[2026/02/10 01:08:30   WARN]         [AssetStore|Interaction] Unused key(s) in '**Weapon_Staff_Mithril_InteractionVars_Staff_Cast_Summon_Charged_Interactions_0': Costs
[2026/02/10 01:08:30   WARN]         [AssetStore|Interaction] Unused key(s) in '**Weapon_Staff_Bo_Bamboo_InteractionVars_Staff_Cast_Summon_Charged_Interactions_0': Costs
[2026/02/10 01:08:30   WARN]         [AssetStore|Interaction] Unused key(s) in '**Weapon_Staff_Wood_Kweebec_InteractionVars_Staff_Cast_Summon_Charged_Interactions_0': Costs
[2026/02/10 01:08:30   WARN]         [AssetStore|Interaction] Unused key(s) in '**Weapon_Staff_Wood_Rotten_InteractionVars_Staff_Cast_Summon_Charged_Interactions_0': Costs
[2026/02/10 01:08:30   WARN]         [AssetStore|Interaction] Unused key(s) in '**Weapon_Staff_Frost_InteractionVars_Staff_Cast_Summon_Charged_Interactions_0': Costs
[2026/02/10 01:08:30   WARN]         [AssetStore|Interaction] Unused key(s) in '**Template_Weapon_Shortbow_InteractionVars_Guard_Bash_Interactions_1': Effects, StatModifiers
[2026/02/10 01:08:30   WARN]         [AssetStore|Interaction] Unused key(s) in '**Weapon_Staff_Crystal_Purple_InteractionVars_Staff_Cast_Summon_Charged_Interactions_0': Costs
[2026/02/10 01:08:30   WARN]         [AssetStore|Interaction] Unused key(s) in '**Weapon_Staff_Crystal_Red_InteractionVars_Staff_Cast_Summon_Charged_Interactions_0': Costs
[2026/02/10 01:08:30   WARN]         [AssetStore|Interaction] Unused key(s) in '**Weapon_Staff_Wizard_InteractionVars_Staff_Cast_Summon_Charged_Interactions_0': Costs
[2026/02/10 01:08:30   WARN]         [AssetStore|Interaction] Unused key(s) in '**Weapon_Staff_Crystal_Fire_Trork_InteractionVars_Staff_Cast_Summon_Charged_Interactions_0': Costs
[2026/02/10 01:08:30   WARN]         [AssetStore|Interaction] Unused key(s) in '**Weapon_Staff_Bronze_InteractionVars_Staff_Cast_Summon_Charged_Interactions_0': Costs
[2026/02/10 01:08:30   WARN]         [AssetStore|Interaction] Unused key(s) in '**Weapon_Staff_Onyxium_InteractionVars_Staff_Cast_Summon_Charged_Interactions_0': Costs
[2026/02/10 01:08:30   WARN]         [AssetStore|Interaction] Unused key(s) in '**Weapon_Staff_Crystal_Flame_InteractionVars_Fireball_Impact_2_Interactions_0': EntityStatsOnHit
[2026/02/10 01:08:30   WARN]         [AssetStore|Interaction] Unused key(s) in '**Weapon_Staff_Bo_Wood_InteractionVars_Staff_Cast_Summon_Charged_Interactions_0': Costs
[2026/02/10 01:08:30   WARN]         [AssetStore|Interaction] Unused key(s) in '**Weapon_Shield_Copper_InteractionVars_Guard_Bash_Interactions_0': Effects, StatModifiers
[2026/02/10 01:08:30   WARN]         [AssetStore|Interaction] Unused key(s) in '**Weapon_Staff_Crystal_Flame_InteractionVars_Fireball_Impact_3_Interactions_0': EntityStatsOnHit
[2026/02/10 01:08:30   WARN]         [AssetStore|Interaction] Unused key(s) in '***Plant_Crop_Mushroom_Glowing_Violet_Interactions_Secondary_Interactions_0_Next': Effects
[2026/02/10 01:08:30   WARN]         [AssetStore|Interaction] Unused key(s) in '***Plant_Crop_Mushroom_Glowing_Orange_Interactions_Secondary_Interactions_0_Next': Effects
[2026/02/10 01:08:30   WARN]         [AssetStore|Interaction] Unused key(s) in '***Plant_Crop_Mushroom_Glowing_Red_Interactions_Secondary_Interactions_0_Next': Effects
[2026/02/10 01:08:30   WARN]         [AssetStore|Interaction] Unused key(s) in '***Plant_Crop_Mushroom_Glowing_Green_Interactions_Secondary_Interactions_0_Next': Effects
[2026/02/10 01:08:30   WARN]         [AssetStore|Interaction] Unused key(s) in '***Plant_Seaweed_Grass_Stack_Interactions_Secondary_Interactions_0_Next': Effects
[2026/02/10 01:08:30   WARN]         [AssetStore|Interaction] Unused key(s) in '***Plant_Crop_Mushroom_Glowing_Blue_Interactions_Secondary_Interactions_0_Next': Effects
[2026/02/10 01:08:30   WARN]         [AssetStore|Interaction] Unused key(s) in '***Plant_Crop_Mushroom_Glowing_Purple_Interactions_Secondary_Interactions_0_Next': Effects
[2026/02/10 01:08:30   WARN]                [AssetStore|Item] Failed to find inherited parent asset Template_Crop_Item (BlockType) for Plant_Crop_Wheat_Item
[2026/02/10 01:08:30   WARN]                [AssetStore|Item] Failed to find inherited parent asset Template_Crop_Item (BlockType) for Plant_Crop_Corn_Item
[2026/02/10 01:08:30   WARN]                [AssetStore|Item] Failed to find inherited parent asset Template_Crop_Item (BlockType) for Plant_Crop_Lettuce_Item
[2026/02/10 01:08:30   WARN]                [AssetStore|Item] Failed to find inherited parent asset Template_Crop_Item (BlockType) for Plant_Crop_Onion_Item
[2026/02/10 01:08:30   WARN]                [AssetStore|Item] Failed to find inherited parent asset Template_Crop_Item (BlockType) for Plant_Crop_Carrot_Item
[2026/02/10 01:08:30   WARN]                [AssetStore|Item] Failed to find inherited parent asset Template_Crop_Item (BlockType) for Plant_Crop_Aubergine_Item
[2026/02/10 01:08:30   WARN]                [AssetStore|Item] Failed to find inherited parent asset Template_Crop_Item (BlockType) for Plant_Crop_Turnip_Item
[2026/02/10 01:08:30   WARN]                [AssetStore|Item] Failed to find inherited parent asset Template_Crop_Item (BlockType) for Plant_Crop_Potato_Item
[2026/02/10 01:08:30   WARN]                [AssetStore|Item] Failed to find inherited parent asset Template_Crop_Item (BlockType) for Plant_Crop_Pumpkin_Item
[2026/02/10 01:08:30   WARN]                [AssetStore|Item] Failed to find inherited parent asset Template_Crop_Item (BlockType) for Plant_Crop_Tomato_Item
[2026/02/10 01:08:30   WARN]                [AssetStore|Item] Failed to find inherited parent asset Template_Crop_Item (BlockType) for Plant_Crop_Rice_Item
[2026/02/10 01:08:30   WARN]                [AssetStore|Item] Failed to find inherited parent asset Template_Crop_Item (BlockType) for Plant_Crop_Chilli_Item
[2026/02/10 01:08:30   WARN]                [AssetStore|Item] Failed to find inherited parent asset Template_Crop_Item (BlockType) for Plant_Crop_Cauliflower_Item
[2026/02/10 01:08:31   WARN]         [AssetStore|Interaction] Unused key(s) in '**Portal_Device_Interactions_Use_Interactions_0': Page.Config.GameplayConfig
[2026/02/10 01:08:31   WARN]         [AssetStore|Interaction] Unused key(s) in '**Teleporter_Interactions_Use_Interactions_0': Page.WarpNameWordList
[2026/02/10 01:08:31   WARN]           [AssetStore|BlockType] Unused key(s) in '*Prototype_Geyser_State_Definitions_Off': SoundEventId
[2026/02/10 01:08:31   WARN]           [AssetStore|BlockType] Unused key(s) in '*Prototype_Geyser_State_Definitions_On': SoundEventId
[2026/02/10 01:08:31   WARN]         [AssetStore|Interaction] Unused key(s) in '***Teleporter_State_Definitions_Active_Interactions_Use_Interactions_0': Page.WarpNameWordList
[2026/02/10 01:08:31   WARN]      [AssetStore|GameplayConfig] Unused key(s) in 'Default' file /Server/GameplayConfigs/Default.json: Ping
[2026/02/10 01:08:31   WARN]      [AssetStore|GameplayConfig] Unused key(s) in 'Default_Instance' file /Server/GameplayConfigs/Default_Instance.json: Death.LoseItems
[2026/02/10 01:08:31   WARN]    [AssetStore|AssignmentsAsset] Unused key(s) in 'Runtime_Defect_1' file /Server/HytaleGenerator/Assignments/Dev/Runtime_Defect_1.json: Prop.BoxBlockType
[2026/02/10 01:08:31   WARN]    [AssetStore|AssignmentsAsset] Unused key(s) in 'Runtime_Defect_0' file /Server/HytaleGenerator/Assignments/Dev/Runtime_Defect_0.json: Prop.BoxBlockType
[2026/02/10 01:08:31   WARN]                [HytaleGenerator] Duplicate export name for asset: Volcanic1_Swamp_Bushes_Jungles_Pattern
[2026/02/10 01:08:31   INFO]                [HytaleGenerator] Exported Scanner asset with name 'Desert1_Oasis_Grasses_Scanner' with asset id 'null
[2026/02/10 01:08:31   WARN]    [AssetStore|AssignmentsAsset] Unused key(s) in 'Plains1_Deeproot_Grasses' file /Server/HytaleGenerator/Assignments/Plains1/Plains1_Deeproot_Grasses.json: FieldFunction.CacheSize
[2026/02/10 01:08:31   WARN]    [AssetStore|AssignmentsAsset] Unused key(s) in 'Desert1_Oasis_Grasses' file /Server/HytaleGenerator/Assignments/Desert1/Desert1_Oasis_Grasses.json: $Comments
[2026/02/10 01:08:31   WARN]                [HytaleGenerator] Duplicate export name for asset: Plains1_OakPattern_Floor_Grass
[2026/02/10 01:08:31   WARN]    [AssetStore|AssignmentsAsset] Unused key(s) in 'Plains1_Mountains_Grasses' file /Server/HytaleGenerator/Assignments/Plains1/Plains1_Mountains_Grasses.json: FieldFunction.CacheSize
[2026/02/10 01:08:31   WARN]                [HytaleGenerator] Duplicate export name for asset: Plains1_OakPattern_Floor_Grass
[2026/02/10 01:08:31   INFO]                [HytaleGenerator] Exported Scanner asset with name 'Desert1_Boulders_Scanner' with asset id 'null
[2026/02/10 01:08:31   INFO]                [HytaleGenerator] Exported Scanner asset with name 'Desert1_Boab_Scanner' with asset id 'null
[2026/02/10 01:08:31   WARN]                [HytaleGenerator] Duplicate export name for asset: Desert1_Boulders_Scanner
[2026/02/10 01:08:31   WARN]    [AssetStore|AssignmentsAsset] Unused key(s) in 'Desert1_Oasis_Boulders' file /Server/HytaleGenerator/Assignments/Desert1/Desert1_Oasis_Boulders.json: $Comments
[2026/02/10 01:08:31   INFO]                [HytaleGenerator] Exported Scanner asset with name 'Desert1_Boulders_Scanner' with asset id 'null
[2026/02/10 01:08:31   INFO]                [HytaleGenerator] Exported Scanner asset with name 'Plains1_Gorges_Boulder_Scanner' with asset id 'null
[2026/02/10 01:08:31   WARN]    [AssetStore|AssignmentsAsset] Unused key(s) in 'Desert1_Oasis_Flowers' file /Server/HytaleGenerator/Assignments/Desert1/Desert1_Oasis_Flowers.json: $Comments
[2026/02/10 01:08:31   WARN]    [AssetStore|AssignmentsAsset] Unused key(s) in 'Plains1_Oak_Bushes' file /Server/HytaleGenerator/Assignments/Plains1/Plains1_Oak_Bushes.json: FieldFunction.CacheSize
[2026/02/10 01:08:31   INFO]                [HytaleGenerator] Exported Scanner asset with name 'Plains1_Gorges_Tree_Scanner' with asset id 'null
[2026/02/10 01:08:31   WARN]                [HytaleGenerator] Duplicate export name for asset: Plains1_Sticks
[2026/02/10 01:08:31   WARN]                [HytaleGenerator] Duplicate export name for asset: Plains1_OakPattern_Floor_Grass
[2026/02/10 01:08:31   WARN]    [AssetStore|AssignmentsAsset] Unused key(s) in 'Taiga1_Rivers_Grasses' file /Server/HytaleGenerator/Assignments/Taiga1/Taiga1_Rivers_Grasses.json: $Comments
[2026/02/10 01:08:31   INFO]                [HytaleGenerator] Exported Scanner asset with name 'Desert1_Palm_Scanner' with asset id 'null
[2026/02/10 01:08:31   INFO]                [HytaleGenerator] Exported Scanner asset with name 'Desert1_Oasis_Plants_2_Scanner' with asset id 'null
[2026/02/10 01:08:31   WARN]    [AssetStore|AssignmentsAsset] Unused key(s) in 'Desert1_Oasis_Flowers_2' file /Server/HytaleGenerator/Assignments/Desert1/Desert1_Oasis_Flowers_2.json: $Comments
[2026/02/10 01:08:31   INFO]                [HytaleGenerator] Exported Scanner asset with name 'Desert1_Dry_Scanner' with asset id 'null
[2026/02/10 01:08:31   WARN]    [AssetStore|AssignmentsAsset] Unused key(s) in 'Desert1_Oasis_Trees_Dry' file /Server/HytaleGenerator/Assignments/Desert1/Desert1_Oasis_Trees_Dry.json: $Comments
[2026/02/10 01:08:31   INFO]            [AssetRegistryLoader] Took 5sec 136ms 404us 100ns to load all assets
[2026/02/10 01:08:31   INFO]                         [Hytale] Loading NPC assets phase...
[2026/02/10 01:08:31   INFO]                          [NPC|P] Starting to load NPC builders!
[2026/02/10 01:08:31   WARN]                          [NPC|P] Replacing asset 'Test_Patrol_Path' of file '/Server/NPC/Roles/_Core/Tests_Development/Test_Patrol_Path.json' with other file '/Server/NPC/Roles/_Core/Tests/Paths/Test_Patrol_Path.json'
[2026/02/10 01:08:33   INFO]                          [NPC|P] Validating loaded NPC configurations...
[2026/02/10 01:08:33   WARN]                          [NPC|P] Animation Eat does not exist for model Trillodon!
[2026/02/10 01:08:33   WARN]                          [NPC|P] Animation Curious does not exist for model Trillodon!
[2026/02/10 01:08:33   WARN]                          [NPC|P] Animation GreetAnimation does not exist for model Trillodon!
[2026/02/10 01:08:33   WARN]                          [NPC|P] Animation Eat does not exist for model Spark_Living!
[2026/02/10 01:08:33   WARN]                          [NPC|P] Animation Curious does not exist for model Spark_Living!
[2026/02/10 01:08:33   WARN]                          [NPC|P] Animation GreetAnimation does not exist for model Spark_Living!
[2026/02/10 01:08:33   WARN]                          [NPC|P] Animation GreetAnimation does not exist for model Tortoise!
[2026/02/10 01:08:33   WARN]                          [NPC|P] Animation Eat does not exist for model Lizard_Sand!
[2026/02/10 01:08:33   WARN]                          [NPC|P] Animation Curious does not exist for model Lizard_Sand!
[2026/02/10 01:08:33   WARN]                          [NPC|P] Animation GreetAnimation does not exist for model Lizard_Sand!
[2026/02/10 01:08:33   WARN]                          [NPC|P] Animation Wave does not exist for model Temple_Mithril_Guard!
[2026/02/10 01:08:33   WARN]                          [NPC|P] Animation Rally does not exist for model Outlander_Sorcerer!
[2026/02/10 01:08:33   WARN]                          [NPC|P] Animation Alerted does not exist for model Scarak_Broodmother!
[2026/02/10 01:08:33   WARN]                          [NPC|P] Animation Leap does not exist for model Goblin_Duke_Large!
[2026/02/10 01:08:33   WARN]                          [NPC|P] Animation Sleep does not exist for model Slug_Magma!
[2026/02/10 01:08:33   WARN]                          [NPC|P] Animation Alerted does not exist for model Slug_Magma!
[2026/02/10 01:08:33   WARN]                          [NPC|P] Animation Laydown does not exist for model Slug_Magma!
[2026/02/10 01:08:33   WARN]                          [NPC|P] Animation Wake does not exist for model Slug_Magma!
[2026/02/10 01:08:33   WARN]                          [NPC|P] Animation Eat does not exist for model Hatworm!
[2026/02/10 01:08:33   WARN]                          [NPC|P] Animation Curious does not exist for model Hatworm!
[2026/02/10 01:08:33   WARN]                          [NPC|P] Animation GreetAnimation does not exist for model Hatworm!
[2026/02/10 01:08:33   WARN]                          [NPC|P] Animation Leap does not exist for model Goblin_Duke!
[2026/02/10 01:08:33   WARN]                          [NPC|P] Animation Alerted does not exist for model Kweebec_Rootling!
[2026/02/10 01:08:33   WARN]                          [NPC|P] Animation Sleep does not exist for model Tuluk_Fisherman!
[2026/02/10 01:08:33   WARN]                          [NPC|P] Animation Alerted does not exist for model Tuluk_Fisherman!
[2026/02/10 01:08:33   WARN]                          [NPC|P] Animation Laydown does not exist for model Tuluk_Fisherman!
[2026/02/10 01:08:33   WARN]                          [NPC|P] Animation Wake does not exist for model Tuluk_Fisherman!
[2026/02/10 01:08:33   WARN]                          [NPC|P] Animation Alerted does not exist for model Scarak_Broodmother!
[2026/02/10 01:08:33   WARN]                          [NPC|P] Animation Wave does not exist for model Frog_Blue!
[2026/02/10 01:08:33   WARN]                          [NPC|P] Animation Wave does not exist for model Frog_Orange!
[2026/02/10 01:08:33   WARN]                          [NPC|P] Animation Alerted does not exist for model Scarak_Broodmother!
[2026/02/10 01:08:33   WARN]                          [NPC|P] Animation Leap does not exist for model Goblin_Duke!
[2026/02/10 01:08:33   WARN]                          [NPC|P] Animation Sleep does not exist for model Wraith_Lantern!
[2026/02/10 01:08:33   WARN]                          [NPC|P] Animation Alerted does not exist for model Wraith_Lantern!
[2026/02/10 01:08:33   WARN]                          [NPC|P] Animation Laydown does not exist for model Wraith_Lantern!
[2026/02/10 01:08:33   WARN]                          [NPC|P] Animation Wake does not exist for model Wraith_Lantern!
[2026/02/10 01:08:33   WARN]                          [NPC|P] Animation Rally does not exist for model Outlander_Priest!
[2026/02/10 01:08:33   INFO]                          [NPC|P] Validation complete.
[2026/02/10 01:08:33   INFO]                          [NPC|P] Loaded 897 NPC configurations, Test: 243, Component: 143, Abstract: 51, Variant: 418, Generic: 44
[2026/02/10 01:08:33   INFO]                         [Hytale] Loading NPC assets phase completed! Boot time 12sec 826ms 356us 501ns, Took 1sec 948ms 886us 101ns
[2026/02/10 01:08:33   INFO]                         [Hytale] Validating Spawn assets phase...
[2026/02/10 01:08:33   INFO]                         [Hytale] Spawn assets validation phase completed! Boot time 12sec 827ms 907us 501ns, Took 1ms 180us 901ns
[2026/02/10 01:08:33   INFO]                   [I18nModule|P] Loaded 7870 entries for 'en-US' from /Server/Languages
[2026/02/10 01:08:33   INFO]                   [I18nModule|P] Loaded 51 entries from /Server/Languages/fallback.lang
[2026/02/10 01:08:33   INFO]                   [HytaleServer] Starting plugin manager...
[2026/02/10 01:08:33   INFO]                  [PluginManager] Enabled plugin Hytale:WorldLocationCondition
[2026/02/10 01:08:33   INFO]                  [PluginManager] Enabled plugin Hytale:ServerManager
[2026/02/10 01:08:33   INFO]                  [PluginManager] Enabled plugin Hytale:SprintForce
[2026/02/10 01:08:33   INFO]                  [PluginManager] Enabled plugin Hytale:MigrationModule
[2026/02/10 01:08:33   INFO]                  [PluginManager] Enabled plugin Hytale:AssetModule
[2026/02/10 01:08:33   INFO]                  [PluginManager] Enabled plugin Hytale:ConsoleModule
[2026/02/10 01:08:33   INFO]                  [PluginManager] Enabled plugin Hytale:TimeModule
[2026/02/10 01:08:33   INFO]                  [PluginManager] Enabled plugin Hytale:CollisionModule
[2026/02/10 01:08:33   INFO]                  [PluginManager] Enabled plugin Hytale:DebugPlugin
[2026/02/10 01:08:33   INFO]                  [PluginManager] Enabled plugin Hytale:SplitVelocity
[2026/02/10 01:08:33   INFO]                  [PluginManager] Enabled plugin Hytale:Model
[2026/02/10 01:08:33   INFO]                  [PluginManager] Enabled plugin Hytale:CrouchSlide
[2026/02/10 01:08:33   INFO]                [ServerManager|P] Listening on /[0:0:0:0:0:0:0:0]:5520 and took 6ms 146us 600ns
[2026/02/10 01:08:33   INFO]                [ServerManager|P] Listening on /0.0.0.0:5520 and took 1ms 557us 700ns
[2026/02/10 01:08:33   INFO]                [ServerManager|P] Listening on /[0:0:0:0:0:0:0:1]:5520 and took 1ms 381us 600ns
[2026/02/10 01:08:33   INFO]                  [PluginManager] Enabled plugin Hytale:Universe
[2026/02/10 01:08:33   INFO]                  [PluginManager] Enabled plugin Hytale:TagSet
[2026/02/10 01:08:33   WARN]                   [UpdateModule] Update checker disabled: invalid folder layout. Expected to run from Server/ with Assets.zip and start.sh/bat in parent directory.
[2026/02/10 01:08:33   INFO]                  [PluginManager] Enabled plugin Hytale:UpdateModule
[2026/02/10 01:08:33   INFO]                  [World|default] Loading world 'default' with generator type: 'HytaleWorldGenProvider{name='Default', path='null'}' and chunk storage: 'DefaultChunkStorageProvider{DEFAULT=IndexedStorageChunkStorageProvider{}}'...
[2026/02/10 01:08:33   INFO]                  [PluginManager] Enabled plugin Hytale:AccessControlModule
[2026/02/10 01:08:33   INFO]                  [PluginManager] Enabled plugin Hytale:CommandMacro
[2026/02/10 01:08:33   INFO]                  [PluginManager] Enabled plugin Hytale:SafetyRoll
[2026/02/10 01:08:33   INFO]                  [PluginManager] Enabled plugin Hytale:HytaleGenerator
[2026/02/10 01:08:33   INFO]                  [PluginManager] Enabled plugin Hytale:ItemModule
[2026/02/10 01:08:33   INFO]                  [PluginManager] Enabled plugin Hytale:CommonAssetModule
[2026/02/10 01:08:33   INFO]                  [PluginManager] Enabled plugin Hytale:CosmeticsModule
[2026/02/10 01:08:33   INFO]                  [PluginManager] Enabled plugin Hytale:I18nModule
[2026/02/10 01:08:33   INFO]                  [PluginManager] Enabled plugin Hytale:LegacyModule
[2026/02/10 01:08:33   INFO]                  [PluginManager] Enabled plugin Hytale:LANDiscovery
[2026/02/10 01:08:33   INFO]                  [PluginManager] Enabled plugin Hytale:Mantling
[2026/02/10 01:08:33   INFO]                  [World|default] Added world 'default' - Seed: 1770609374184, GameTime: 0001-01-03T13:19:53.599927923Z
[2026/02/10 01:08:33   INFO]                  [PluginManager] Enabled plugin Hytale:PermissionsModule
[2026/02/10 01:08:33   INFO]                  [PluginManager] Enabled plugin Hytale:Deployables
[2026/02/10 01:08:33   INFO]                  [PluginManager] Enabled plugin Hytale:BlockSetModule
[2026/02/10 01:08:33   INFO]                  [PluginManager] Enabled plugin Hytale:FlyCameraModule
[2026/02/10 01:08:33   INFO]                  [PluginManager] Enabled plugin Hytale:EntityModule
[2026/02/10 01:08:33   INFO]                  [PluginManager] Enabled plugin Hytale:BlockTick
[2026/02/10 01:08:33   INFO]                  [PluginManager] Enabled plugin Hytale:BlockHealthModule
[2026/02/10 01:08:33   INFO]                  [PluginManager] Enabled plugin Hytale:InteractionModule
[2026/02/10 01:08:33   INFO]                  [PluginManager] Enabled plugin Hytale:ServerPlayerListModule
[2026/02/10 01:08:33   INFO]                  [PluginManager] Enabled plugin Hytale:ConnectedBlocksModule
[2026/02/10 01:08:33   INFO]                  [PluginManager] Enabled plugin Hytale:BlockTypeModule
[2026/02/10 01:08:33   INFO]                  [PluginManager] Enabled plugin Hytale:BlockModule
[2026/02/10 01:08:33   INFO]                  [PluginManager] Enabled plugin Hytale:Weather
[2026/02/10 01:08:33   INFO]                  [PluginManager] Enabled plugin Hytale:Reputation
[2026/02/10 01:08:33   INFO]                  [PluginManager] Enabled plugin Hytale:Parkour
[2026/02/10 01:08:33   INFO]                  [PluginManager] Enabled plugin Hytale:ProjectileModule
[2026/02/10 01:08:33   INFO]                  [PluginManager] Enabled plugin Hytale:Teleport
[2026/02/10 01:08:33   INFO]                  [PluginManager] Enabled plugin Hytale:WorldGen
[2026/02/10 01:08:33   INFO]                  [PluginManager] Enabled plugin Hytale:BlockStateModule
[2026/02/10 01:08:33   INFO]                  [PluginManager] Enabled plugin Hytale:AssetEditor
[2026/02/10 01:08:33   INFO]                  [PluginManager] Enabled plugin Hytale:Ambience
[2026/02/10 01:08:33   INFO]                  [PluginManager] Enabled plugin Hytale:Teleporter
[2026/02/10 01:08:33   INFO]                  [PluginManager] Enabled plugin Hytale:BlockPhysics
[2026/02/10 01:08:33   INFO]                  [PluginManager] Enabled plugin Hytale:BuilderTools
[2026/02/10 01:08:33   INFO]                  [PluginManager] Enabled plugin Hytale:Farming
[2026/02/10 01:08:33   INFO]                  [PluginManager] Enabled plugin Hytale:Fluid
[2026/02/10 01:08:33   INFO]                [BarterShopState] Loaded barter shop state with 0 shops
[2026/02/10 01:08:33   INFO]                         [Shop|P] Barter shop state initialized
[2026/02/10 01:08:33   INFO]                  [PluginManager] Enabled plugin Hytale:Shop
[2026/02/10 01:08:33   INFO]                  [PluginManager] Enabled plugin Hytale:Crafting
[2026/02/10 01:08:33   INFO]                  [PluginManager] Enabled plugin Hytale:SingleplayerModule
[2026/02/10 01:08:33   INFO]                  [PluginManager] Enabled plugin Hytale:ShopReputation
[2026/02/10 01:08:33   INFO]                  [PluginManager] Enabled plugin Hytale:EntityStatsModule
[2026/02/10 01:08:33   INFO]                  [PluginManager] Enabled plugin Hytale:BlockSpawner
[2026/02/10 01:08:33   INFO]                  [PluginManager] Enabled plugin Hytale:PrefabSpawnerModule
[2026/02/10 01:08:33   INFO]                  [PluginManager] Enabled plugin Hytale:Instances
[2026/02/10 01:08:33   INFO]                  [PluginManager] Enabled plugin Hytale:Objectives
[2026/02/10 01:08:33   INFO]                  [PluginManager] Enabled plugin Hytale:Path
[2026/02/10 01:08:33   INFO]                  [PluginManager] Enabled plugin Hytale:EntityUIModule
[2026/02/10 01:08:33   INFO]                  [PluginManager] Enabled plugin Hytale:Stash
[2026/02/10 01:08:33   INFO]                  [PluginManager] Enabled plugin Hytale:StaminaModule
[2026/02/10 01:08:33   INFO]                  [PluginManager] Enabled plugin Hytale:ObjectiveShop
[2026/02/10 01:08:33   INFO] [PluginManager] Enabled plugin Hytale:ObjectiveReputation
[2026/02/10 01:08:33   INFO] [PluginManager] Enabled plugin Hytale:CreativeHub
[2026/02/10 01:08:33   INFO] [PluginManager] Enabled plugin Hytale:DamageModule
[2026/02/10 01:08:33   INFO] [PluginManager] Enabled plugin Hytale:Camera
[2026/02/10 01:08:33   INFO] [PluginManager] Enabled plugin Hytale:NPC
[2026/02/10 01:08:33   INFO] [PluginManager] Enabled plugin Hytale:Mounts
[2026/02/10 01:08:33   INFO] [PluginManager] Enabled plugin Hytale:Flock
[2026/02/10 01:08:33   INFO] [PluginManager] Enabled plugin Hytale:NPCEditor
[2026/02/10 01:08:33   INFO] [PluginManager] Enabled plugin Hytale:Memories
[2026/02/10 01:08:33   INFO] [PluginManager] Enabled plugin Hytale:NPCShop
[2026/02/10 01:08:33   INFO] [PluginManager] Enabled plugin Hytale:Beds
[2026/02/10 01:08:33   INFO] [PluginManager] Enabled plugin Hytale:Portals
[2026/02/10 01:08:33   INFO] [PluginManager] Enabled plugin Hytale:NPCCombatActionEvaluator
[2026/02/10 01:08:33   INFO] [PluginManager] Enabled plugin Hytale:NPCReputation
[2026/02/10 01:08:33   INFO]    [Spawning|P] Successfully set up 96 world spawn configurations
[2026/02/10 01:08:33   INFO]    [Spawning|P] Successfully set up 75 beacon spawn configurations
[2026/02/10 01:08:33   INFO] [PluginManager] Enabled plugin Hytale:Spawning
[2026/02/10 01:08:33   INFO] [PluginManager] Enabled plugin Hytale:NPCObjectives
[2026/02/10 01:08:33   INFO]  [HytaleServer] Plugin manager started! Startup time so far: 13sec 3ms 10us 300ns
[2026/02/10 01:08:33   INFO]  [HytaleServer] Getting Hytale Universe ready...
[2026/02/10 01:08:33   INFO] [WorldGenerator] Set prefab-store to: ASSETS
[2026/02/10 01:08:35   INFO] [WorldGenerator] Initialized ChunkGenerator-0 executor
[2026/02/10 01:08:35   INFO] [WorldGenerator] Found location for unique zone 'Zone1_Spawn' -> Position: {-153, 127}, Score: 95.08%, Time: 1ms
[2026/02/10 01:08:35   INFO] [WorldGenerator] Found location for unique zone 'Zone1_Temple' -> Position: {-167, 376}, Score: 88.29%, Time: 1ms
[2026/02/10 01:08:36   INFO] [World|default|M] Initializing world map generator: com.hypixel.hytale.server.worldgen.map.GeneratorChunkWorldMap@eee329d
[2026/02/10 01:08:36   INFO] [World|default|M] Generating Points of Interest...
[2026/02/10 01:08:36   INFO] [World|default|M] Finished Generating Points of Interest!
[2026/02/10 01:08:37   INFO]      [Teleport|P] Loaded 0 warps (No warps.json found)
[2026/02/10 01:08:37   INFO]    [HytaleServer] Universe ready!
[2026/02/10 01:08:37   INFO]   [AssetModule|P] Total Loaded Assets: Interaction: 7186, RootInteraction: 5376, BlockType: 3953, Item: 3005, CraftingRecipe: 1643, ParticleSpawner: 1584, SoundEvent: 1161, ItemDropList: 728, ParticleSystem: 535, ModelAsset: 434, SpawnMarker: 243, BlockBoundingBoxes: 234, Condition: 228, ItemPlayerAnimations: 183, EntityEffect: 175, AmbienceFX: 167, TagPattern: 126, ResourceType: 124, Environment: 117, AssignmentsAsset: 111, ProjectileConfig: 111, WorldNPCSpawn: 96, AudioCategory: 94, CombatActionOption: 87, Weather: 86, Projectile: 86, PrefabListAsset: 77, BeaconNPCSpawn: 75, NPCGroup: 71, BiomeAsset: 69, Trail: 59, FlockAsset: 58, BlockSet: 56, BlockSoundSet: 53, CameraEffect: 49, CameraShake: 49, BalanceAsset: 48, BlockSpawnerTable: 46, BlockGroup: 43, ScriptedBrushAsset: 38, ItemSoundSet: 36, ModelVFX: 33, BlockParticleSet: 30, AttitudeGroup: 27, ReverbEffect: 22, ItemToolSpec: 17, Fluid: 15, DamageCause: 15, WorldStructureAsset: 14, EntityStatType: 13, BlockTypeListAsset: 12, ResponseCurve: 12, ViewBobbing: 12, ObjectiveAsset: 12, ItemQuality: 12, CustomConnectedBlockTemplateAsset: 11, BlockMigration: 11, DensityAsset: 9, MacroCommandBuilder: 8, PortalType: 5, GameplayConfig: 5, FluidFX: 5, BlockBreakingDecal: 4, GrowthModifierAsset: 4, ItemCategory: 4, ObjectiveLocationMarkerAsset: 4, UnarmedInteractions: 3, ItemReticleConfig: 3, MovementConfig: 3, SpawnSuppression: 3, EqualizerEffect: 3, SoundSet: 2, EntityUIComponent: 2, ObjectiveLineAsset: 2, RepulsionConfig: 2, BarterShopAsset: 2, GameModeType: 2, HitboxCollisionConfig: 2, ReachLocationMarkerAsset: 1, BuilderToolItemReferenceAsset: 1, WordList: 1, ItemAttitudeGroup: 1, PrefabEditorCreationSettings: 1, FieldcraftCategory: 1, FarmingCoopAsset: 1, SettingsAsset: 1, ReputationGroup: 0, BlockMaskAsset: 0, DeployableSpawner: 0, ShopAsset: 0, ReputationRank: 0
[2026/02/10 01:08:37   INFO]    [HytaleServer] ===============================================================================================
[2026/02/10 01:08:37   INFO]    [HytaleServer]          Hytale Server Booted! [Multiplayer] took 16sec 427ms 213us 401ns
[2026/02/10 01:08:37   INFO]    [HytaleServer] ===============================================================================================
[2026/02/10 01:10:58   INFO]   [QUICTransport] Received connection from QuicConnectionAddress{connId=} (/25.46.214.93:51459) to QuicConnectionAddress{connId=7c70dc90577bf48c14541c979bc46d5b168bddf9} (/0.0.0.0:5520)
[2026/02/10 01:10:58   INFO]          [Hytale] Received stream QuicConnectionAddress{connId=7c70dc90577bf48c14541c979bc46d5b168bddf9} (/25.46.214.93:51459, streamId=0) to QuicConnectionAddress{connId=7c70dc90577bf48c14541c979bc46d5b168bddf9} (/0.0.0.0:5520, streamId=0)
[2026/02/10 01:10:58 FINEST]     [LoginTiming] [{Initial(QuicConnectionAddress{connId=7c70dc90577bf48c14541c979bc46d5b168bddf9} (/25.46.214.93:51459, streamId=0))}] Entering stage 'initial'
[2026/02/10 01:10:58   FINE]     [LoginTiming] [{Initial(QuicConnectionAddress{connId=7c70dc90577bf48c14541c979bc46d5b168bddf9} (/25.46.214.93:51459, streamId=0))}] Registered took 446us 1ns
[2026/02/10 01:10:59   FINE]     [LoginTiming] [{Initial(QuicConnectionAddress{connId=7c70dc90577bf48c14541c979bc46d5b168bddf9} (/25.46.214.93:51459, streamId=0))}] Connect took 274ms 272us 300ns
[2026/02/10 01:10:59   INFO]          [Hytale] Starting development flow for OFME (4c9340d7-46d4-4d07-a047-4709cc19480e) from QuicConnectionAddress{connId=7c70dc90577bf48c14541c979bc46d5b168bddf9} (/25.46.214.93:51459, streamId=0)
[2026/02/10 01:10:59   INFO] [PasswordPacketHandler] Connection complete for OFME (4c9340d7-46d4-4d07-a047-4709cc19480e), transitioning to setup
[2026/02/10 01:10:59 FINEST]           [LoginTiming] [{Setup(QuicConnectionAddress{connId=7c70dc90577bf48c14541c979bc46d5b168bddf9} (/25.46.214.93:51459, streamId=0)), OFME, 4c9340d7-46d4-4d07-a047-4709cc19480e, SECURE}] Entering stage 'setup:world-settings' took 2ms 887us 400ns
[2026/02/10 01:10:59   FINE]           [LoginTiming] [{Setup(QuicConnectionAddress{connId=7c70dc90577bf48c14541c979bc46d5b168bddf9} (/25.46.214.93:51459, streamId=0)), OFME, 4c9340d7-46d4-4d07-a047-4709cc19480e, SECURE}] Load Player Config took 1ms 350us 400ns
[2026/02/10 01:10:59 FINEST]           [LoginTiming] [{Setup(QuicConnectionAddress{connId=7c70dc90577bf48c14541c979bc46d5b168bddf9} (/25.46.214.93:51459, streamId=0)), OFME, 4c9340d7-46d4-4d07-a047-4709cc19480e, SECURE}] Entering stage 'setup:assets-request' took 76ms 998us 699ns
[2026/02/10 01:10:59   FINE]           [LoginTiming] [{Setup(QuicConnectionAddress{connId=7c70dc90577bf48c14541c979bc46d5b168bddf9} (/25.46.214.93:51459, streamId=0)), OFME, 4c9340d7-46d4-4d07-a047-4709cc19480e, SECURE}] Request Assets took 309ms 773us 800ns
[2026/02/10 01:10:59 FINEST]           [LoginTiming] [{Setup(QuicConnectionAddress{connId=7c70dc90577bf48c14541c979bc46d5b168bddf9} (/25.46.214.93:51459, streamId=0)), OFME, 4c9340d7-46d4-4d07-a047-4709cc19480e, SECURE}] Entering stage 'setup:send-assets' took 1ms 244us 501ns
[2026/02/10 01:10:59   FINE]           [LoginTiming] [{Setup(QuicConnectionAddress{connId=7c70dc90577bf48c14541c979bc46d5b168bddf9} (/25.46.214.93:51459, streamId=0)), OFME, 4c9340d7-46d4-4d07-a047-4709cc19480e, SECURE}] Send Common Assets took 203us 200ns
[2026/02/10 01:10:59   WARN]                [Hytale] Missing interaction Effect
[2026/02/10 01:11:00   FINE]           [LoginTiming] [{Setup(QuicConnectionAddress{connId=7c70dc90577bf48c14541c979bc46d5b168bddf9} (/25.46.214.93:51459, streamId=0)), OFME, 4c9340d7-46d4-4d07-a047-4709cc19480e, SECURE}] Send Config Assets took 431ms 226us
[2026/02/10 01:11:01   FINE]           [LoginTiming] [{Setup(QuicConnectionAddress{connId=7c70dc90577bf48c14541c979bc46d5b168bddf9} (/25.46.214.93:51459, streamId=0)), OFME, 4c9340d7-46d4-4d07-a047-4709cc19480e, SECURE}] Player Options took 1sec 358ms 868us 399ns
[2026/02/10 01:11:01   INFO]            [Universe|P] Adding player 'OFME (4c9340d7-46d4-4d07-a047-4709cc19480e)
[2026/02/10 01:11:01 FINEST]           [LoginTiming] [{Setup(QuicConnectionAddress{connId=7c70dc90577bf48c14541c979bc46d5b168bddf9} (/25.46.214.93:51459, streamId=0)), OFME, 4c9340d7-46d4-4d07-a047-4709cc19480e, SECURE}] Load Player Config took 12ms 263us 901ns
[2026/02/10 01:11:01 FINEST]           [LoginTiming] [{Playing(QuicConnectionAddress{connId=7c70dc90577bf48c14541c979bc46d5b168bddf9} (/25.46.214.93:51459, streamId=0)), 4c9340d7-46d4-4d07-a047-4709cc19480e, OFME}] Processed Referral took 2ms 262us 500ns
[2026/02/10 01:11:01   WARN]                [Hytale] {Playing(QuicConnectionAddress{connId=7c70dc90577bf48c14541c979bc46d5b168bddf9} (/25.46.214.93:51459, streamId=0)), 4c9340d7-46d4-4d07-a047-4709cc19480e, OFME} Added future for ClientReady packet?
[2026/02/10 01:11:01   INFO]         [World|default] Adding player 'OFME' to world 'default' at location null (4c9340d7-46d4-4d07-a047-4709cc19480e)
[2026/02/10 01:11:01   INFO]                [Hytale] {Playing(QuicConnectionAddress{connId=7c70dc90577bf48c14541c979bc46d5b168bddf9} (/25.46.214.93:51459, streamId=0)), 4c9340d7-46d4-4d07-a047-4709cc19480e, OFME}: Sent com.hypixel.hytale.protocol.packets.player.JoinWorld@16190f81
[2026/02/10 01:11:01 FINEST]           [LoginTiming] [{Playing(QuicConnectionAddress{connId=7c70dc90577bf48c14541c979bc46d5b168bddf9} (/25.46.214.93:51459, streamId=0)), 4c9340d7-46d4-4d07-a047-4709cc19480e, OFME}] Entering stage 'setup:add-to-universe' took 23ms 529us
[2026/02/10 01:11:01   WARN]                [Hytale] {Playing(QuicConnectionAddress{connId=7c70dc90577bf48c14541c979bc46d5b168bddf9} (/25.46.214.93:51459, streamId=0)), 4c9340d7-46d4-4d07-a047-4709cc19480e, OFME}: Received com.hypixel.hytale.protocol.packets.player.ClientReady@9da7
[2026/02/10 01:11:01   INFO]                [Entity] Assigning default gamemode Adventure to player!
[2026/02/10 01:11:01   INFO]         [World|default] Player 'OFME' joined world 'default' at location Vector3d{x=-161.5, y=120.10000002384186, z=127.5} (4c9340d7-46d4-4d07-a047-4709cc19480e)
[2026/02/10 01:11:01 FINEST]           [LoginTiming] [{Playing(QuicConnectionAddress{connId=7c70dc90577bf48c14541c979bc46d5b168bddf9} (/25.46.214.93:51459, streamId=0)), 4c9340d7-46d4-4d07-a047-4709cc19480e, OFME}] Add to World took 461ms 475us 700ns
[2026/02/10 01:11:01   FINE]           [LoginTiming] [{Playing(QuicConnectionAddress{connId=7c70dc90577bf48c14541c979bc46d5b168bddf9} (/25.46.214.93:51459, streamId=0)), 4c9340d7-46d4-4d07-a047-4709cc19480e, OFME}] Add To Universe took 140us 100ns
[2026/02/10 01:11:01   WARN]         [World|default] Task took 36ms 510us 400ns ns: java.util.concurrent.CompletableFuture$UniApply@6d658d01
[2026/02/10 01:11:01   INFO]       [WorldMapTracker] Started Generating Map!
[2026/02/10 01:11:01   WARN]                [Entity] getPositionComponent called async [CONTEXT ratelimit_period="5 MINUTES" ]
java.lang.Throwable
	at com.hypixel.hytale.server.core.entity.Entity.getTransformComponent(Entity.java:278)
	at com.hypixel.hytale.server.core.universe.world.WorldMapTracker.tick(WorldMapTracker.java:138)
	at com.hypixel.hytale.server.core.universe.world.worldmap.WorldMapManager.tick(WorldMapManager.java:148)
	at com.hypixel.hytale.server.core.util.thread.TickingThread.run(TickingThread.java:89)
	at java.base/java.lang.Thread.run(Thread.java:1583)

[2026/02/10 01:11:02   WARN]         [World|default] Task took 93ms 362us 800ns ns: java.util.concurrent.CompletableFuture$AsyncSupply@4b84758c
[2026/02/10 01:11:02   WARN]         [World|default] Task took 51ms 12us 1ns ns: java.util.concurrent.CompletableFuture$AsyncSupply@19543fdc
[2026/02/10 01:11:03   WARN]                [Hytale] {Playing(QuicConnectionAddress{connId=7c70dc90577bf48c14541c979bc46d5b168bddf9} (/25.46.214.93:51459, streamId=0)), 4c9340d7-46d4-4d07-a047-4709cc19480e, OFME}: Received com.hypixel.hytale.protocol.packets.player.ClientReady@9da1
[2026/02/10 01:11:08   WARN]    [SpawnMarkerSystems] Connection with NPC from marker at Vector3d{x=-105.51970863342285, y=65.0, z=-68.35238099098206} lost due to being invalid/already unloaded
[2026/02/10 01:11:08   WARN]            [Spawning|P] Removing NPC of type Catfish due to overpopulation (expected: 2.173036, actual: 7)
[2026/02/10 01:11:09   WARN]            [Spawning|P] Removing NPC of type Boar due to overpopulation (expected: 4.346073, actual: 11)
[2026/02/10 01:11:11   WARN]            [Spawning|P] Removing NPC of type Boar due to overpopulation (expected: 6.755528, actual: 18)
[2026/02/10 01:11:11   WARN]            [Spawning|P] Removing NPC of type Bunny due to overpopulation (expected: 3.377764, actual: 9)
[2026/02/10 01:11:11   WARN]            [Spawning|P] Removing NPC of type Boar due to overpopulation (expected: 6.755528, actual: 17)
[2026/02/10 01:11:11   WARN]            [Spawning|P] Removing NPC of type Boar due to overpopulation (expected: 6.755528, actual: 16)
[2026/02/10 01:11:12   WARN]            [Spawning|P] Removing NPC of type Boar due to overpopulation (expected: 6.755528, actual: 15)
[2026/02/10 01:11:12   WARN]            [Spawning|P] Removing NPC of type Boar due to overpopulation (expected: 6.755528, actual: 14)
[2026/02/10 01:11:12   WARN]            [Spawning|P] Removing NPC of type Boar due to overpopulation (expected: 6.755528, actual: 13)
[2026/02/10 01:11:52   INFO]        [CommandManager] Console executed command: say tak kick
Console: tak kick
[2026/02/10 01:12:04   INFO]         [QUICTransport] Received connection from QuicConnectionAddress{connId=} (/25.9.60.222:54886) to QuicConnectionAddress{connId=5c438fb30962e38030cb5fd5b0c634a83cf22d6e} (/0.0.0.0:5520)
[2026/02/10 01:12:05   INFO]        [CommandManager] OFME executed command: gm c
[2026/02/10 01:12:05   INFO]                [Hytale] Received stream QuicConnectionAddress{connId=5c438fb30962e38030cb5fd5b0c634a83cf22d6e} (/25.9.60.222:54886, streamId=0) to QuicConnectionAddress{connId=5c438fb30962e38030cb5fd5b0c634a83cf22d6e} (/0.0.0.0:5520, streamId=0)
[2026/02/10 01:12:05 FINEST]           [LoginTiming] [{Initial(QuicConnectionAddress{connId=5c438fb30962e38030cb5fd5b0c634a83cf22d6e} (/25.9.60.222:54886, streamId=0))}] Entering stage 'initial'
[2026/02/10 01:12:05   FINE]           [LoginTiming] [{Initial(QuicConnectionAddress{connId=5c438fb30962e38030cb5fd5b0c634a83cf22d6e} (/25.9.60.222:54886, streamId=0))}] Registered took 168us 400ns
[2026/02/10 01:12:05   FINE]           [LoginTiming] [{Initial(QuicConnectionAddress{connId=5c438fb30962e38030cb5fd5b0c634a83cf22d6e} (/25.9.60.222:54886, streamId=0))}] Connect took 391us 699ns
[2026/02/10 01:12:05   INFO]                [Hytale] Starting development flow for xeNdok (93e8a8ed-d443-47a7-be67-97277b9ef260) from QuicConnectionAddress{connId=5c438fb30962e38030cb5fd5b0c634a83cf22d6e} (/25.9.60.222:54886, streamId=0)
[2026/02/10 01:12:05   INFO] [PasswordPacketHandler] Connection complete for xeNdok (93e8a8ed-d443-47a7-be67-97277b9ef260), transitioning to setup
[2026/02/10 01:12:05 FINEST]           [LoginTiming] [{Setup(QuicConnectionAddress{connId=5c438fb30962e38030cb5fd5b0c634a83cf22d6e} (/25.9.60.222:54886, streamId=0)), xeNdok, 93e8a8ed-d443-47a7-be67-97277b9ef260, SECURE}] Entering stage 'setup:world-settings' took 1ms 186us 201ns
[2026/02/10 01:12:05   FINE]           [LoginTiming] [{Setup(QuicConnectionAddress{connId=5c438fb30962e38030cb5fd5b0c634a83cf22d6e} (/25.9.60.222:54886, streamId=0)), xeNdok, 93e8a8ed-d443-47a7-be67-97277b9ef260, SECURE}] Load Player Config took 353us 299ns
[2026/02/10 01:12:05 FINEST]           [LoginTiming] [{Setup(QuicConnectionAddress{connId=5c438fb30962e38030cb5fd5b0c634a83cf22d6e} (/25.9.60.222:54886, streamId=0)), xeNdok, 93e8a8ed-d443-47a7-be67-97277b9ef260, SECURE}] Entering stage 'setup:assets-request' took 46ms 969us 800ns
[2026/02/10 01:12:05   FINE]           [LoginTiming] [{Setup(QuicConnectionAddress{connId=5c438fb30962e38030cb5fd5b0c634a83cf22d6e} (/25.9.60.222:54886, streamId=0)), xeNdok, 93e8a8ed-d443-47a7-be67-97277b9ef260, SECURE}] Request Assets took 97ms 908us 800ns
[2026/02/10 01:12:05 FINEST]           [LoginTiming] [{Setup(QuicConnectionAddress{connId=5c438fb30962e38030cb5fd5b0c634a83cf22d6e} (/25.9.60.222:54886, streamId=0)), xeNdok, 93e8a8ed-d443-47a7-be67-97277b9ef260, SECURE}] Entering stage 'setup:send-assets' took 205us 201ns
[2026/02/10 01:12:05   FINE]           [LoginTiming] [{Setup(QuicConnectionAddress{connId=5c438fb30962e38030cb5fd5b0c634a83cf22d6e} (/25.9.60.222:54886, streamId=0)), xeNdok, 93e8a8ed-d443-47a7-be67-97277b9ef260, SECURE}] Send Common Assets took 205us 699ns
[2026/02/10 01:12:05   FINE]           [LoginTiming] [{Setup(QuicConnectionAddress{connId=5c438fb30962e38030cb5fd5b0c634a83cf22d6e} (/25.9.60.222:54886, streamId=0)), xeNdok, 93e8a8ed-d443-47a7-be67-97277b9ef260, SECURE}] Send Config Assets took 169ms 372us 400ns
[2026/02/10 01:12:07   FINE]           [LoginTiming] [{Setup(QuicConnectionAddress{connId=5c438fb30962e38030cb5fd5b0c634a83cf22d6e} (/25.9.60.222:54886, streamId=0)), xeNdok, 93e8a8ed-d443-47a7-be67-97277b9ef260, SECURE}] Player Options took 1sec 887ms 664us 101ns
[2026/02/10 01:12:07   INFO]            [Universe|P] Adding player 'xeNdok (93e8a8ed-d443-47a7-be67-97277b9ef260)
[2026/02/10 01:12:07 FINEST]           [LoginTiming] [{Setup(QuicConnectionAddress{connId=5c438fb30962e38030cb5fd5b0c634a83cf22d6e} (/25.9.60.222:54886, streamId=0)), xeNdok, 93e8a8ed-d443-47a7-be67-97277b9ef260, SECURE}] Entering stage 'setup:add-to-universe' took 12ms 464us 99ns
[2026/02/10 01:12:07 FINEST]           [LoginTiming] [{Setup(QuicConnectionAddress{connId=5c438fb30962e38030cb5fd5b0c634a83cf22d6e} (/25.9.60.222:54886, streamId=0)), xeNdok, 93e8a8ed-d443-47a7-be67-97277b9ef260, SECURE}] Load Player Config took 14ms 899us 601ns
[2026/02/10 01:12:07 FINEST]           [LoginTiming] [{Playing(QuicConnectionAddress{connId=5c438fb30962e38030cb5fd5b0c634a83cf22d6e} (/25.9.60.222:54886, streamId=0)), 93e8a8ed-d443-47a7-be67-97277b9ef260, xeNdok}] Processed Referral took 1ms 711us 300ns
[2026/02/10 01:12:07   WARN]                [Hytale] {Playing(QuicConnectionAddress{connId=5c438fb30962e38030cb5fd5b0c634a83cf22d6e} (/25.9.60.222:54886, streamId=0)), 93e8a8ed-d443-47a7-be67-97277b9ef260, xeNdok} Added future for ClientReady packet?
[2026/02/10 01:12:07   INFO]         [World|default] Adding player 'xeNdok' to world 'default' at location null (93e8a8ed-d443-47a7-be67-97277b9ef260)
[2026/02/10 01:12:07   INFO]                [Hytale] {Playing(QuicConnectionAddress{connId=5c438fb30962e38030cb5fd5b0c634a83cf22d6e} (/25.9.60.222:54886, streamId=0)), 93e8a8ed-d443-47a7-be67-97277b9ef260, xeNdok}: Sent com.hypixel.hytale.protocol.packets.player.JoinWorld@16190f81
[2026/02/10 01:12:08   WARN]                [Hytale] {Playing(QuicConnectionAddress{connId=5c438fb30962e38030cb5fd5b0c634a83cf22d6e} (/25.9.60.222:54886, streamId=0)), 93e8a8ed-d443-47a7-be67-97277b9ef260, xeNdok}: Received com.hypixel.hytale.protocol.packets.player.ClientReady@9da7
[2026/02/10 01:12:08   INFO]         [World|default] Player 'xeNdok' joined world 'default' at location Vector3d{x=-99.06591796875, y=115.0, z=-18.843441009521484} (93e8a8ed-d443-47a7-be67-97277b9ef260)
[2026/02/10 01:12:08 FINEST]           [LoginTiming] [{Playing(QuicConnectionAddress{connId=5c438fb30962e38030cb5fd5b0c634a83cf22d6e} (/25.9.60.222:54886, streamId=0)), 93e8a8ed-d443-47a7-be67-97277b9ef260, xeNdok}] Add to World took 692ms 165us
[2026/02/10 01:12:08   FINE]           [LoginTiming] [{Playing(QuicConnectionAddress{connId=5c438fb30962e38030cb5fd5b0c634a83cf22d6e} (/25.9.60.222:54886, streamId=0)), 93e8a8ed-d443-47a7-be67-97277b9ef260, xeNdok}] Add To Universe took 386us 700ns
[2026/02/10 01:12:08   INFO]       [WorldMapTracker] Started Generating Map!
[2026/02/10 01:12:10   WARN]                [Hytale] {Playing(QuicConnectionAddress{connId=5c438fb30962e38030cb5fd5b0c634a83cf22d6e} (/25.9.60.222:54886, streamId=0)), 93e8a8ed-d443-47a7-be67-97277b9ef260, xeNdok}: Received com.hypixel.hytale.protocol.packets.player.ClientReady@9da1
[2026/02/10 01:12:13   WARN]    [SpawnMarkerSystems] Connection with NPC from marker at Vector3d{x=30.328704833984375, y=65.15721130371094, z=-147.90080571174622} lost due to being invalid/already unloaded
[2026/02/10 01:12:13   WARN]    [SpawnMarkerSystems] Connection with NPC from marker at Vector3d{x=23.565887451171875, y=68.0, z=-128.01775550842285} lost due to being invalid/already unloaded
[2026/02/10 01:12:13   WARN]            [Spawning|P] Removing NPC of type Boar due to overpopulation (expected: 7.597551, actual: 16)
[2026/02/10 01:12:14   WARN]            [Spawning|P] Removing NPC of type Woodpecker due to overpopulation (expected: 0.759755, actual: 5)
[2026/02/10 01:12:15   WARN]            [Spawning|P] Removing NPC of type Boar due to overpopulation (expected: 8.108223, actual: 15)
[2026/02/10 01:12:15   WARN]            [Spawning|P] Removing NPC of type Skeleton_Fighter_Wander due to overpopulation (expected: 0.465428, actual: 5)
[2026/02/10 01:12:16   WARN]            [Spawning|P] Removing NPC of type Bunny due to overpopulation (expected: 4.054112, actual: 11)
[2026/02/10 01:12:19   WARN]            [Spawning|P] Removing NPC of type Bunny due to overpopulation (expected: 4.574113, actual: 10)
[2026/02/10 01:12:21   WARN]            [Spawning|P] Removing NPC of type Spider due to overpopulation (expected: 2.287057, actual: 7)
[2026/02/10 01:12:56   WARN]            [Spawning|P] Removing NPC of type Bear_Grizzly due to overpopulation (expected: 2.114838, actual: 7)
[2026/02/10 01:13:22   WARN]            [Spawning|P] Removing NPC of type Trout_Rainbow due to overpopulation (expected: 3.411236, actual: 9)
[2026/02/10 01:14:22   WARN]                [Hytale] OFME attempted to drop an empty ItemStack!
[2026/02/10 01:14:33   INFO]        [CommandManager] OFME executed command: gm c
[2026/02/10 01:15:46 SEVERE]            [ChunkStore] Took too long to pre-load process chunk: 41ms 110us 100ns > TICK_STEP, Has GC Run: true, WorldChunk{x=17, z=20, flags=00000000000000000000000000000100}
[2026/02/10 01:15:48 SEVERE]            [ChunkStore] Took too long to pre-load process chunk: 37ms 307us 600ns > TICK_STEP, Has GC Run: false, WorldChunk{x=-26, z=-20, flags=00000000000000000000000000000100}
[2026/02/10 01:15:49 SEVERE]         [World|default] Took too long to run pre-load process hook for chunk: 417ms 204us 299ns > TICK_STEP, Has GC Run: true, WorldChunk{x=-27, z=-20, flags=00000000000000000000000000000100}, Hook: com.hypixel.hytale.builtin.fluid.FluidPlugin$$Lambda/0x000001e99fa8fda8@3a3375d8
[2026/02/10 01:15:50 SEVERE]         [World|default] Took too long to run pre-load process hook for chunk: 63ms 775us 499ns > TICK_STEP, WorldChunk{x=-25, z=-21, flags=00000000000000000000000000000100}, Hook: com.hypixel.hytale.builtin.fluid.FluidPlugin$$Lambda/0x000001e99fa8fda8@3a3375d8
[2026/02/10 01:15:50 SEVERE]         [World|default] Took too long to run pre-load process hook for chunk: 39ms 868us 599ns > TICK_STEP, WorldChunk{x=-24, z=-22, flags=00000000000000000000000000000100}, Hook: com.hypixel.hytale.server.core.modules.block.BlockModule$$Lambda/0x000001e99f9db200@14745c3c
[2026/02/10 01:15:50 SEVERE]         [World|default] Took too long to run pre-load process hook for chunk: 105ms 772us 901ns > TICK_STEP, Has GC Run: true, WorldChunk{x=19, z=23, flags=00000000000000000000000000000100}, Hook: com.hypixel.hytale.server.core.modules.block.BlockModule$$Lambda/0x000001e99f9db200@14745c3c
[2026/02/10 01:15:51 SEVERE]         [World|default] Took too long to run pre-load process hook for chunk: 838ms 436us 100ns > TICK_STEP, WorldChunk{x=-27, z=-23, flags=00000000000000000000000000000100}, Hook: com.hypixel.hytale.builtin.fluid.FluidPlugin$$Lambda/0x000001e99fa8fda8@3a3375d8
[2026/02/10 01:15:51 SEVERE]         [World|default] Took too long to run pre-load process hook for chunk: 1sec 280ms 678us 900ns > TICK_STEP, Has GC Run: true, WorldChunk{x=-27, z=-22, flags=00000000000000000000000000000100}, Hook: com.hypixel.hytale.builtin.fluid.FluidPlugin$$Lambda/0x000001e99fa8fda8@3a3375d8
[2026/02/10 01:15:51 SEVERE]         [World|default] Took too long to run pre-load process hook for chunk: 269ms 272us 199ns > TICK_STEP, Has GC Run: true, WorldChunk{x=-28, z=-23, flags=00000000000000000000000000000100}, Hook: com.hypixel.hytale.builtin.fluid.FluidPlugin$$Lambda/0x000001e99fa8fda8@3a3375d8
[2026/02/10 01:15:52 SEVERE]         [World|default] Took too long to run pre-load process hook for chunk: 57ms 159us 600ns > TICK_STEP, WorldChunk{x=-28, z=-24, flags=00000000000000000000000000000100}, Hook: com.hypixel.hytale.builtin.fluid.FluidPlugin$$Lambda/0x000001e99fa8fda8@3a3375d8
[2026/02/10 01:15:53 SEVERE]         [World|default] Took too long to run pre-load process hook for chunk: 317ms 648us 500ns > TICK_STEP, WorldChunk{x=-27, z=-24, flags=00000000000000000000000000000100}, Hook: com.hypixel.hytale.builtin.fluid.FluidPlugin$$Lambda/0x000001e99fa8fda8@3a3375d8
[2026/02/10 01:15:53   WARN]            [Spawning|P] Marker 935d4a83-d267-347e-9bd9-9bb32bce43d8 at Vector3d{x=-434.2139434814453, y=42.0, z=27.898296356201172} removed due to repeated spawning fails of Skeleton_Incandescent_Mage with reason: TOO_HIGH
[2026/02/10 01:15:56 SEVERE]         [World|default] Took too long to run pre-load process hook for chunk: 75ms 995us 200ns > TICK_STEP, Has GC Run: true, WorldChunk{x=-27, z=25, flags=00000000000000000000000000000100}, Hook: com.hypixel.hytale.builtin.fluid.FluidPlugin$$Lambda/0x000001e99fa8fda8@3a3375d8
[2026/02/10 01:15:57 SEVERE]         [World|default] Took too long to run pre-load process hook for chunk: 74ms 98us 901ns > TICK_STEP, Has GC Run: true, WorldChunk{x=-20, z=-25, flags=00000000000000000000000000000100}, Hook: com.hypixel.hytale.builtin.fluid.FluidPlugin$$Lambda/0x000001e99fa8fda8@3a3375d8
[2026/02/10 01:15:57 SEVERE]         [World|default] Took too long to run pre-load process hook for chunk: 626ms 152us 599ns > TICK_STEP, WorldChunk{x=-27, z=-25, flags=00000000000000000000000000000100}, Hook: com.hypixel.hytale.builtin.fluid.FluidPlugin$$Lambda/0x000001e99fa8fda8@3a3375d8
[2026/02/10 01:15:58 SEVERE]         [World|default] Took too long to run pre-load process hook for chunk: 81ms 712us 799ns > TICK_STEP, WorldChunk{x=-32, z=0, flags=00000000000000000000000000000100}, Hook: com.hypixel.hytale.builtin.blocktick.BlockTickPlugin$$Lambda/0x000001e99f90f2f8@244268a8
[2026/02/10 01:15:59 SEVERE]            [ChunkStore] Took too long to pre-load process chunk: 42ms 129us 300ns > TICK_STEP, Has GC Run: true, WorldChunk{x=-32, z=-2, flags=00000000000000000000000000000100}
[2026/02/10 01:15:59 SEVERE]            [ChunkStore] Took too long to pre-load process chunk: 40ms 196us 800ns > TICK_STEP, Has GC Run: false, WorldChunk{x=-32, z=-4, flags=00000000000000000000000000000100}
[2026/02/10 01:16:01 SEVERE]            [ChunkStore] Took too long to pre-load process chunk: 42ms 893us 901ns > TICK_STEP, Has GC Run: true, WorldChunk{x=-33, z=-18, flags=00000000000000000000000000000100}
[2026/02/10 01:16:03 SEVERE]         [World|default] Took too long to run pre-load process hook for chunk: 513ms 812us 400ns > TICK_STEP, Has GC Run: true, WorldChunk{x=22, z=15, flags=00000000000000000000000000000100}, Hook: com.hypixel.hytale.builtin.fluid.FluidPlugin$$Lambda/0x000001e99fa8fda8@3a3375d8
[2026/02/10 01:16:04 SEVERE]         [World|default] Took too long to run pre-load process hook for chunk: 1sec 114ms 910us 100ns > TICK_STEP, WorldChunk{x=22, z=14, flags=00000000000000000000000000000100}, Hook: com.hypixel.hytale.builtin.fluid.FluidPlugin$$Lambda/0x000001e99fa8fda8@3a3375d8
[2026/02/10 01:16:07 SEVERE]         [World|default] Took too long to run pre-load process hook for chunk: 39ms 841us 900ns > TICK_STEP, Has GC Run: true, WorldChunk{x=-34, z=-3, flags=00000000000000000000000000000100}, Hook: com.hypixel.hytale.builtin.fluid.FluidPlugin$$Lambda/0x000001e99fa8fda8@3a3375d8
[2026/02/10 01:16:07 SEVERE]            [ChunkStore] Took too long to pre-load process chunk: 35ms 653us 400ns > TICK_STEP, Has GC Run: false, WorldChunk{x=-34, z=-11, flags=00000000000000000000000000000100}
[2026/02/10 01:16:09 SEVERE]         [World|default] Took too long to run pre-load process hook for chunk: 137ms 707us 300ns > TICK_STEP, Has GC Run: true, WorldChunk{x=23, z=15, flags=00000000000000000000000000000100}, Hook: com.hypixel.hytale.builtin.fluid.FluidPlugin$$Lambda/0x000001e99fa8fda8@3a3375d8
[2026/02/10 01:16:09 SEVERE]         [World|default] Took too long to run pre-load process hook for chunk: 41ms 817us 499ns > TICK_STEP, WorldChunk{x=-4, z=30, flags=00000000000000000000000000000100}, Hook: com.hypixel.hytale.server.core.modules.block.BlockModule$$Lambda/0x000001e99f9db200@14745c3c
[2026/02/10 01:16:09 SEVERE]         [World|default] Took too long to run pre-load process hook for chunk: 47ms 458us 800ns > TICK_STEP, WorldChunk{x=-3, z=30, flags=00000000000000000000000000000100}, Hook: com.hypixel.hytale.server.core.modules.block.BlockModule$$Lambda/0x000001e99f9db200@14745c3c
[2026/02/10 01:16:09 SEVERE]         [World|default] Took too long to run pre-load process hook for chunk: 60ms 122us 700ns > TICK_STEP, WorldChunk{x=-5, z=30, flags=00000000000000000000000000000100}, Hook: com.hypixel.hytale.server.core.modules.block.BlockModule$$Lambda/0x000001e99f9db200@14745c3c
[2026/02/10 01:16:09 SEVERE]         [World|default] Took too long to run pre-load process hook for chunk: 45ms 345us 101ns > TICK_STEP, WorldChunk{x=-6, z=30, flags=00000000000000000000000000000100}, Hook: com.hypixel.hytale.server.core.modules.block.BlockModule$$Lambda/0x000001e99f9db200@14745c3c
[2026/02/10 01:16:09 SEVERE]         [World|default] Took too long to run pre-load process hook for chunk: 47ms 16us 600ns > TICK_STEP, WorldChunk{x=-7, z=30, flags=00000000000000000000000000000100}, Hook: com.hypixel.hytale.server.core.modules.block.BlockModule$$Lambda/0x000001e99f9db200@14745c3c
[2026/02/10 01:16:11 SEVERE]         [World|default] Took too long to run pre-load process hook for chunk: 69ms 998us 600ns > TICK_STEP, Has GC Run: true, WorldChunk{x=24, z=7, flags=00000000000000000000000000000100}, Hook: com.hypixel.hytale.server.core.modules.block.BlockModule$$Lambda/0x000001e99f9db200@14745c3c
[2026/02/10 01:16:11 SEVERE]         [World|default] Took too long to run pre-load process hook for chunk: 70ms 148us 100ns > TICK_STEP, WorldChunk{x=24, z=8, flags=00000000000000000000000000000100}, Hook: com.hypixel.hytale.server.core.modules.block.BlockModule$$Lambda/0x000001e99f9db200@14745c3c
[2026/02/10 01:16:12 SEVERE]         [World|default] Took too long to run pre-load process hook for chunk: 274ms 664us 100ns > TICK_STEP, WorldChunk{x=24, z=3, flags=00000000000000000000000000000100}, Hook: com.hypixel.hytale.builtin.fluid.FluidPlugin$$Lambda/0x000001e99fa8fda8@3a3375d8
[2026/02/10 01:16:12 SEVERE]         [World|default] Took too long to run pre-load process hook for chunk: 1sec 143ms 221us 600ns > TICK_STEP, WorldChunk{x=23, z=-16, flags=00000000000000000000000000000100}, Hook: com.hypixel.hytale.builtin.fluid.FluidPlugin$$Lambda/0x000001e99fa8fda8@3a3375d8
[2026/02/10 01:16:12 SEVERE]         [World|default] Took too long to run pre-load process hook for chunk: 266ms 257us 300ns > TICK_STEP, WorldChunk{x=25, z=3, flags=00000000000000000000000000000100}, Hook: com.hypixel.hytale.builtin.fluid.FluidPlugin$$Lambda/0x000001e99fa8fda8@3a3375d8
[2026/02/10 01:16:12 SEVERE]         [World|default] Took too long to run pre-load process hook for chunk: 106ms 318us 500ns > TICK_STEP, WorldChunk{x=25, z=2, flags=00000000000000000000000000000100}, Hook: com.hypixel.hytale.builtin.fluid.FluidPlugin$$Lambda/0x000001e99fa8fda8@3a3375d8
[2026/02/10 01:16:13   WARN]            [Spawning|P] Removing NPC of type Skeleton_Fighter due to overpopulation (expected: 1.524486, actual: 6)
[2026/02/10 01:16:15 SEVERE]         [World|default] Took too long to run pre-load process hook for chunk: 39ms 427us 399ns > TICK_STEP, Has GC Run: true, WorldChunk{x=27, z=3, flags=00000000000000000000000000000100}, Hook: com.hypixel.hytale.builtin.fluid.FluidPlugin$$Lambda/0x000001e99fa8fda8@3a3375d8
[2026/02/10 01:16:20 SEVERE]         [World|default] Took too long to run pre-load process hook for chunk: 80ms 659us 299ns > TICK_STEP, Has GC Run: true, WorldChunk{x=23, z=20, flags=00000000000000000000000000000100}, Hook: com.hypixel.hytale.builtin.blocktick.BlockTickPlugin$$Lambda/0x000001e99f90f2f8@244268a8
[2026/02/10 01:16:20 SEVERE]         [World|default] Took too long to run pre-load process hook for chunk: 88ms 951us 500ns > TICK_STEP, Has GC Run: true, WorldChunk{x=24, z=19, flags=00000000000000000000000000000100}, Hook: com.hypixel.hytale.builtin.fluid.FluidPlugin$$Lambda/0x000001e99fa8fda8@3a3375d8
[2026/02/10 01:16:20 SEVERE]         [World|default] Took too long to run pre-load process hook for chunk: 84ms 795us 301ns > TICK_STEP, WorldChunk{x=16, z=27, flags=00000000000000000000000000000100}, Hook: com.hypixel.hytale.server.core.modules.block.BlockModule$$Lambda/0x000001e99f9db200@14745c3c
[2026/02/10 01:16:21 SEVERE]         [World|default] Took too long to run pre-load process hook for chunk: 817ms 26us 300ns > TICK_STEP, WorldChunk{x=24, z=-16, flags=00000000000000000000000000000100}, Hook: com.hypixel.hytale.builtin.fluid.FluidPlugin$$Lambda/0x000001e99fa8fda8@3a3375d8
[2026/02/10 01:16:22 SEVERE]         [World|default] Took too long to run pre-load process hook for chunk: 1sec 488ms 61us 299ns > TICK_STEP, Has GC Run: true, WorldChunk{x=26, z=14, flags=00000000000000000000000000000100}, Hook: com.hypixel.hytale.builtin.fluid.FluidPlugin$$Lambda/0x000001e99fa8fda8@3a3375d8
[2026/02/10 01:17:10   WARN]            [Spawning|P] Marker 286254ed-9123-3202-9a78-3157fef3b97d at Vector3d{x=-465.1429901123047, y=37.0, z=-49.971229553222656} removed due to repeated spawning fails of Skeleton_Incandescent_Fighter with reason: NO_ROOM
[2026/02/10 01:17:11   WARN]            [Spawning|P] Removing NPC of type Duck due to overpopulation (expected: 1.467234, actual: 6)
[2026/02/10 01:17:22   WARN]            [Spawning|P] Removing NPC of type Skeleton_Fighter_Wander due to overpopulation (expected: 0.548386, actual: 5)
[2026/02/10 01:17:52   WARN]            [Spawning|P] Removing NPC of type Trout_Rainbow due to overpopulation (expected: 4.595190, actual: 12)
[2026/02/10 01:17:53   WARN]            [Spawning|P] Removing NPC of type Trout_Rainbow due to overpopulation (expected: 4.595190, actual: 11)
[2026/02/10 01:17:55   WARN]            [Spawning|P] Removing NPC of type Trout_Rainbow due to overpopulation (expected: 4.832948, actual: 13)
[2026/02/10 01:18:01   WARN]            [Spawning|P] Removing NPC of type Trout_Rainbow due to overpopulation (expected: 5.128623, actual: 11)
[2026/02/10 01:18:07   WARN]            [Spawning|P] Removing NPC of type Bunny due to overpopulation (expected: 5.469302, actual: 11)
[2026/02/10 01:18:08   WARN]            [Spawning|P] Removing NPC of type Trout_Rainbow due to overpopulation (expected: 5.848592, actual: 12)
[2026/02/10 01:18:08   WARN]            [Spawning|P] Removing NPC of type Trout_Rainbow due to overpopulation (expected: 5.848592, actual: 12)
[2026/02/10 01:19:45   WARN]            [Spawning|P] Removing NPC of type Trout_Rainbow due to overpopulation (expected: 5.424039, actual: 11)
[2026/02/10 01:29:42   WARN]            [Spawning|P] Removing NPC of type Trout_Rainbow due to overpopulation (expected: 3.717061, actual: 10)
[2026/02/10 01:29:42   WARN]            [Spawning|P] Removing NPC of type Trout_Rainbow due to overpopulation (expected: 3.717061, actual: 9)
[2026/02/10 01:29:43   INFO]                [Hytale] 4c9340d7-46d4-4d07-a047-4709cc19480e - OFME at QuicConnectionAddress{connId=7c70dc90577bf48c14541c979bc46d5b168bddf9} (/25.46.214.93:51459, streamId=0) left with reason: Disconnect - Player leave
[2026/02/10 01:29:43   INFO]                [Hytale] {Playing(null (null, streamId=0)), 4c9340d7-46d4-4d07-a047-4709cc19480e, OFME} was closed.
[2026/02/10 01:29:43   INFO]            [Universe|P] Removing player 'OFME' (4c9340d7-46d4-4d07-a047-4709cc19480e)
[2026/02/10 01:29:43   INFO]         [QUICTransport] Connection closed: QuicheQuicConnectionStats[recv=111562, sent=303183, lost=132, retrans=136, sentBytes=189241364, recvBytes=12972760, lostBytes=148324, streamRetransBytes=147190, pathsCount=1]
[2026/02/10 01:29:43   INFO]          [Objectives|P] Checking objectives for disconnecting player 'OFME' (4c9340d7-46d4-4d07-a047-4709cc19480e)
[2026/02/10 01:29:43   INFO]          [Objectives|P] Processing 0 active objectives for 'OFME' (4c9340d7-46d4-4d07-a047-4709cc19480e)
[2026/02/10 01:29:43   INFO]         [PlayerSystems] Removing player 'OFME (OFME)' from world 'default' (4c9340d7-46d4-4d07-a047-4709cc19480e)
[2026/02/10 01:29:46   INFO]          [HytaleServer] Shutdown triggered!!!
[2026/02/10 01:29:46   INFO]          [HytaleServer] Shutting down... 130  'null'
[2026/02/10 01:29:46   INFO]                [Hytale] Disconnecting xeNdok at QuicConnectionAddress{connId=5c438fb30962e38030cb5fd5b0c634a83cf22d6e} (/25.9.60.222:54886, streamId=0) with the message: Stopping server!
[2026/02/10 01:29:46   INFO]            [Universe|P] Removing player 'xeNdok' (93e8a8ed-d443-47a7-be67-97277b9ef260)
[2026/02/10 01:29:46   INFO]                [Hytale] {Playing(null (null, streamId=0)), 93e8a8ed-d443-47a7-be67-97277b9ef260, xeNdok} was closed.
[2026/02/10 01:29:46   INFO]            [Universe|P] Removing player 'xeNdok' (93e8a8ed-d443-47a7-be67-97277b9ef260)
[2026/02/10 01:29:46   INFO]         [QUICTransport] Connection closed: QuicheQuicConnectionStats[recv=60283, sent=135676, lost=0, retrans=6, sentBytes=80748469, recvBytes=6054264, lostBytes=0, streamRetransBytes=5459, pathsCount=1]
[2026/02/10 01:29:46   INFO]          [Objectives|P] Checking objectives for disconnecting player 'xeNdok' (93e8a8ed-d443-47a7-be67-97277b9ef260)
[2026/02/10 01:29:46   INFO]          [Objectives|P] Processing 0 active objectives for 'xeNdok' (93e8a8ed-d443-47a7-be67-97277b9ef260)
[2026/02/10 01:29:46   INFO]         [PlayerSystems] Removing player 'xeNdok (OFME)' from world 'default' (93e8a8ed-d443-47a7-be67-97277b9ef260)
[2026/02/10 01:29:46   WARN]            [Universe|P] Timeout or error waiting for player 'xeNdok' removal from world store
java.util.concurrent.CompletionException: java.lang.IllegalStateException: Invalid entity reference!
	at java.base/java.util.concurrent.CompletableFuture.encodeThrowable(CompletableFuture.java:315)
	at java.base/java.util.concurrent.CompletableFuture.completeThrowable(CompletableFuture.java:320)
	at java.base/java.util.concurrent.CompletableFuture$AsyncRun.run(CompletableFuture.java:1807)
	at com.hypixel.hytale.server.core.universe.world.World.consumeTaskQueue(World.java:904)
	at com.hypixel.hytale.server.core.universe.world.World.tick(World.java:403)
	at com.hypixel.hytale.server.core.util.thread.TickingThread.run(TickingThread.java:89)
	at java.base/java.lang.Thread.run(Thread.java:1583)
Caused by: java.lang.IllegalStateException: Invalid entity reference!
	at com.hypixel.hytale.component.Ref.validate(Ref.java:59)
	at com.hypixel.hytale.component.Store.__internal_getComponent(Store.java:1222)
	at com.hypixel.hytale.component.Store.getComponent(Store.java:1216)
	at com.hypixel.hytale.server.core.universe.Universe.lambda$removePlayer$0(Universe.java:1015)
	at java.base/java.util.concurrent.CompletableFuture$AsyncRun.run(CompletableFuture.java:1804)
	... 4 more
Caused by: java.lang.Throwable
	at com.hypixel.hytale.component.Ref.invalidate(Ref.java:55)
	at com.hypixel.hytale.component.Store.removeEntity(Store.java:879)
	at com.hypixel.hytale.component.Store.removeEntity(Store.java:819)
	at com.hypixel.hytale.component.Store.removeEntity(Store.java:813)
	at com.hypixel.hytale.server.core.universe.PlayerRef.removeFromStore(PlayerRef.java:244)
	at com.hypixel.hytale.server.core.entity.entities.Player.remove(Player.java:318)
	at com.hypixel.hytale.server.core.universe.Universe.lambda$removePlayer$0(Universe.java:1017)
	... 5 more

[2026/02/10 01:29:46   INFO]       [ServerManager|P] Closed listener [id: 0x8696d330, L:/[0:0:0:0:0:0:0:0]:5520] and took 23ms 882us 200ns
[2026/02/10 01:29:46   INFO]       [ServerManager|P] Closed listener [id: 0xda419caf, L:/0.0.0.0:5520] and took 188us 600ns
[2026/02/10 01:29:46   INFO]       [ServerManager|P] Closed listener [id: 0x6c69738d, L:/[0:0:0:0:0:0:0:1]:5520] and took 140us
[2026/02/10 01:29:46   INFO]         [World|default] Stopping world default...
[2026/02/10 01:29:46   INFO]         [World|default] Stopping background threads...
[2026/02/10 01:29:46   INFO]         [World|default] Removing players...
[2026/02/10 01:29:46   INFO]         [World|default] Waiting for loading chunks...
[2026/02/10 01:29:46   INFO]         [World|default] Shutting down stores...
[2026/02/10 01:29:46   INFO]         [World|default] Shutting down chunk generator...
[2026/02/10 01:29:46   INFO]        [WorldGenerator] ChunkGenerator-0 executor shutdown complete
[2026/02/10 01:29:46   INFO]         [World|default] Saving Chunks...
[2026/02/10 01:29:46   INFO]         [World|default] Queuing Chunks...
[2026/02/10 01:29:46   INFO]         [World|default] Saving All Chunks...
[2026/02/10 01:29:46   INFO]         [World|default] Waiting for Saving Chunks...
[2026/02/10 01:29:46   INFO]         [World|default] Done Saving Chunks!
[2026/02/10 01:29:46   INFO]   [PlayerSavingSystems] Saving Players...
[2026/02/10 01:29:46   INFO]         [World|default] Saving Config...
[2026/02/10 01:29:46   INFO]            [Universe|P] Removing world exceptionally: default
[2026/02/10 01:29:46   INFO]         [PluginManager] Saving plugins config...
[2026/02/10 01:29:46   INFO]         [PluginManager] Shut down plugin Hytale:NPCObjectives
[2026/02/10 01:29:46   INFO]         [PluginManager] Shut down plugin Hytale:Spawning
[2026/02/10 01:29:46   INFO]         [PluginManager] Shut down plugin Hytale:NPCReputation
[2026/02/10 01:29:46   INFO]         [PluginManager] Shut down plugin Hytale:NPCCombatActionEvaluator
[2026/02/10 01:29:46   INFO]         [PluginManager] Shut down plugin Hytale:Portals
[2026/02/10 01:29:46   INFO]         [PluginManager] Shut down plugin Hytale:Beds
[2026/02/10 01:29:46   INFO]         [PluginManager] Shut down plugin Hytale:NPCShop
[2026/02/10 01:29:46   INFO]         [PluginManager] Shut down plugin Hytale:Memories
[2026/02/10 01:29:46   INFO]         [PluginManager] Shut down plugin Hytale:NPCEditor
[2026/02/10 01:29:46   INFO]         [PluginManager] Shut down plugin Hytale:Flock
[2026/02/10 01:29:46   INFO]         [PluginManager] Shut down plugin Hytale:Mounts
[2026/02/10 01:29:46   INFO]         [PluginManager] Shut down plugin Hytale:NPC
[2026/02/10 01:29:46   INFO]         [PluginManager] Shut down plugin Hytale:Camera
[2026/02/10 01:29:46   INFO]         [PluginManager] Shut down plugin Hytale:DamageModule
[2026/02/10 01:29:46   INFO]         [PluginManager] Shut down plugin Hytale:CreativeHub
[2026/02/10 01:29:46   INFO]         [PluginManager] Shut down plugin Hytale:ObjectiveReputation
[2026/02/10 01:29:46   INFO]         [PluginManager] Shut down plugin Hytale:ObjectiveShop
[2026/02/10 01:29:46   INFO]         [PluginManager] Shut down plugin Hytale:StaminaModule
[2026/02/10 01:29:46   INFO]         [PluginManager] Shut down plugin Hytale:Stash
[2026/02/10 01:29:46   INFO]         [PluginManager] Shut down plugin Hytale:EntityUIModule
[2026/02/10 01:29:46   INFO]         [PluginManager] Shut down plugin Hytale:Path
[2026/02/10 01:29:46   INFO]         [PluginManager] Shut down plugin Hytale:Objectives
[2026/02/10 01:29:46   INFO]         [PluginManager] Shut down plugin Hytale:Instances
[2026/02/10 01:29:46   INFO]         [PluginManager] Shut down plugin Hytale:PrefabSpawnerModule
[2026/02/10 01:29:46   INFO]         [PluginManager] Shut down plugin Hytale:BlockSpawner
[2026/02/10 01:29:46   INFO]         [PluginManager] Shut down plugin Hytale:EntityStatsModule
[2026/02/10 01:29:46   INFO]         [PluginManager] Shut down plugin Hytale:ShopReputation
[2026/02/10 01:29:46   INFO]         [PluginManager] Shut down plugin Hytale:SingleplayerModule
[2026/02/10 01:29:46   INFO]         [PluginManager] Shut down plugin Hytale:Crafting
[2026/02/10 01:29:46   INFO]                [Shop|P] Barter shop state saved
[2026/02/10 01:29:46   INFO]         [PluginManager] Shut down plugin Hytale:Shop
[2026/02/10 01:29:46   INFO]         [PluginManager] Shut down plugin Hytale:Fluid
[2026/02/10 01:29:46   INFO]         [PluginManager] Shut down plugin Hytale:Farming
[2026/02/10 01:29:46   INFO]         [PluginManager] Shut down plugin Hytale:BuilderTools
[2026/02/10 01:29:46   INFO]         [PluginManager] Shut down plugin Hytale:BlockPhysics
[2026/02/10 01:29:46   INFO]         [PluginManager] Shut down plugin Hytale:Teleporter
[2026/02/10 01:29:46   INFO]         [PluginManager] Shut down plugin Hytale:Ambience
[2026/02/10 01:29:46   INFO]         [PluginManager] Shut down plugin Hytale:AssetEditor
[2026/02/10 01:29:46   INFO]         [PluginManager] Shut down plugin Hytale:BlockStateModule
[2026/02/10 01:29:46   INFO]         [PluginManager] Shut down plugin Hytale:WorldGen
[2026/02/10 01:29:46   INFO]         [PluginManager] Shut down plugin Hytale:Teleport
[2026/02/10 01:29:46   INFO]         [PluginManager] Shut down plugin Hytale:ProjectileModule
[2026/02/10 01:29:46   INFO]         [PluginManager] Shut down plugin Hytale:Parkour
[2026/02/10 01:29:46   INFO]         [PluginManager] Shut down plugin Hytale:Reputation
[2026/02/10 01:29:46   INFO]         [PluginManager] Shut down plugin Hytale:Weather
[2026/02/10 01:29:46   INFO]         [PluginManager] Shut down plugin Hytale:BlockModule
[2026/02/10 01:29:46   INFO]         [PluginManager] Shut down plugin Hytale:BlockTypeModule
[2026/02/10 01:29:46   INFO]         [PluginManager] Shut down plugin Hytale:ConnectedBlocksModule
[2026/02/10 01:29:46   INFO]         [PluginManager] Shut down plugin Hytale:ServerPlayerListModule
[2026/02/10 01:29:46   INFO]         [PluginManager] Shut down plugin Hytale:InteractionModule
[2026/02/10 01:29:46   INFO]         [PluginManager] Shut down plugin Hytale:BlockHealthModule
[2026/02/10 01:29:46   INFO]         [PluginManager] Shut down plugin Hytale:BlockTick
[2026/02/10 01:29:46   INFO]         [PluginManager] Shut down plugin Hytale:EntityModule
[2026/02/10 01:29:46   INFO]         [PluginManager] Shut down plugin Hytale:FlyCameraModule
[2026/02/10 01:29:46   INFO]         [PluginManager] Shut down plugin Hytale:BlockSetModule
[2026/02/10 01:29:46   INFO]         [PluginManager] Shut down plugin Hytale:Deployables
[2026/02/10 01:29:46   INFO]         [PluginManager] Shut down plugin Hytale:PermissionsModule
[2026/02/10 01:29:46   INFO]         [PluginManager] Shut down plugin Hytale:Mantling
[2026/02/10 01:29:46   INFO]         [PluginManager] Shut down plugin Hytale:LANDiscovery
[2026/02/10 01:29:46   INFO]         [PluginManager] Shut down plugin Hytale:LegacyModule
[2026/02/10 01:29:46   INFO]         [PluginManager] Shut down plugin Hytale:I18nModule
[2026/02/10 01:29:46   INFO]         [PluginManager] Shut down plugin Hytale:CosmeticsModule
[2026/02/10 01:29:46   INFO]         [PluginManager] Shut down plugin Hytale:CommonAssetModule
[2026/02/10 01:29:46   INFO]         [PluginManager] Shut down plugin Hytale:ItemModule
[2026/02/10 01:29:46   INFO]         [PluginManager] Shut down plugin Hytale:HytaleGenerator
[2026/02/10 01:29:46   INFO]         [PluginManager] Shut down plugin Hytale:SafetyRoll
[2026/02/10 01:29:46   INFO]         [PluginManager] Shut down plugin Hytale:CommandMacro
[2026/02/10 01:29:46   INFO]         [PluginManager] Shut down plugin Hytale:AccessControlModule
[2026/02/10 01:29:46   INFO]         [PluginManager] Shut down plugin Hytale:UpdateModule
[2026/02/10 01:29:46   INFO]         [PluginManager] Shut down plugin Hytale:TagSet
[2026/02/10 01:29:46   INFO]         [PluginManager] Shut down plugin Hytale:Universe
[2026/02/10 01:29:46   INFO]         [PluginManager] Shut down plugin Hytale:CrouchSlide
[2026/02/10 01:29:46   INFO]         [PluginManager] Shut down plugin Hytale:Model
[2026/02/10 01:29:46   INFO]         [PluginManager] Shut down plugin Hytale:SplitVelocity
[2026/02/10 01:29:46   INFO]         [PluginManager] Shut down plugin Hytale:DebugPlugin
[2026/02/10 01:29:46   INFO]         [PluginManager] Shut down plugin Hytale:CollisionModule
[2026/02/10 01:29:46   INFO]         [PluginManager] Shut down plugin Hytale:TimeModule
[2026/02/10 01:29:46   INFO]       [ConsoleModule|P] Restoring terminal...
[2026/02/10 01:29:46   INFO]         [PluginManager] Shut down plugin Hytale:ConsoleModule
[2026/02/10 01:29:46   INFO]     [PathWatcherThread] Stopped polling for changes in assets. Server will need to be rebooted to load changes!
[2026/02/10 01:29:46   INFO]         [PluginManager] Shut down plugin Hytale:AssetModule
[2026/02/10 01:29:46   INFO]         [PluginManager] Shut down plugin Hytale:MigrationModule
[2026/02/10 01:29:46   INFO]         [PluginManager] Shut down plugin Hytale:SprintForce
[2026/02/10 01:29:46   INFO]         [QUICTransport] Shutting down workerGroup...
[2026/02/10 01:29:46   INFO]       [ServerManager|P] Finished shutting down ServerManager...
[2026/02/10 01:29:46   INFO]         [PluginManager] Shut down plugin Hytale:ServerManager
[2026/02/10 01:29:46   INFO]         [PluginManager] Shut down plugin Hytale:WorldLocationCondition
[2026/02/10 01:29:46   INFO]          [HytaleServer] Saving config...
[2026/02/10 01:29:46   INFO]          [HytaleServer] Shutdown completed!
