[2026/02/09 03:56:03   INFO]           [HytaleServer] Starting HytaleServer
[2026/02/09 03:56:03   INFO]           [HytaleServer] Loading config...
[2026/02/09 03:56:03   INFO]           [HytaleServer] Authentication mode: OFFLINE
[2026/02/09 03:56:03   INFO]      [ServerAuthManager] No server tokens configured. Use /auth login to authenticate, or provide tokens via CLI/environment.
[2026/02/09 03:56:03   INFO]      [ServerAuthManager] Server session ID: 827a07cc-63c3-4c82-866a-c9902b555fad
[2026/02/09 03:56:03   INFO]           [HytaleServer] Enabling Sentry
[2026/02/09 03:56:04   INFO]           [HytaleServer] Booting up HytaleServer - Version: 2026.01.28-87d03be09, Revision: 87d03be09c7f114f385971a3caa437033671b771
[2026/02/09 03:56:04   INFO]           [HytaleServer] Setup phase...
[2026/02/09 03:56:04   INFO]          [PluginManager] Loading pending core plugins!
[2026/02/09 03:56:04   INFO]          [PluginManager] - Hytale:ConsoleModule
[2026/02/09 03:56:04   INFO]          [PluginManager] - Hytale:PermissionsModule
[2026/02/09 03:56:04   INFO]          [PluginManager] - Hytale:UpdateModule
[2026/02/09 03:56:04   INFO]          [PluginManager] - Hytale:FlyCameraModule
[2026/02/09 03:56:04   INFO]          [PluginManager] - Hytale:AssetModule
[2026/02/09 03:56:04   INFO]          [PluginManager] - Hytale:CommonAssetModule
[2026/02/09 03:56:04   INFO]          [PluginManager] - Hytale:CosmeticsModule
[2026/02/09 03:56:04   INFO]          [PluginManager] - Hytale:ServerManager
[2026/02/09 03:56:04   INFO]          [PluginManager] - Hytale:I18nModule
[2026/02/09 03:56:04   INFO]          [PluginManager] - Hytale:ItemModule
[2026/02/09 03:56:04   INFO]          [PluginManager] - Hytale:BlockTypeModule
[2026/02/09 03:56:04   INFO]          [PluginManager] - Hytale:LegacyModule
[2026/02/09 03:56:04   INFO]          [PluginManager] - Hytale:BlockModule
[2026/02/09 03:56:04   INFO]          [PluginManager] - Hytale:BlockStateModule
[2026/02/09 03:56:04   INFO]          [PluginManager] - Hytale:CollisionModule
[2026/02/09 03:56:04   INFO]          [PluginManager] - Hytale:BlockSetModule
[2026/02/09 03:56:04   INFO]          [PluginManager] - Hytale:MigrationModule
[2026/02/09 03:56:04   INFO]          [PluginManager] - Hytale:BlockHealthModule
[2026/02/09 03:56:04   INFO]          [PluginManager] - Hytale:PrefabSpawnerModule
[2026/02/09 03:56:04   INFO]          [PluginManager] - Hytale:TimeModule
[2026/02/09 03:56:04   INFO]          [PluginManager] - Hytale:InteractionModule
[2026/02/09 03:56:04   INFO]          [PluginManager] - Hytale:EntityModule
[2026/02/09 03:56:04   INFO]          [PluginManager] - Hytale:EntityStatsModule
[2026/02/09 03:56:04   INFO]          [PluginManager] - Hytale:EntityUIModule
[2026/02/09 03:56:04   INFO]          [PluginManager] - Hytale:DamageModule
[2026/02/09 03:56:04   INFO]          [PluginManager] - Hytale:SplitVelocity
[2026/02/09 03:56:04   INFO]          [PluginManager] - Hytale:StaminaModule
[2026/02/09 03:56:04   INFO]          [PluginManager] - Hytale:DebugPlugin
[2026/02/09 03:56:04   INFO]          [PluginManager] - Hytale:ProjectileModule
[2026/02/09 03:56:04   INFO]          [PluginManager] - Hytale:ServerPlayerListModule
[2026/02/09 03:56:04   INFO]          [PluginManager] - Hytale:AccessControlModule
[2026/02/09 03:56:04   INFO]          [PluginManager] - Hytale:SingleplayerModule
[2026/02/09 03:56:04   INFO]          [PluginManager] - Hytale:Universe
[2026/02/09 03:56:04   INFO]          [PluginManager] - Hytale:ConnectedBlocksModule
[2026/02/09 03:56:04   INFO]          [PluginManager] Loading pending classpath plugins!
[2026/02/09 03:56:04   INFO]          [PluginManager] - Hytale:AssetEditor
[2026/02/09 03:56:04   INFO]          [PluginManager] - Hytale:BlockSpawner
[2026/02/09 03:56:04   INFO]          [PluginManager] - Hytale:BlockTick
[2026/02/09 03:56:04   INFO]          [PluginManager] - Hytale:BlockPhysics
[2026/02/09 03:56:04   INFO]          [PluginManager] - Hytale:BuilderTools
[2026/02/09 03:56:04   INFO]          [PluginManager] - Hytale:Crafting
[2026/02/09 03:56:04   INFO]          [PluginManager] - Hytale:CommandMacro
[2026/02/09 03:56:04   INFO]          [PluginManager] - Hytale:Instances
[2026/02/09 03:56:04   INFO]          [PluginManager] - Hytale:LANDiscovery
[2026/02/09 03:56:04   INFO]          [PluginManager] - Hytale:NPC
[2026/02/09 03:56:04   INFO]          [PluginManager] - Hytale:NPCObjectives
[2026/02/09 03:56:04   INFO]          [PluginManager] - Hytale:ObjectiveReputation
[2026/02/09 03:56:04   INFO]          [PluginManager] - Hytale:Objectives
[2026/02/09 03:56:04   INFO]          [PluginManager] - Hytale:ObjectiveShop
[2026/02/09 03:56:04   INFO]          [PluginManager] - Hytale:Path
[2026/02/09 03:56:04   INFO]          [PluginManager] - Hytale:Reputation
[2026/02/09 03:56:04   INFO]          [PluginManager] - Hytale:NPCReputation
[2026/02/09 03:56:04   INFO]          [PluginManager] - Hytale:Shop
[2026/02/09 03:56:04   INFO]          [PluginManager] - Hytale:ShopReputation
[2026/02/09 03:56:04   INFO]          [PluginManager] - Hytale:NPCShop
[2026/02/09 03:56:04   INFO]          [PluginManager] - Hytale:NPCEditor
[2026/02/09 03:56:04   INFO]          [PluginManager] - Hytale:Stash
[2026/02/09 03:56:04   INFO]          [PluginManager] - Hytale:TagSet
[2026/02/09 03:56:04   INFO]          [PluginManager] - Hytale:Teleport
[2026/02/09 03:56:04   INFO]          [PluginManager] - Hytale:Fluid
[2026/02/09 03:56:04   INFO]          [PluginManager] - Hytale:Weather
[2026/02/09 03:56:04   INFO]          [PluginManager] - Hytale:WorldGen
[2026/02/09 03:56:04   INFO]          [PluginManager] - Hytale:Farming
[2026/02/09 03:56:04   INFO]          [PluginManager] - Hytale:Camera
[2026/02/09 03:56:04   INFO]          [PluginManager] - Hytale:WorldLocationCondition
[2026/02/09 03:56:04   INFO]          [PluginManager] - Hytale:NPCCombatActionEvaluator
[2026/02/09 03:56:04   INFO]          [PluginManager] - Hytale:Model
[2026/02/09 03:56:04   INFO]          [PluginManager] - Hytale:Mantling
[2026/02/09 03:56:04   INFO]          [PluginManager] - Hytale:SafetyRoll
[2026/02/09 03:56:04   INFO]          [PluginManager] - Hytale:SprintForce
[2026/02/09 03:56:04   INFO]          [PluginManager] - Hytale:CrouchSlide
[2026/02/09 03:56:04   INFO]          [PluginManager] - Hytale:Parkour
[2026/02/09 03:56:04   INFO]          [PluginManager] - Hytale:Mounts
[2026/02/09 03:56:04   INFO]          [PluginManager] - Hytale:HytaleGenerator
[2026/02/09 03:56:04   INFO]          [PluginManager] - Hytale:Teleporter
[2026/02/09 03:56:04   INFO]          [PluginManager] - Hytale:Memories
[2026/02/09 03:56:04   INFO]          [PluginManager] - Hytale:Deployables
[2026/02/09 03:56:04   INFO]          [PluginManager] - Hytale:Portals
[2026/02/09 03:56:04   INFO]          [PluginManager] - Hytale:Beds
[2026/02/09 03:56:04   INFO]          [PluginManager] - Hytale:Ambience
[2026/02/09 03:56:04   INFO]          [PluginManager] - Hytale:CreativeHub
[2026/02/09 03:56:04   INFO]          [AssetModule|P] Asset monitor enabled!
[2026/02/09 03:56:04   INFO]          [AssetModule|P] Loaded pack: Hytale:Hytale from Assets.zip
[2026/02/09 03:56:04   INFO]          [AssetModule|P] Loading packs from directory: mods
[2026/02/09 03:56:05   INFO]        [ConsoleModule|P] Setup console with type: windows-vtp
[2026/02/09 03:56:05   INFO]      [ServerAuthManager] Server certificate set: CN=localhost
[2026/02/09 03:56:05   INFO]          [QUICTransport] Server certificate registered for mutual auth, fingerprint: OWIXkT6WkFuhK1JdboheTRwx8cqbI0edvDdHHZAKRJo
[2026/02/09 03:56:05   INFO]          [QUICTransport] Using IPv4 Datagram Channel: NioDatagramChannel(INET)...
[2026/02/09 03:56:05   INFO]          [QUICTransport] Using IPv6 Datagram Channel: NioDatagramChannel(INET6)...
[2026/02/09 03:56:05   INFO]        [ServerManager|P] Took 1sec 85ms 804us to setup transport!
[2026/02/09 03:56:07   INFO]      [ServerAuthManager] Auth credential store: Memory
[2026/02/09 03:56:07   INFO]           [HytaleServer] Setup phase completed! Boot time 4sec 770ms 707us 600ns
[2026/02/09 03:56:07   INFO]                 [Hytale] Loading common assets from: /
[2026/02/09 03:56:08   INFO]    [CommonAssetModule|P] Took 138ms 503us 100ns to load 22992 assets from CommonAssetsIndex.hashes file.
[2026/02/09 03:56:08   WARN]    [CommonAssetModule|P] Duplicated Asset Count: 933
[2026/02/09 03:56:08   INFO]                 [Hytale] Loading common assets phase completed! Boot time 4sec 910ms 247us 900ns, Took 139ms 208us 900ns
[2026/02/09 03:56:08   INFO]    [AssetRegistryLoader] Loading 91 asset stores...
[2026/02/09 03:56:08   INFO]    [AssetRegistryLoader] Pre-adding assets...
[2026/02/09 03:56:08   INFO]      [CollisionModule|P] Block extents for CollisionSystem is Max=0.0, Min=0.0
[2026/02/09 03:56:08   INFO]                 [Hytale] Loading assets from: /Server
[2026/02/09 03:56:08   INFO]    [AssetRegistryLoader] Loading assets from /Server
[2026/02/09 03:56:08   WARN]    [AssetStore|ModelVFX] Asset key 'test' for file '/Server/Entity/ModelVFX/test.json' has incorrect format! Expected: 'Test'
[2026/02/09 03:56:08   WARN]       [MacroCommandBase] Could not parse default argument value for argument: 'world' on Macro Command: 'settimeandgohome'.
server.commands.errors.noSuchWorld{name=com.hypixel.hytale.protocol.StringParamValue@bf4c6e40}
server.commands.errors.noSuchWorld{name=com.hypixel.hytale.protocol.StringParamValue@bf4c6e40}
[2026/02/09 03:56:08   INFO]      [CollisionModule|P] Block extents for CollisionSystem is Max=3.0, Min=0.0
[2026/02/09 03:56:08   WARN] [AssetStore|PrefabListAsset] Asset key 'Trees_Fir_red' for file '/Server/PrefabList/Trees_Fir_red.json' has incorrect format! Expected: 'Trees_Fir_Red'
[2026/02/09 03:56:08   WARN] [AssetStore|PrefabListAsset] Asset key 'Trees_Ash_swamp_dead' for file '/Server/PrefabList/Trees_Ash_swamp_dead.json' has incorrect format! Expected: 'Trees_Ash_Swamp_Dead'
[2026/02/09 03:56:08   WARN] [AssetStore|PrefabListAsset] Asset key 'Trees_Ash_twisted_Giant' for file '/Server/PrefabList/Trees_Ash_twisted_Giant.json' has incorrect format! Expected: 'Trees_Ash_Twisted_Giant'
[2026/02/09 03:56:08   WARN] [AssetStore|PrefabListAsset] Asset key 'Trees_Ash_twisted' for file '/Server/PrefabList/Trees_Ash_twisted.json' has incorrect format! Expected: 'Trees_Ash_Twisted'
[2026/02/09 03:56:08   WARN] [AssetStore|PrefabListAsset] Asset key 'Trees_Ash_swamp' for file '/Server/PrefabList/Trees_Ash_swamp.json' has incorrect format! Expected: 'Trees_Ash_Swamp'
[2026/02/09 03:56:08   WARN] [AssetStore|PrefabListAsset] Asset key 'Trees_Burnt_dead' for file '/Server/PrefabList/Trees_Burnt_dead.json' has incorrect format! Expected: 'Trees_Burnt_Dead'
[2026/02/09 03:56:08   WARN] [AssetStore|PrefabListAsset] Asset key 'Trees_Ash_twisted_Large' for file '/Server/PrefabList/Trees_Ash_twisted_Large.json' has incorrect format! Expected: 'Trees_Ash_Twisted_Large'
[2026/02/09 03:56:08   WARN]           [BlockSetModule|P] Creating block sets: Failed to find block name 'Furniture_Temple_Light_Statue'
[2026/02/09 03:56:08   WARN]           [BlockSetModule|P] Creating block sets: Failed to find block name 'Ingredient_Hay'
[2026/02/09 03:56:08   WARN]           [BlockSetModule|P] Creating block sets: Failed to find block name 'Wood_Softwood_Planks'
[2026/02/09 03:56:08   WARN]           [BlockSetModule|P] Creating block sets: Failed to find block name 'Furniture_Feran_Bed'
[2026/02/09 03:56:08   WARN]           [BlockSetModule|P] Creating block sets: Failed to find block name 'Coop_Chicken'
[2026/02/09 03:56:08   WARN]           [BlockSetModule|P] Creating block sets: Failed to find hitbox name 'Fence'
[2026/02/09 03:56:08   WARN]           [BlockSetModule|P] Creating block sets: Failed to find hitbox name 'Fence_Gate'
[2026/02/09 03:56:08   WARN]           [BlockSetModule|P] Creating block sets: Failed to find hitbox name 'Fence_Gate_Open_In'
[2026/02/09 03:56:08   WARN]           [BlockSetModule|P] Creating block sets: Failed to find hitbox name 'Fence_Gate_Open_Out'
[2026/02/09 03:56:08   WARN]           [BlockSetModule|P] Creating block sets: Failed to find hitbox name 'Fence_Thin'
[2026/02/09 03:56:08   WARN]           [BlockSetModule|P] Creating block sets: Failed to find hitbox name 'Fence_Thick'
[2026/02/09 03:56:08   WARN]           [BlockSetModule|P] Creating block sets: Failed to find hitbox name 'Fence_Corner'
[2026/02/09 03:56:08   WARN]           [BlockSetModule|P] Creating block sets: Failed to find hitbox name 'Fence_Corner_Thin'
[2026/02/09 03:56:08   WARN]           [BlockSetModule|P] Creating block sets: Failed to find hitbox name 'Fence_Corner_Thick'
[2026/02/09 03:56:08   WARN]           [BlockSetModule|P] Creating block sets: Failed to find block name 'Furniture_Crude_Bed'
[2026/02/09 03:56:08   WARN]           [BlockSetModule|P] Creating block sets: Failed to find block name 'Soil_Grass'
[2026/02/09 03:56:08   WARN]           [BlockSetModule|P] Creating block sets: Failed to find block name 'Soil_Dirt'
[2026/02/09 03:56:08   WARN]           [BlockSetModule|P] Creating block sets: Failed to find block name 'Soil_Dirt_Poisoned'
[2026/02/09 03:56:08   WARN]           [BlockSetModule|P] Creating block sets: Failed to find block name 'Soil_Mud'
[2026/02/09 03:56:08   WARN]           [BlockSetModule|P] Creating block sets: Failed to find block name 'Deco_Bone_Pile'
[2026/02/09 03:56:08   WARN]           [BlockSetModule|P] Creating block sets: Failed to find block name 'Deco_Bone_Skulls'
[2026/02/09 03:56:08   WARN]           [BlockSetModule|P] Creating block sets: Failed to find block name 'Soil_Gravel_Sand'
[2026/02/09 03:56:08   WARN]           [BlockSetModule|P] Creating block sets: Failed to find block name 'Soil_Dirt'
[2026/02/09 03:56:08   WARN]           [BlockSetModule|P] Creating block sets: Failed to find block name 'Soil_Clay'
[2026/02/09 03:56:08   WARN]           [BlockSetModule|P] Creating block sets: Failed to find block name 'Rock_Stone'
[2026/02/09 03:56:08   WARN]           [BlockSetModule|P] Creating block sets: Failed to find block name 'Rock_Marble'
[2026/02/09 03:56:08   WARN]           [BlockSetModule|P] Creating block sets: Failed to find block name 'Rock_Chalk'
[2026/02/09 03:56:08   WARN]  [AssetStore|ParticleSystem] Unused key(s) in 'Potion_Health_Implosion' file /Server/Particles/Status_Effect/Potion_Health/Potion_Health_Implosion.particlesystem: Spawners.0.Scale
[2026/02/09 03:56:08   WARN]  [AssetStore|ParticleSystem] Unused key(s) in 'Potion_Stamina_Burst' file /Server/Particles/Status_Effect/Potion_Stamina/Potion_Stamina_Burst.particlesystem: Spawners.0.Scale
[2026/02/09 03:56:08   WARN]  [AssetStore|ParticleSystem] Unused key(s) in 'Potion_Morph_Burst' file /Server/Particles/Status_Effect/Potion_Morph/Potion_Morph_Burst.particlesystem: Spawners.0.Scale
[2026/02/09 03:56:08   WARN] [AssetStore|ScriptedBrushAsset] Unused key(s) in 'FluidMaskExample' file /Server/ScriptedBrushes/Examples/FluidMaskExample.json: Description
[2026/02/09 03:56:08   WARN] [AssetStore|ScriptedBrushAsset] Unused key(s) in 'Walls-Floors' file /Server/ScriptedBrushes/Archive/Walls-Floors.json: Operations.0.Offset
[2026/02/09 03:56:08   WARN] [AssetStore|ScriptedBrushAsset] Asset key 'templeFloor' for file '/Server/ScriptedBrushes/Archive/templeFloor.json' has incorrect format! Expected: 'TempleFloor'
[2026/02/09 03:56:08   WARN] [AssetStore|ScriptedBrushAsset] Unused key(s) in 'ReplaceWaterExample' file /Server/ScriptedBrushes/Examples/ReplaceWaterExample.json: Description
[2026/02/09 03:56:08   WARN] [AssetStore|ScriptedBrushAsset] Asset key 'BoulderBrush_old' for file '/Server/ScriptedBrushes/Archive/BoulderBrush_old.json' has incorrect format! Expected: 'BoulderBrush_Old'
[2026/02/09 03:56:08   WARN] [AssetStore|ScriptedBrushAsset] Asset key 'moltenBall' for file '/Server/ScriptedBrushes/Archive/moltenBall.json' has incorrect format! Expected: 'MoltenBall'
[2026/02/09 03:56:08   WARN] [AssetStore|ScriptedBrushAsset] Asset key 'templePillars' for file '/Server/ScriptedBrushes/Archive/templePillars.json' has incorrect format! Expected: 'TemplePillars'
[2026/02/09 03:56:08   WARN] [AssetStore|ScriptedBrushAsset] Asset key 'templeRandom' for file '/Server/ScriptedBrushes/Archive/templeRandom.json' has incorrect format! Expected: 'TempleRandom'
[2026/02/09 03:56:08   WARN] [AssetStore|ScriptedBrushAsset] Asset key 'templeDestruction' for file '/Server/ScriptedBrushes/Archive/templeDestruction.json' has incorrect format! Expected: 'TempleDestruction'
[2026/02/09 03:56:08   WARN] [AssetStore|ScriptedBrushAsset] Asset key 'MountainBrush_old' for file '/Server/ScriptedBrushes/Archive/MountainBrush_old.json' has incorrect format! Expected: 'MountainBrush_Old'
[2026/02/09 03:56:08   WARN] [AssetStore|ScriptedBrushAsset] Asset key 'keepDestruction' for file '/Server/ScriptedBrushes/Archive/keepDestruction.json' has incorrect format! Expected: 'KeepDestruction'
[2026/02/09 03:56:08   WARN] [AssetStore|ScriptedBrushAsset] Asset key 'templeWalls' for file '/Server/ScriptedBrushes/Archive/templeWalls.json' has incorrect format! Expected: 'TempleWalls'
[2026/02/09 03:56:08   WARN]   [AssetStore|AssignmentsAsset] Unused key(s) in 'Runtime_Defect_1' file /Server/HytaleGenerator/Assignments/Dev/Runtime_Defect_1.json: Prop.BoxBlockType
[2026/02/09 03:56:08   WARN]   [AssetStore|AssignmentsAsset] Unused key(s) in 'Runtime_Defect_0' file /Server/HytaleGenerator/Assignments/Dev/Runtime_Defect_0.json: Prop.BoxBlockType
[2026/02/09 03:56:08   WARN]               [HytaleGenerator] Duplicate export name for asset: Volcanic1_Swamp_Bushes_Jungles_Pattern
[2026/02/09 03:56:08   INFO]               [HytaleGenerator] Exported Scanner asset with name 'Desert1_Oasis_Grasses_Scanner' with asset id 'null
[2026/02/09 03:56:08   WARN]               [HytaleGenerator] Duplicate export name for asset: Plains1_OakPattern_Floor_Grass
[2026/02/09 03:56:08   WARN]   [AssetStore|AssignmentsAsset] Unused key(s) in 'Plains1_Mountains_Grasses' file /Server/HytaleGenerator/Assignments/Plains1/Plains1_Mountains_Grasses.json: FieldFunction.CacheSize
[2026/02/09 03:56:08   WARN]   [AssetStore|AssignmentsAsset] Unused key(s) in 'Plains1_Deeproot_Grasses' file /Server/HytaleGenerator/Assignments/Plains1/Plains1_Deeproot_Grasses.json: FieldFunction.CacheSize
[2026/02/09 03:56:08   INFO]               [HytaleGenerator] Exported Scanner asset with name 'Desert1_Boulders_Scanner' with asset id 'null
[2026/02/09 03:56:08   WARN]   [AssetStore|AssignmentsAsset] Unused key(s) in 'Desert1_Oasis_Grasses' file /Server/HytaleGenerator/Assignments/Desert1/Desert1_Oasis_Grasses.json: $Comments
[2026/02/09 03:56:08   WARN]   [AssetStore|AssignmentsAsset] Unused key(s) in 'Desert1_Oasis_Boulders' file /Server/HytaleGenerator/Assignments/Desert1/Desert1_Oasis_Boulders.json: $Comments
[2026/02/09 03:56:08   WARN]               [HytaleGenerator] Duplicate export name for asset: Plains1_OakPattern_Floor_Grass
[2026/02/09 03:56:08   WARN]               [HytaleGenerator] Duplicate export name for asset: Desert1_Boulders_Scanner
[2026/02/09 03:56:08   INFO]               [HytaleGenerator] Exported Scanner asset with name 'Desert1_Boulders_Scanner' with asset id 'null
[2026/02/09 03:56:08   INFO]               [HytaleGenerator] Exported Scanner asset with name 'Plains1_Gorges_Boulder_Scanner' with asset id 'null
[2026/02/09 03:56:08   INFO]               [HytaleGenerator] Exported Scanner asset with name 'Desert1_Boab_Scanner' with asset id 'null
[2026/02/09 03:56:08   WARN]   [AssetStore|AssignmentsAsset] Unused key(s) in 'Plains1_Oak_Bushes' file /Server/HytaleGenerator/Assignments/Plains1/Plains1_Oak_Bushes.json: FieldFunction.CacheSize
[2026/02/09 03:56:08   WARN]   [AssetStore|AssignmentsAsset] Unused key(s) in 'Desert1_Oasis_Flowers' file /Server/HytaleGenerator/Assignments/Desert1/Desert1_Oasis_Flowers.json: $Comments
[2026/02/09 03:56:08   INFO]               [HytaleGenerator] Exported Scanner asset with name 'Plains1_Gorges_Tree_Scanner' with asset id 'null
[2026/02/09 03:56:08   WARN]               [HytaleGenerator] Duplicate export name for asset: Plains1_Sticks
[2026/02/09 03:56:08   WARN]               [HytaleGenerator] Duplicate export name for asset: Plains1_OakPattern_Floor_Grass
[2026/02/09 03:56:08   WARN]   [AssetStore|AssignmentsAsset] Unused key(s) in 'Taiga1_Rivers_Grasses' file /Server/HytaleGenerator/Assignments/Taiga1/Taiga1_Rivers_Grasses.json: $Comments
[2026/02/09 03:56:08   INFO]               [HytaleGenerator] Exported Scanner asset with name 'Desert1_Palm_Scanner' with asset id 'null
[2026/02/09 03:56:08   INFO]               [HytaleGenerator] Exported Scanner asset with name 'Desert1_Oasis_Plants_2_Scanner' with asset id 'null
[2026/02/09 03:56:08   WARN]   [AssetStore|AssignmentsAsset] Unused key(s) in 'Desert1_Oasis_Flowers_2' file /Server/HytaleGenerator/Assignments/Desert1/Desert1_Oasis_Flowers_2.json: $Comments
[2026/02/09 03:56:08   INFO]               [HytaleGenerator] Exported Scanner asset with name 'Desert1_Dry_Scanner' with asset id 'null
[2026/02/09 03:56:08   WARN]   [AssetStore|AssignmentsAsset] Unused key(s) in 'Desert1_Oasis_Trees_Dry' file /Server/HytaleGenerator/Assignments/Desert1/Desert1_Oasis_Trees_Dry.json: $Comments
[2026/02/09 03:56:08   WARN] [AssetStore|WorldStructureAsset] Unused key(s) in 'Interpolation' file /Server/HytaleGenerator/WorldStructures/Dev/Interpolation.json: BiomeTransitions
[2026/02/09 03:56:10   WARN] [AssetStore|CustomConnectedBlockTemplateAsset] Unused key(s) in 'DoorLargeConnectedBlockTemplate' file /Server/Item/CustomConnectedBlockTemplates/DoorLargeConnectedBlockTemplate.json: ConnectsToOtherTemplates
[2026/02/09 03:56:10   WARN] [AssetStore|CustomConnectedBlockTemplateAsset] Unused key(s) in 'RailsConnectedBlockTemplate' file /Server/Item/CustomConnectedBlockTemplates/RailsConnectedBlockTemplate.json: MaterialName
[2026/02/09 03:56:10   WARN]         [AssetStore|Environment] Asset key 'Env_Temple_of_Gaia' for file '/Server/Environments/Unique/Env_Temple_of_Gaia.json' has incorrect format! Expected: 'Env_Temple_Of_Gaia'
[2026/02/09 03:56:10   INFO]              [HytaleGenerator|P] Loaded Settings asset.
[2026/02/09 03:56:10   WARN]          [AssetStore|BiomeAsset] Unused key(s) in 'Example_Mixer_Gradient' file /Server/HytaleGenerator/Biomes/Examples/Example_Mixer_Gradient.json: Terrain.Density.Inputs.0.Inputs.0.Inputs.0.Inputs.0.Inputs.0.Inputs.0.CacheSize, Terrain.Density.Inputs.1.Inputs.0.Inputs.0.Inputs.0.Inputs.0.Inputs.0.CacheSize, Terrain.Density.Inputs.2.Inputs.0.CacheSize
[2026/02/09 03:56:10   WARN]          [AssetStore|BiomeAsset] Unused key(s) in 'Something' file /Server/HytaleGenerator/Biomes/Experimental/Something.json: Terrain.Density.Inputs.0.Inputs.0.Inputs.0.Inputs.0.CacheSize, Terrain.Density.Inputs.0.Inputs.0.Inputs.0.Inputs.1.Inputs.0.CacheSize, Terrain.Density.Inputs.0.Inputs.0.Inputs.1.Inputs.0.CacheSize, Terrain.Density.Inputs.0.Inputs.0.Inputs.1.Inputs.1.Inputs.0.Inputs.0.Inputs.0.Inputs.0.Sampled, Terrain.Density.Inputs.0.Inputs.0.Inputs.1.Inputs.3.Inputs.0.Inputs.0.CacheSize, Terrain.Density.Inputs.0.Inputs.1.Inputs.0.CacheSize, Terrain.Density.Inputs.0.Inputs.1.Inputs.1.Inputs.0.Inputs.0.CacheSize
[2026/02/09 03:56:10   WARN]                [HytaleGenerator] Duplicate export name for asset: pattern1
[2026/02/09 03:56:10   WARN]          [AssetStore|BiomeAsset] Unused key(s) in 'Example_Fluid' file /Server/HytaleGenerator/Biomes/Examples/Example_Fluid.json: Terrain.Density.Inputs.0.CacheSize, MaterialProvider.Empty.Queue.0.BaseHeight
[2026/02/09 03:56:10   WARN]                [HytaleGenerator] Duplicate export name for asset: Taiga1_Rewood_Trees_Mask
[2026/02/09 03:56:10   WARN]                [HytaleGenerator] Duplicate export name for asset: werstjrtydkm,
[2026/02/09 03:56:10   WARN]          [AssetStore|BiomeAsset] Unused key(s) in 'Example_Prop' file /Server/HytaleGenerator/Biomes/Examples/Example_Prop.json: Terrain.Density.Inputs.0.CacheSize
[2026/02/09 03:56:10   WARN]          [AssetStore|BiomeAsset] Unused key(s) in 'Boreal1_Henges' file /Server/HytaleGenerator/Biomes/Boreal1/Boreal1_Henges.json: Terrain.Density.Inputs.0.Inputs.1.Inputs.0.Inputs.0.Inputs.0.Inputs.1.Inputs.0.Inputs.0.Inputs.0.Positions.Positions.OffsetX, Terrain.Density.Inputs.0.Inputs.1.Inputs.0.Inputs.0.Inputs.0.Inputs.1.Inputs.0.Inputs.0.Inputs.0.Positions.Positions.OffsetY, Terrain.Density.Inputs.0.Inputs.1.Inputs.0.Inputs.0.Inputs.0.Inputs.1.Inputs.0.Inputs.0.Inputs.0.Positions.Positions.OffsetZ, Terrain.Density.Inputs.0.Inputs.1.Inputs.0.Inputs.1.Inputs.0.Inputs.1.Inputs.0.Inputs.0.Inputs.0.Inputs.0.Positions.Positions.OffsetX, Terrain.Density.Inputs.0.Inputs.1.Inputs.0.Inputs.1.Inputs.0.Inputs.1.Inputs.0.Inputs.0.Inputs.0.Inputs.0.Positions.Positions.OffsetY, Terrain.Density.Inputs.0.Inputs.1.Inputs.0.Inputs.1.Inputs.0.Inputs.1.Inputs.0.Inputs.0.Inputs.0.Inputs.0.Positions.Positions.OffsetZ
[2026/02/09 03:56:10   WARN]          [AssetStore|BiomeAsset] Unused key(s) in 'Example_Multi_Mixer_Horizontal' file /Server/HytaleGenerator/Biomes/Examples/Example_Multi_Mixer_Horizontal.json: Terrain.Density.Inputs.0.Inputs.0.Inputs.0.Inputs.0.CacheSize, Terrain.Density.Inputs.0.Inputs.0.Inputs.0.Inputs.1.CacheSize, Terrain.Density.Inputs.0.Inputs.0.Inputs.0.Inputs.2.CacheSize, Terrain.Density.Inputs.0.Inputs.0.Inputs.0.Inputs.3.CacheSize
[2026/02/09 03:56:10   INFO]                [HytaleGenerator] Exported Scanner asset with name 'BasicForestTreeScanner' with asset id 'null
[2026/02/09 03:56:10   WARN]          [AssetStore|BiomeAsset] Unused key(s) in 'Fake3dNoise' file /Server/HytaleGenerator/Biomes/Examples/Fake3dNoise.json: Terrain.Density.Inputs.1.CacheSize, Terrain.Density.Inputs.2.Inputs.1.Inputs.0.Inputs.0.CacheSize, Terrain.Density.Inputs.2.Inputs.1.Inputs.0.Inputs.1.CacheSize, Terrain.Density.Inputs.2.Inputs.1.Inputs.0.Inputs.2.CacheSize, Terrain.Density.Inputs.2.Inputs.1.Inputs.0.Inputs.3.CacheSize, Terrain.Density.Inputs.2.Inputs.1.Inputs.0.Inputs.4.CacheSize, Terrain.Density.Inputs.2.Inputs.1.Inputs.0.Inputs.5.CacheSize
[2026/02/09 03:56:10   WARN]          [AssetStore|BiomeAsset] Unused key(s) in 'CursebreakerKeyartBiome' file /Server/HytaleGenerator/Biomes/Experimental/CursebreakerKeyartBiome.json: Terrain.Density.Inputs.0.Inputs.0.Inputs.0.Inputs.0.Inputs.0.Inputs.0.CacheSize, Terrain.Density.Inputs.0.Inputs.0.Inputs.0.Inputs.1.Inputs.0.Inputs.0.CacheSize, Terrain.Density.Inputs.0.Inputs.0.Inputs.1.Inputs.0.Inputs.0.Inputs.0.Inputs.0.CacheSize, Terrain.Density.Inputs.0.Inputs.1.Inputs.0.Inputs.0.Inputs.0.CacheSize
[2026/02/09 03:56:10 SEVERE]                           [SERR] Reallocate: 131072 to 1179648
[2026/02/09 03:56:10   WARN]          [AssetStore|BiomeAsset] Unused key(s) in 'Example_Multi_Mixer_Curve' file /Server/HytaleGenerator/Biomes/Examples/Example_Multi_Mixer_Curve.json: Terrain.Density.Inputs.0.Inputs.0.Inputs.0.Inputs.0.CacheSize, Terrain.Density.Inputs.0.Inputs.1.Inputs.0.Inputs.0.Inputs.0.Inputs.0.CacheSize, Terrain.Density.Inputs.0.Inputs.1.Inputs.0.Inputs.0.Inputs.0.Inputs.1.CacheSize, Terrain.Density.Inputs.0.Inputs.1.Inputs.0.Inputs.0.Inputs.0.Inputs.2.CacheSize, Terrain.Density.Inputs.0.Inputs.1.Inputs.1.CacheSize, Terrain.Density.Inputs.1.Inputs.0.CacheSize
[2026/02/09 03:56:10   WARN]                [HytaleGenerator] Duplicate export name for asset: werstjrtydkm,
[2026/02/09 03:56:10   WARN]          [AssetStore|BiomeAsset] Unused key(s) in 'Dunes' file /Server/HytaleGenerator/Biomes/Experimental/Dunes.json: Terrain.Density.Inputs.0.Inputs.0.Inputs.0.Inputs.0.Inputs.0.Inputs.1.Inputs.0.Inputs.0.Inputs.0.CacheSize, Terrain.Density.Inputs.0.Inputs.0.Inputs.0.Inputs.0.Inputs.0.Inputs.1.Inputs.0.Inputs.1.Inputs.0.CacheSize, Terrain.Density.Inputs.0.Inputs.0.Inputs.0.Inputs.1.Inputs.0.Inputs.0.Inputs.0.CacheSize, Terrain.Density.Inputs.0.Inputs.0.Inputs.0.Inputs.1.Inputs.0.Inputs.1.Inputs.0.CacheSize, Terrain.Density.Inputs.0.Inputs.0.Inputs.1.Inputs.0.Inputs.0.Inputs.1.Inputs.0.Inputs.0.Inputs.0.CacheSize, Terrain.Density.Inputs.0.Inputs.0.Inputs.1.Inputs.0.Inputs.0.Inputs.1.Inputs.0.Inputs.1.Inputs.0.CacheSize, Terrain.Density.Inputs.0.Inputs.0.Inputs.1.Inputs.1.Inputs.0.Inputs.0.CacheSize, Terrain.Density.Inputs.0.Inputs.0.Inputs.1.Inputs.1.Inputs.1.Inputs.0.CacheSize, Terrain.Density.Inputs.0.Inputs.1.Inputs.0.Inputs.0.Inputs.0.Inputs.0.CacheSize, Terrain.Density.Inputs.0.Inputs.1.Inputs.1.Inputs.0.CacheSize, MaterialProvider.Solid.Queue.0.FieldFunction.CacheSize
[2026/02/09 03:56:10   WARN]                [HytaleGenerator] Duplicate export name for asset: BasicForestTreeScanner
[2026/02/09 03:56:10   INFO]                [HytaleGenerator] Exported Scanner asset with name 'BasicForestTreeScanner' with asset id 'null
[2026/02/09 03:56:10   WARN]          [AssetStore|BiomeAsset] Unused key(s) in 'Plains1_Deeproot' file /Server/HytaleGenerator/Biomes/Plains1/Plains1_Deeproot.json: Props.5.Positions.OffsetX, Props.5.Positions.OffsetY, Props.5.Positions.OffsetZ
[2026/02/09 03:56:10   WARN]                [HytaleGenerator] Duplicate export name for asset: River-Boulders-Mask
[2026/02/09 03:56:10   WARN]          [AssetStore|BiomeAsset] Unused key(s) in 'SingleInstance_Test' file /Server/HytaleGenerator/Biomes/Examples/SingleInstance_Test.json: Terrain.Density.Inputs.0.Inputs.1.SingleInstance
[2026/02/09 03:56:10   WARN]                [HytaleGenerator] Duplicate export name for asset: Desert1_Rivers_Cliffs
[2026/02/09 03:56:10   WARN]                [HytaleGenerator] Duplicate export name for asset: River-Boulders-Mask
[2026/02/09 03:56:10   WARN]          [AssetStore|BiomeAsset] Unused key(s) in 'Arches' file /Server/HytaleGenerator/Biomes/Experimental/Arches.json: Terrain.Density.Inputs.0.Inputs.0.Inputs.0.Inputs.0.Inputs.0.CacheSize, Terrain.Density.Inputs.0.Inputs.1.Inputs.0.Inputs.0.Inputs.0.CacheSize, Terrain.Density.Inputs.0.Inputs.1.Inputs.0.Inputs.0.Inputs.0.Inputs.0.ReturnType.Density.CacheSize, Terrain.Density.Inputs.0.Inputs.1.Inputs.0.Inputs.1.Inputs.0.CacheSize, Terrain.Density.Inputs.0.Inputs.1.Inputs.0.Inputs.1.Inputs.0.Inputs.0.ReturnType.Density.Inputs.0.Inputs.0.Inputs.0.CacheSize, Terrain.Density.Inputs.0.Inputs.1.Inputs.0.Inputs.2.Inputs.0.CacheSize
[2026/02/09 03:56:10   WARN]          [AssetStore|BiomeAsset] Unused key(s) in 'Basic' file /Server/HytaleGenerator/Biomes/Basic.json: Props.0.Assignments.Prop.BoxBlockType
[2026/02/09 03:56:10 SEVERE]                           [SERR] Reallocate: 131072 to 1179648
[2026/02/09 03:56:10   WARN]                [HytaleGenerator] Duplicate export name for asset: River-Boulders-Mask
[2026/02/09 03:56:10   WARN]          [AssetStore|BiomeAsset] Unused key(s) in 'Volcanic1_Jungle' file /Server/HytaleGenerator/Biomes/Volcanic1/Volcanic1_Jungle.json: Props.1.Positions.OffsetX, Props.1.Positions.OffsetY, Props.1.Positions.OffsetZ, Props.2.Positions.OffsetX, Props.2.Positions.OffsetY, Props.2.Positions.OffsetZ, Props.3.Positions.OffsetX, Props.3.Positions.OffsetY, Props.3.Positions.OffsetZ
[2026/02/09 03:56:10   INFO]                [HytaleGenerator] Exported Scanner asset with name 'Desert1_Rocky_Trees_Dry_Scanner' with asset id 'null
[2026/02/09 03:56:10   INFO]                [HytaleGenerator] Exported Scanner asset with name 'Desert1_Rocky_Trees_Palm_Scanner' with asset id 'null
[2026/02/09 03:56:10   WARN]          [AssetStore|BiomeAsset] Unused key(s) in 'Example_Mixer' file /Server/HytaleGenerator/Biomes/Examples/Example_Mixer.json: Terrain.Density.Inputs.0.CacheSize, Terrain.Density.Inputs.1.Inputs.2.Inputs.0.CacheSize
[2026/02/09 03:56:10   WARN]                [HytaleGenerator] Duplicate export name for asset: River-Boulders-Mask
[2026/02/09 03:56:10   WARN]                [HytaleGenerator] Duplicate export name for asset: Plains1-Gorges-BaseTerrain
[2026/02/09 03:56:10   WARN]                [HytaleGenerator] Duplicate export name for asset: River-Boulders-Mask
[2026/02/09 03:56:10   WARN]                [HytaleGenerator] Duplicate export name for asset: River-Boulders-Mask
[2026/02/09 03:56:10   WARN]                [HytaleGenerator] Duplicate export name for asset: River-Boulders-Mask
[2026/02/09 03:56:10   WARN]                [HytaleGenerator] Duplicate export name for asset: River-Boulders-Mask
[2026/02/09 03:56:10   WARN]          [AssetStore|BiomeAsset] Unused key(s) in 'Desert1_Oasis' file /Server/HytaleGenerator/Biomes/Desert1/Desert1_Oasis.json: Props.2.Positions.Positions.OffsetX, Props.2.Positions.Positions.OffsetY, Props.2.Positions.Positions.OffsetZ, Props.3.Positions.Positions.OffsetX, Props.3.Positions.Positions.OffsetY, Props.3.Positions.Positions.OffsetZ, Props.4.Positions.Positions.OffsetX, Props.4.Positions.Positions.OffsetY, Props.4.Positions.Positions.OffsetZ, Props.5.Positions.Positions.OffsetX, Props.5.Positions.Positions.OffsetY, Props.5.Positions.Positions.OffsetZ, Props.6.Positions.Positions.OffsetX, Props.6.Positions.Positions.OffsetY, Props.6.Positions.Positions.OffsetZ
[2026/02/09 03:56:10 SEVERE]                           [SERR] Reallocate: 131072 to 1179648
[2026/02/09 03:56:10   WARN]                [HytaleGenerator] Duplicate export name for asset: Peak
[2026/02/09 03:56:10   WARN]          [AssetStore|BiomeAsset] Unused key(s) in 'Generative_Buildings' file /Server/HytaleGenerator/Biomes/Generative/Generative_Buildings.json: Terrain.Density.Inputs.1.Inputs.0.Inputs.0.Inputs.0.Inputs.0.Inputs.0.Inputs.0.Inputs.0.Inputs.0.Positions.Positions.Positions.OffsetX, Terrain.Density.Inputs.1.Inputs.0.Inputs.0.Inputs.0.Inputs.0.Inputs.0.Inputs.0.Inputs.0.Inputs.0.Positions.Positions.Positions.OffsetY, Terrain.Density.Inputs.1.Inputs.0.Inputs.0.Inputs.0.Inputs.0.Inputs.0.Inputs.0.Inputs.0.Inputs.0.Positions.Positions.Positions.OffsetZ
[2026/02/09 03:56:10   WARN]        [AssetStore|EntityEffect] Unused key(s) in 'Food_EffectCondition_Buff_Medium' file /Server/Entity/Effects/Food/Buff/_Deprecated/Food_EffectCondition_Buff_Medium.json: Type, EntityEffectIds, Match, Next, Failed
[2026/02/09 03:56:10   WARN]        [AssetStore|EntityEffect] Unused key(s) in 'Food_EffectCondition_Buff_Small' file /Server/Entity/Effects/Food/Buff/_Deprecated/Food_EffectCondition_Buff_Small.json: Type, EntityEffectIds, Match, Next, Failed
[2026/02/09 03:56:11   WARN]         [AssetStore|Interaction] Unused key(s) in 'Ice_Bolt_Miss' file /Server/Item/Interactions/Weapons/Staff/Ice/Ice_Bolt_Miss.json: Effects.WorldParticles
[2026/02/09 03:56:11   WARN]         [AssetStore|Interaction] Unused key(s) in 'Explode_Generic' file /Server/Item/Interactions/Explosions/Explode_Generic.json: Config.Knockback.VelocityConfig.Direction
[2026/02/09 03:56:11   WARN]         [AssetStore|Interaction] Unused key(s) in 'Weapon_Battleaxe_Primary_Downstrike_Force' file /Server/Item/Interactions/Weapons/Battleaxe/Primary/Downstrike/Weapon_Battleaxe_Primary_Downstrike_Force.json: MouseSensitivityAdjustmentTarget, MouseSensitivityAdjustmentDuration
[2026/02/09 03:56:11   WARN]         [AssetStore|Interaction] Unused key(s) in 'Weapon_Daggers_Primary_Pounce_Stab_Force' file /Server/Item/Interactions/Weapons/Daggers/Primary/Pounce/Stab/Weapon_Daggers_Primary_Pounce_Stab_Force.json: VelocityType
[2026/02/09 03:56:11   WARN]         [AssetStore|Interaction] Unused key(s) in 'Ice_Ball_Miss' file /Server/Item/Interactions/Weapons/Staff/Ice/Ice_Ball_Miss.json: Effects.WorldParticles
[2026/02/09 03:56:11   WARN]                         [Hytale] Missing interaction *DamageEntityParent_Next
[2026/02/09 03:56:11   WARN]                         [Hytale] Missing interaction *Stamina_Bar_Flash_Interactions_0
[2026/02/09 03:56:11   WARN]                         [Hytale] Missing interaction *Stamina_Broken_Check_Next
[2026/02/09 03:56:11   WARN]                         [Hytale] Missing interaction *Block_Break_Adventure_Next
[2026/02/09 03:56:11   WARN]                         [Hytale] Missing interaction *Block_Break_Adventure_Failed
[2026/02/09 03:56:11   WARN]                         [Hytale] Missing interaction *Weapon_Battleaxe_Secondary_Guard_Bash_Interactions_0
[2026/02/09 03:56:11   WARN]                         [Hytale] Missing interaction *Weapon_Battleaxe_Secondary_Guard_Bash_Interactions_1
[2026/02/09 03:56:11   WARN]                         [Hytale] Missing interaction *Weapon_Shortbow_Secondary_Guard_Bash_Interactions_0
[2026/02/09 03:56:11   WARN]                         [Hytale] Missing interaction *Weapon_Shortbow_Secondary_Guard_Bash_Interactions_1
[2026/02/09 03:56:11   WARN]                         [Hytale] Missing interaction *Weapon_Crossbow_Secondary_Guard_Bash_Interactions_0
[2026/02/09 03:56:11   WARN]                         [Hytale] Missing interaction *Weapon_Crossbow_Secondary_Guard_Bash_Interactions_1
[2026/02/09 03:56:11   WARN]                         [Hytale] Missing interaction *Weapon_Crossbow_Shot_Standard_Projectile_Next
[2026/02/09 03:56:11   WARN]                         [Hytale] Missing interaction *Common_Guard_Shove_Animation_Next
[2026/02/09 03:56:11   WARN]                         [Hytale] Missing interaction *Weapon_Daggers_Secondary_Guard_Bash_Interactions_0
[2026/02/09 03:56:11   WARN]                         [Hytale] Missing interaction *Weapon_Daggers_Secondary_Guard_Bash_Interactions_1
[2026/02/09 03:56:11   WARN]                         [Hytale] Missing interaction *Bow_Two_Handed_Ability1_Arrow_Volley_Interactions_0
[2026/02/09 03:56:11   WARN]                         [Hytale] Missing interaction *Weapon_Shield_Secondary_Guard_Bash_Interactions_0
[2026/02/09 03:56:11   WARN]                         [Hytale] Missing interaction *Weapon_Shield_Secondary_Guard_Bash_Interactions_1
[2026/02/09 03:56:11   WARN]                         [Hytale] Missing interaction *Stick_Attack_Next_0
[2026/02/09 03:56:11   WARN]                         [Hytale] Missing interaction *Stick_Attack_Next_0.8
[2026/02/09 03:56:11   WARN]                         [Hytale] Missing interaction *Weapon_Mace_Secondary_Guard_Bash_Interactions_0
[2026/02/09 03:56:11   WARN]                         [Hytale] Missing interaction *Weapon_Mace_Secondary_Guard_Bash_Interactions_1
[2026/02/09 03:56:11   WARN]                         [Hytale] Missing interaction *Weapon_Sword_Secondary_Guard_Bash_Interactions_0
[2026/02/09 03:56:11   WARN]                         [Hytale] Missing interaction *Weapon_Sword_Secondary_Guard_Bash_Interactions_1
[2026/02/09 03:56:11   WARN]                         [Hytale] Missing interaction *Bow_Two_Handed_Ability2_Arrow_Shoot_Interactions_0
[2026/02/09 03:56:11   WARN]                         [Hytale] Missing interaction *Bow_Two_Handed_Ability2_Arrow_Shoot_Interactions_1
[2026/02/09 03:56:11   WARN]                         [Hytale] Missing interaction *Daggers_Stab_Flurry_Left_Next
[2026/02/09 03:56:11   WARN]                         [Hytale] Missing interaction *Daggers_Stab_Flurry_Right_Next
[2026/02/09 03:56:11   WARN]                         [Hytale] Missing interaction *Simple_Next
[2026/02/09 03:56:11   WARN]                         [Hytale] Missing interaction *Shortbow_Volley_Shoot_Inner_Next
[2026/02/09 03:56:11   WARN]         [AssetStore|Interaction] Unused key(s) in '*Weapon_Sword_Signature_Vortexstrike_Spin_Selector_Next': Next
[2026/02/09 03:56:11   WARN]         [AssetStore|Interaction] Unused key(s) in '*Weapon_Daggers_Primary_Pounce_Stab_Selector_Next': Next
[2026/02/09 03:56:11   WARN]                         [Hytale] Missing interaction **DamageEntityParent_Next_Interactions_0
[2026/02/09 03:56:11   WARN]                         [Hytale] Missing interaction **DamageEntityParent_Next_Interactions_1
[2026/02/09 03:56:11   WARN]                         [Hytale] Missing interaction **DamageEntityParent_Next_Interactions_2
[2026/02/09 03:56:11   WARN]                         [Hytale] Missing interaction **DamageEntityParent_Next_Interactions_3
[2026/02/09 03:56:11   WARN]                         [Hytale] Missing interaction **Bow_Two_Handed_Ability1_Arrow_Volley_Interactions_0_Interactions_0
[2026/02/09 03:56:11   WARN]                         [Hytale] Missing interaction **Bow_Two_Handed_Ability1_Arrow_Volley_Interactions_0_Interactions_1
[2026/02/09 03:56:11   WARN]                         [Hytale] Missing interaction **Weapon_Daggers_Secondary_Guard_Bash_Interactions_1_Next
[2026/02/09 03:56:11   WARN]                         [Hytale] Missing interaction **Weapon_Shortbow_Secondary_Guard_Bash_Interactions_1_Next
[2026/02/09 03:56:11   WARN]                         [Hytale] Missing interaction **Weapon_Sword_Secondary_Guard_Bash_Interactions_1_Next
[2026/02/09 03:56:11   WARN]                         [Hytale] Missing interaction **Weapon_Shield_Secondary_Guard_Bash_Interactions_1_Next
[2026/02/09 03:56:11   WARN]                         [Hytale] Missing interaction **Weapon_Crossbow_Secondary_Guard_Bash_Interactions_1_Next
[2026/02/09 03:56:11   WARN]                         [Hytale] Missing interaction **Weapon_Crossbow_Shot_Standard_Projectile_Next_Next
[2026/02/09 03:56:11   WARN]                         [Hytale] Missing interaction **Stick_Attack_Next_0_Interactions_1
[2026/02/09 03:56:11   WARN]                         [Hytale] Missing interaction **Stick_Attack_Next_0.8_Interactions_1
[2026/02/09 03:56:11   WARN]                         [Hytale] Missing interaction **Weapon_Mace_Secondary_Guard_Bash_Interactions_1_Next
[2026/02/09 03:56:11   WARN]                         [Hytale] Missing interaction **Weapon_Battleaxe_Secondary_Guard_Bash_Interactions_1_Next
[2026/02/09 03:56:11   WARN]                         [Hytale] Missing interaction **Weapon_Mace_Primary_Swing_Right_Charged_Selector_Next_Next
[2026/02/09 03:56:11   WARN]                         [Hytale] Missing interaction **Weapon_Mace_Primary_Swing_Left_Charged_StaminaCondition_Next_Next
[2026/02/09 03:56:11   WARN]                         [Hytale] Missing interaction **Block_Break_Failed_Next
[2026/02/09 03:56:11   WARN]                         [Hytale] Missing interaction **Weapon_Daggers_Primary_Pounce_Sweep_Next_Interactions_0
[2026/02/09 03:56:11   WARN]                         [Hytale] Missing interaction **Weapon_Daggers_Primary_Pounce_Sweep_Next_Interactions_1
[2026/02/09 03:56:11   WARN]                         [Hytale] Missing interaction **Common_Guard_Shove_Selector_Next_Next
[2026/02/09 03:56:11   WARN]                         [Hytale] Missing interaction **Weapon_Battleaxe_Primary_Downstrike_StaminaCondition_Next_Next
[2026/02/09 03:56:11   WARN]                         [Hytale] Missing interaction **Weapon_Mace_Primary_Swing_Up_Left_Charged_Selector_Next_Next
[2026/02/09 03:56:11   WARN]                         [Hytale] Missing interaction **Weapon_Crossbow_Damage_Combo_Projectile_Next_Next
[2026/02/09 03:56:11   WARN]                         [Hytale] Missing interaction **Consume_Charge_Food_T2_Inner_Next_2.5_Next
[2026/02/09 03:56:11   WARN]                         [Hytale] Missing interaction **Consume_Charge_Food_T1_Inner_Next_2.0_Next
[2026/02/09 03:56:11   WARN]                         [Hytale] Missing interaction **Weapon_Mace_Primary_Swing_Right_Charged_StaminaCondition_Next_Next
[2026/02/09 03:56:11   WARN]                         [Hytale] Missing interaction **Weapon_Daggers_Primary_Pounce_StaminaCondition_Next_Next
[2026/02/09 03:56:11   WARN]                         [Hytale] Missing interaction **Weapon_Daggers_Primary_Pounce_Stab_Next_Interactions_0
[2026/02/09 03:56:11   WARN]                         [Hytale] Missing interaction **Weapon_Daggers_Primary_Pounce_Stab_Next_Interactions_1
[2026/02/09 03:56:11   WARN]                         [Hytale] Missing interaction **Weapon_Stick_Fire_Spawn_Trap_Next_Interactions_0
[2026/02/09 03:56:11   WARN]                         [Hytale] Missing interaction **Weapon_Stick_Fire_Spawn_Trap_Next_Interactions_1
[2026/02/09 03:56:11   WARN]                         [Hytale] Missing interaction **Weapon_Stick_Fire_Spawn_Trap_Failed_Interactions_0
[2026/02/09 03:56:11   WARN]                         [Hytale] Missing interaction **Weapon_Mace_Primary_Swing_Left_Charged_Selector_Next_Next
[2026/02/09 03:56:11   WARN]                         [Hytale] Missing interaction **Consume_Charge_Durability_Interactions_1_Next_3.0
[2026/02/09 03:56:11   WARN]                         [Hytale] Missing interaction **Consume_Charge_Durability_Interactions_1_Failed
[2026/02/09 03:56:11   WARN]                         [Hytale] Missing interaction **Weapon_Mace_Primary_Swing_Up_Left_Charged_StaminaCondition_Next_Next
[2026/02/09 03:56:11   WARN]                         [Hytale] Missing interaction **Weapon_Sword_Primary_Thrust_StaminaCondition_Next_Next
[2026/02/09 03:56:11   WARN]                         [Hytale] Missing interaction **Consume_Charge_Food_T3_Inner_Next_3.0_Next
[2026/02/09 03:56:11   WARN]                         [Hytale] Missing interaction ***Bow_Two_Handed_Ability1_Arrow_Volley_Interactions_0_Interactions_1_Next
[2026/02/09 03:56:11   WARN]                         [Hytale] Missing interaction ***Common_Guard_Shove_Selector_Next_Next_Next
[2026/02/09 03:56:11   WARN]                         [Hytale] Missing interaction ***Weapon_Daggers_Secondary_Guard_Bash_Interactions_1_Next_Next
[2026/02/09 03:56:11   WARN]                         [Hytale] Missing interaction ***Consume_Charge_Food_T3_Inner_Next_3.0_Next_Interactions_0
[2026/02/09 03:56:11   WARN]                         [Hytale] Missing interaction ***Consume_Charge_Food_T3_Inner_Next_3.0_Next_Interactions_1
[2026/02/09 03:56:11   WARN]                         [Hytale] Missing interaction ***Consume_Charge_Food_T3_Inner_Next_3.0_Next_Interactions_2
[2026/02/09 03:56:11   WARN]                         [Hytale] Missing interaction ***Weapon_Shortbow_Secondary_Guard_Bash_Interactions_1_Next_Next
[2026/02/09 03:56:11   WARN]                         [Hytale] Missing interaction ***Weapon_Mace_Primary_Swing_Up_Left_Charged_StaminaCondition_Next_Next_Next_0
[2026/02/09 03:56:11   WARN]                         [Hytale] Missing interaction ***Weapon_Mace_Primary_Swing_Up_Left_Charged_Next_2.0_Interactions_2_Next
[2026/02/09 03:56:11   WARN]                         [Hytale] Missing interaction ***Weapon_Mace_Primary_Swing_Right_Charged_StaminaCondition_Next_Next_Next_0
[2026/02/09 03:56:11   WARN]                         [Hytale] Missing interaction ***Weapon_Mace_Primary_Swing_Right_Charged_Next_2.0_Interactions_2_Next
[2026/02/09 03:56:11   WARN]                         [Hytale] Missing interaction ***Weapon_Sword_Secondary_Guard_Bash_Interactions_1_Next_Next
[2026/02/09 03:56:11   WARN]                         [Hytale] Missing interaction ***Weapon_Shield_Secondary_Guard_Bash_Interactions_1_Next_Next
[2026/02/09 03:56:11   WARN]                         [Hytale] Missing interaction ***Consume_Charge_Food_T1_Inner_Next_2.0_Next_Interactions_0
[2026/02/09 03:56:11   WARN]                         [Hytale] Missing interaction ***Consume_Charge_Food_T1_Inner_Next_2.0_Next_Interactions_1
[2026/02/09 03:56:11   WARN]                         [Hytale] Missing interaction ***Consume_Charge_Food_T1_Inner_Next_2.0_Next_Interactions_2
[2026/02/09 03:56:11   WARN]                         [Hytale] Missing interaction ***Weapon_Mace_Primary_Swing_Left_Charged_StaminaCondition_Next_Next_Next_0
[2026/02/09 03:56:11   WARN]                         [Hytale] Missing interaction ***Weapon_Mace_Primary_Swing_Left_Charged_Next_2.0_Interactions_2_Next
[2026/02/09 03:56:11   WARN]                         [Hytale] Missing interaction ***Consume_Charge_Durability_Interactions_1_Next_3.0_Interactions_0
[2026/02/09 03:56:11   WARN]                         [Hytale] Missing interaction ***Consume_Charge_Durability_Interactions_1_Next_3.0_Interactions_1
[2026/02/09 03:56:11   WARN]                         [Hytale] Missing interaction ***Consume_Charge_Durability_Interactions_1_Next_3.0_Interactions_2
[2026/02/09 03:56:11   WARN]                         [Hytale] Missing interaction ***Consume_Charge_Durability_Interactions_1_Next_3.0_Interactions_3
[2026/02/09 03:56:11   WARN]                         [Hytale] Missing interaction ***Consume_Charge_Durability_Interactions_1_Failed_Next
[2026/02/09 03:56:11   WARN]                         [Hytale] Missing interaction ***Weapon_Crossbow_Secondary_Guard_Bash_Interactions_1_Next_Next
[2026/02/09 03:56:11   WARN]                         [Hytale] Missing interaction ***Weapon_Mace_Secondary_Guard_Bash_Interactions_1_Next_Next
[2026/02/09 03:56:11   WARN]                         [Hytale] Missing interaction ***Consume_Charge_Food_T2_Inner_Next_2.5_Next_Interactions_0
[2026/02/09 03:56:11   WARN]                         [Hytale] Missing interaction ***Consume_Charge_Food_T2_Inner_Next_2.5_Next_Interactions_1
[2026/02/09 03:56:11   WARN]                         [Hytale] Missing interaction ***Consume_Charge_Food_T2_Inner_Next_2.5_Next_Interactions_2
[2026/02/09 03:56:11   WARN]                         [Hytale] Missing interaction ***Weapon_Battleaxe_Secondary_Guard_Bash_Interactions_1_Next_Next
[2026/02/09 03:56:11   WARN]                         [Hytale] Missing interaction ***Weapon_Battleaxe_Primary_Downstrike_Next_0.65_Interactions_2_Next
[2026/02/09 03:56:11   WARN]                         [Hytale] Missing interaction ***Weapon_Daggers_Primary_Pounce_Next_0.4_Interactions_1_Next
[2026/02/09 03:56:11   WARN]                         [Hytale] Missing interaction ***Weapon_Sword_Primary_Thrust_Next_0.65_Interactions_2_Next
[2026/02/09 03:56:11   WARN]                         [Hytale] Missing interaction ****Bow_Two_Handed_Ability1_Arrow_Volley_Interactions_0_Interactions_1_Next_Interactions_1
[2026/02/09 03:56:11   WARN]                         [Hytale] Missing interaction ****Bow_Two_Handed_Ability1_Arrow_Volley_Interactions_0_Interactions_1_Next_Interactions_2
[2026/02/09 03:56:11   WARN]                         [Hytale] Missing interaction ****Weapon_Mace_Primary_Swing_Up_Left_Charged_StaminaCondition_Next_Next_Next_0_Next
[2026/02/09 03:56:11   WARN]                         [Hytale] Missing interaction ****Weapon_Mace_Primary_Swing_Up_Left_Charged_Next_2.0_Interactions_2_Next_Interactions_0
[2026/02/09 03:56:11   WARN]                         [Hytale] Missing interaction ****Weapon_Mace_Primary_Swing_Right_Charged_StaminaCondition_Next_Next_Next_0_Next
[2026/02/09 03:56:11   WARN]                         [Hytale] Missing interaction ****Weapon_Mace_Primary_Swing_Right_Charged_Next_2.0_Interactions_2_Next_Interactions_0
[2026/02/09 03:56:11   WARN]                         [Hytale] Missing interaction ****Weapon_Mace_Primary_Swing_Left_Charged_StaminaCondition_Next_Next_Next_0_Next
[2026/02/09 03:56:11   WARN]                         [Hytale] Missing interaction ****Weapon_Mace_Primary_Swing_Left_Charged_Next_2.0_Interactions_2_Next_Interactions_0
[2026/02/09 03:56:11   WARN]                         [Hytale] Missing interaction ****Weapon_Battleaxe_Primary_Downstrike_Next_0.65_Interactions_2_Next_Interactions_0
[2026/02/09 03:56:11   WARN]                         [Hytale] Missing interaction ****Weapon_Battleaxe_Primary_Downstrike_Next_0.65_Interactions_2_Next_Interactions_1
[2026/02/09 03:56:11   WARN]                         [Hytale] Missing interaction ****Weapon_Sword_Primary_Thrust_Next_0.65_Interactions_2_Next_Interactions_0
[2026/02/09 03:56:11   WARN]                         [Hytale] Missing interaction ****Weapon_Sword_Primary_Thrust_Next_0.65_Interactions_2_Next_Interactions_1
[2026/02/09 03:56:11   WARN]                         [Hytale] Missing interaction ****Weapon_Daggers_Primary_Pounce_Next_0.4_Interactions_1_Next_Interactions_0
[2026/02/09 03:56:11   WARN]                         [Hytale] Missing interaction ****Weapon_Daggers_Primary_Pounce_Next_0.4_Interactions_1_Next_Interactions_1
[2026/02/09 03:56:11   WARN]                         [Hytale] Missing interaction *****Bow_Two_Handed_Ability1_Arrow_Volley_Interactions_0_Interactions_1_Next_Interactions_2_Next
[2026/02/09 03:56:11   WARN]         [AssetStore|Interaction] Unused key(s) in '**Projectile_Config_Ice_Bolt_Interactions_ProjectileMiss_Interactions_0': Effects.WorldParticles
[2026/02/09 03:56:11   WARN]         [AssetStore|Interaction] Unused key(s) in '**Projectile_Config_Scarak_Seeker_Spitball_Interactions_ProjectileMiss_Interactions_0': Effects.WorldParticles
[2026/02/09 03:56:11   WARN]         [AssetStore|Interaction] Unused key(s) in '**Projectile_Config_Scarak_Seeker_Spitball_Interactions_ProjectileHit_Interactions_0': Entity
[2026/02/09 03:56:11   WARN]         [AssetStore|Interaction] Unused key(s) in '**Projectile_Config_Ice_Ball_Interactions_ProjectileMiss_Interactions_0': Effects.WorldParticles
[2026/02/09 03:56:11   WARN]               [BlockSetModule|P] Creating block sets: Failed to find block name 'Furniture_Temple_Light_Statue'
[2026/02/09 03:56:11   WARN]               [BlockSetModule|P] Creating block sets: Failed to find block name 'Ingredient_Hay'
[2026/02/09 03:56:11   WARN]               [BlockSetModule|P] Creating block sets: Failed to find block name 'Wood_Softwood_Planks'
[2026/02/09 03:56:11   WARN]               [BlockSetModule|P] Creating block sets: Failed to find block name 'Furniture_Feran_Bed'
[2026/02/09 03:56:11   WARN]               [BlockSetModule|P] Creating block sets: Failed to find block name 'Coop_Chicken'
[2026/02/09 03:56:11   WARN]               [BlockSetModule|P] Creating block sets: Failed to find hitbox name 'Fence'
[2026/02/09 03:56:11   WARN]               [BlockSetModule|P] Creating block sets: Failed to find hitbox name 'Fence_Gate'
[2026/02/09 03:56:11   WARN]               [BlockSetModule|P] Creating block sets: Failed to find hitbox name 'Fence_Gate_Open_In'
[2026/02/09 03:56:11   WARN]               [BlockSetModule|P] Creating block sets: Failed to find hitbox name 'Fence_Gate_Open_Out'
[2026/02/09 03:56:11   WARN]               [BlockSetModule|P] Creating block sets: Failed to find hitbox name 'Fence_Thin'
[2026/02/09 03:56:11   WARN]               [BlockSetModule|P] Creating block sets: Failed to find hitbox name 'Fence_Thick'
[2026/02/09 03:56:11   WARN]               [BlockSetModule|P] Creating block sets: Failed to find hitbox name 'Fence_Corner'
[2026/02/09 03:56:11   WARN]               [BlockSetModule|P] Creating block sets: Failed to find hitbox name 'Fence_Corner_Thin'
[2026/02/09 03:56:11   WARN]               [BlockSetModule|P] Creating block sets: Failed to find hitbox name 'Fence_Corner_Thick'
[2026/02/09 03:56:11   WARN]               [BlockSetModule|P] Creating block sets: Failed to find block name 'Furniture_Crude_Bed'
[2026/02/09 03:56:11   WARN]               [BlockSetModule|P] Creating block sets: Failed to find block name 'Soil_Grass'
[2026/02/09 03:56:11   WARN]               [BlockSetModule|P] Creating block sets: Failed to find block name 'Soil_Dirt'
[2026/02/09 03:56:11   WARN]               [BlockSetModule|P] Creating block sets: Failed to find block name 'Soil_Dirt_Poisoned'
[2026/02/09 03:56:11   WARN]               [BlockSetModule|P] Creating block sets: Failed to find block name 'Soil_Mud'
[2026/02/09 03:56:11   WARN]               [BlockSetModule|P] Creating block sets: Failed to find block name 'Deco_Bone_Pile'
[2026/02/09 03:56:11   WARN]               [BlockSetModule|P] Creating block sets: Failed to find block name 'Deco_Bone_Skulls'
[2026/02/09 03:56:11   WARN]               [BlockSetModule|P] Creating block sets: Failed to find block name 'Soil_Gravel_Sand'
[2026/02/09 03:56:11   WARN]               [BlockSetModule|P] Creating block sets: Failed to find block name 'Soil_Dirt'
[2026/02/09 03:56:11   WARN]               [BlockSetModule|P] Creating block sets: Failed to find block name 'Soil_Clay'
[2026/02/09 03:56:11   WARN]               [BlockSetModule|P] Creating block sets: Failed to find block name 'Rock_Stone'
[2026/02/09 03:56:11   WARN]               [BlockSetModule|P] Creating block sets: Failed to find block name 'Rock_Marble'
[2026/02/09 03:56:11   WARN]               [BlockSetModule|P] Creating block sets: Failed to find block name 'Rock_Chalk'
[2026/02/09 03:56:11   WARN]                [AssetStore|Item] Failed to validate asset!
Id: Tool_Hatchet_Crude
Path: /Server/Item/Items/Tool/Hatchet/Tool_Hatchet_Crude.json
Key: Recipe
Results:
	WARNING: Bench Requirement in recipe for 'Fieldcraft' should not have a delay (TimeSeconds) set!

[2026/02/09 03:56:11   WARN]                [AssetStore|Item] Failed to validate asset!
Id: Bench_Builders
Path: /Server/Item/Items/Bench/Bench_Builders.json
Key: Recipe
Results:
	WARNING: Bench Requirement in recipe for 'Fieldcraft' should not have a delay (TimeSeconds) set!

[2026/02/09 03:56:11   WARN]                [AssetStore|Item] Failed to validate asset!
Id: Furniture_Crude_Torch
Path: /Server/Item/Items/Furniture/Crude/Unique/Furniture_Crude_Torch.json
Key: Recipe
Results:
	WARNING: Bench Requirement in recipe for 'Fieldcraft' should not have a delay (TimeSeconds) set!

[2026/02/09 03:56:11   WARN]                [AssetStore|Item] Failed to validate asset!
Id: Bench_Campfire
Path: /Server/Item/Items/Bench/Bench_Campfire.json
Key: Recipe
Results:
	WARNING: Bench Requirement in recipe for 'Fieldcraft' should not have a delay (TimeSeconds) set!

[2026/02/09 03:56:11   WARN]                [AssetStore|Item] Failed to validate asset!
Id: Tool_Pickaxe_Crude
Path: /Server/Item/Items/Tool/Pickaxe/Tool_Pickaxe_Crude.json
Key: Recipe
Results:
	WARNING: Bench Requirement in recipe for 'Fieldcraft' should not have a delay (TimeSeconds) set!

[2026/02/09 03:56:11   WARN]                [AssetStore|Item] Failed to validate asset!
Id: Furniture_Crude_Chest_Small
Path: /Server/Item/Items/Furniture/Crude/Furniture_Crude_Chest_Small.json
Key: Recipe
Results:
	WARNING: Bench Requirement in recipe for 'Fieldcraft' should not have a delay (TimeSeconds) set!

[2026/02/09 03:56:11   WARN]                [AssetStore|Item] Failed to validate asset!
Id: Furniture_Crude_Bed
Path: /Server/Item/Items/Furniture/Crude/Furniture_Crude_Bed.json
Key: Recipe
Results:
	WARNING: Bench Requirement in recipe for 'Fieldcraft' should not have a delay (TimeSeconds) set!

[2026/02/09 03:56:11   WARN]                [AssetStore|Item] Failed to validate asset!
Id: Weapon_Sword_Crude
Path: /Server/Item/Items/Weapon/Sword/Weapon_Sword_Crude.json
Key: Recipe
Results:
	WARNING: Bench Requirement in recipe for 'Fieldcraft' should not have a delay (TimeSeconds) set!

[2026/02/09 03:56:11   WARN]                [AssetStore|Item] Failed to find inherited parent asset Template_Crop_Item (BlockType) for Plant_Crop_Wheat_Item
[2026/02/09 03:56:11   WARN]                [AssetStore|Item] Failed to find inherited parent asset Template_Crop_Item (BlockType) for Plant_Crop_Corn_Item
[2026/02/09 03:56:11   WARN]                [AssetStore|Item] Failed to find inherited parent asset Template_Crop_Item (BlockType) for Plant_Crop_Lettuce_Item
[2026/02/09 03:56:11   WARN]                [AssetStore|Item] Failed to find inherited parent asset Template_Crop_Item (BlockType) for Plant_Crop_Onion_Item
[2026/02/09 03:56:11   WARN]                [AssetStore|Item] Failed to find inherited parent asset Template_Crop_Item (BlockType) for Plant_Crop_Carrot_Item
[2026/02/09 03:56:11   WARN]                [AssetStore|Item] Failed to find inherited parent asset Template_Crop_Item (BlockType) for Plant_Crop_Aubergine_Item
[2026/02/09 03:56:11   WARN]                [AssetStore|Item] Failed to find inherited parent asset Template_Crop_Item (BlockType) for Plant_Crop_Turnip_Item
[2026/02/09 03:56:11   WARN]                [AssetStore|Item] Failed to find inherited parent asset Template_Crop_Item (BlockType) for Plant_Crop_Potato_Item
[2026/02/09 03:56:11   WARN]                [AssetStore|Item] Failed to find inherited parent asset Template_Crop_Item (BlockType) for Plant_Crop_Pumpkin_Item
[2026/02/09 03:56:11   WARN]                [AssetStore|Item] Failed to find inherited parent asset Template_Crop_Item (BlockType) for Plant_Crop_Tomato_Item
[2026/02/09 03:56:11   WARN]                [AssetStore|Item] Failed to find inherited parent asset Template_Crop_Item (BlockType) for Plant_Crop_Rice_Item
[2026/02/09 03:56:11   WARN]                [AssetStore|Item] Failed to find inherited parent asset Template_Crop_Item (BlockType) for Plant_Crop_Chilli_Item
[2026/02/09 03:56:11   WARN]                [AssetStore|Item] Failed to find inherited parent asset Template_Crop_Item (BlockType) for Plant_Crop_Cauliflower_Item
[2026/02/09 03:56:12   WARN]           [AssetStore|BlockType] Unused key(s) in '*Prototype_Geyser_State_Definitions_Off': SoundEventId
[2026/02/09 03:56:12   WARN]           [AssetStore|BlockType] Unused key(s) in '*Prototype_Geyser_State_Definitions_On': SoundEventId
[2026/02/09 03:56:12   WARN]         [AssetStore|Interaction] Unused key(s) in '***Teleporter_State_Definitions_Active_Interactions_Use_Interactions_0': Page.WarpNameWordList
[2026/02/09 03:56:12   WARN]         [AssetStore|Interaction] Unused key(s) in '**Portal_Device_Interactions_Use_Interactions_0': Page.Config.GameplayConfig
[2026/02/09 03:56:12   WARN]         [AssetStore|Interaction] Unused key(s) in '**Teleporter_Interactions_Use_Interactions_0': Page.WarpNameWordList
[2026/02/09 03:56:12   WARN]         [AssetStore|Interaction] Unused key(s) in '**Weapon_Staff_Thorium_InteractionVars_Staff_Cast_Summon_Charged_Interactions_0': Costs
[2026/02/09 03:56:12   WARN]         [AssetStore|Interaction] Unused key(s) in '**Weapon_Staff_Iron_InteractionVars_Staff_Cast_Summon_Charged_Interactions_0': Costs
[2026/02/09 03:56:12   WARN]         [AssetStore|Interaction] Unused key(s) in '**Weapon_Staff_Bone_InteractionVars_Staff_Cast_Summon_Charged_Interactions_0': Costs
[2026/02/09 03:56:12   WARN]         [AssetStore|Interaction] Unused key(s) in '**Template_Weapon_Crossbow_InteractionVars_Guard_Bash_Interactions_1': Effects, StatModifiers
[2026/02/09 03:56:12   WARN]         [AssetStore|Interaction] Unused key(s) in '**Weapon_Staff_Wood_InteractionVars_Staff_Cast_Summon_Charged_Interactions_0': Costs
[2026/02/09 03:56:12   WARN]         [AssetStore|Interaction] Unused key(s) in '**Weapon_Staff_Cane_InteractionVars_Staff_Cast_Summon_Charged_Interactions_0': Costs
[2026/02/09 03:56:12   WARN]         [AssetStore|Interaction] Unused key(s) in '**Weapon_Staff_Copper_InteractionVars_Staff_Cast_Summon_Charged_Interactions_0': Costs
[2026/02/09 03:56:12   WARN]         [AssetStore|Interaction] Unused key(s) in '**Template_Weapon_Shield_InteractionVars_Guard_Bash_Interactions_1': Effects, StatModifiers
[2026/02/09 03:56:12   WARN]         [AssetStore|Interaction] Unused key(s) in '**Weapon_Staff_Onion_InteractionVars_Staff_Cast_Summon_Charged_Interactions_0': Costs
[2026/02/09 03:56:12   WARN]         [AssetStore|Interaction] Unused key(s) in '**Halloween_Broomstick_InteractionVars_Staff_Cast_Summon_Charged_Interactions_0': Costs
[2026/02/09 03:56:12   WARN]         [AssetStore|Interaction] Unused key(s) in '**Weapon_Staff_Cobalt_InteractionVars_Staff_Cast_Summon_Charged_Interactions_0': Costs
[2026/02/09 03:56:12   WARN]         [AssetStore|Interaction] Unused key(s) in '**Weapon_Staff_Doomed_InteractionVars_Staff_Cast_Summon_Charged_Interactions_0': Costs
[2026/02/09 03:56:12   WARN]         [AssetStore|Interaction] Unused key(s) in '**Weapon_Staff_Adamantite_InteractionVars_Staff_Cast_Summon_Charged_Interactions_0': Costs
[2026/02/09 03:56:12   WARN]         [AssetStore|Interaction] Unused key(s) in '**Weapon_Staff_Mithril_InteractionVars_Staff_Cast_Summon_Charged_Interactions_0': Costs
[2026/02/09 03:56:12   WARN]         [AssetStore|Interaction] Unused key(s) in '**Weapon_Staff_Bo_Bamboo_InteractionVars_Staff_Cast_Summon_Charged_Interactions_0': Costs
[2026/02/09 03:56:12   WARN]         [AssetStore|Interaction] Unused key(s) in '**Weapon_Staff_Wood_Kweebec_InteractionVars_Staff_Cast_Summon_Charged_Interactions_0': Costs
[2026/02/09 03:56:12   WARN]         [AssetStore|Interaction] Unused key(s) in '**Weapon_Staff_Wood_Rotten_InteractionVars_Staff_Cast_Summon_Charged_Interactions_0': Costs
[2026/02/09 03:56:12   WARN]         [AssetStore|Interaction] Unused key(s) in '**Weapon_Staff_Frost_InteractionVars_Staff_Cast_Summon_Charged_Interactions_0': Costs
[2026/02/09 03:56:12   WARN]         [AssetStore|Interaction] Unused key(s) in '**Weapon_Staff_Crystal_Purple_InteractionVars_Staff_Cast_Summon_Charged_Interactions_0': Costs
[2026/02/09 03:56:12   WARN]         [AssetStore|Interaction] Unused key(s) in '**Template_Weapon_Shortbow_InteractionVars_Guard_Bash_Interactions_1': Effects, StatModifiers
[2026/02/09 03:56:12   WARN]         [AssetStore|Interaction] Unused key(s) in '**Weapon_Staff_Crystal_Red_InteractionVars_Staff_Cast_Summon_Charged_Interactions_0': Costs
[2026/02/09 03:56:12   WARN]         [AssetStore|Interaction] Unused key(s) in '**Weapon_Staff_Wizard_InteractionVars_Staff_Cast_Summon_Charged_Interactions_0': Costs
[2026/02/09 03:56:12   WARN]         [AssetStore|Interaction] Unused key(s) in '**Weapon_Staff_Crystal_Fire_Trork_InteractionVars_Staff_Cast_Summon_Charged_Interactions_0': Costs
[2026/02/09 03:56:12   WARN]         [AssetStore|Interaction] Unused key(s) in '**Weapon_Staff_Bronze_InteractionVars_Staff_Cast_Summon_Charged_Interactions_0': Costs
[2026/02/09 03:56:12   WARN]         [AssetStore|Interaction] Unused key(s) in '**Weapon_Staff_Onyxium_InteractionVars_Staff_Cast_Summon_Charged_Interactions_0': Costs
[2026/02/09 03:56:12   WARN]         [AssetStore|Interaction] Unused key(s) in '**Weapon_Staff_Crystal_Flame_InteractionVars_Fireball_Impact_2_Interactions_0': EntityStatsOnHit
[2026/02/09 03:56:12   WARN]         [AssetStore|Interaction] Unused key(s) in '**Weapon_Staff_Bo_Wood_InteractionVars_Staff_Cast_Summon_Charged_Interactions_0': Costs
[2026/02/09 03:56:12   WARN]         [AssetStore|Interaction] Unused key(s) in '**Weapon_Shield_Copper_InteractionVars_Guard_Bash_Interactions_0': Effects, StatModifiers
[2026/02/09 03:56:12   WARN]         [AssetStore|Interaction] Unused key(s) in '**Weapon_Staff_Crystal_Flame_InteractionVars_Fireball_Impact_3_Interactions_0': EntityStatsOnHit
[2026/02/09 03:56:12   WARN]         [AssetStore|Interaction] Unused key(s) in '***Plant_Crop_Mushroom_Glowing_Orange_Interactions_Secondary_Interactions_0_Next': Effects
[2026/02/09 03:56:12   WARN]         [AssetStore|Interaction] Unused key(s) in '***Plant_Crop_Mushroom_Glowing_Red_Interactions_Secondary_Interactions_0_Next': Effects
[2026/02/09 03:56:12   WARN]         [AssetStore|Interaction] Unused key(s) in '***Plant_Crop_Mushroom_Glowing_Green_Interactions_Secondary_Interactions_0_Next': Effects
[2026/02/09 03:56:12   WARN]         [AssetStore|Interaction] Unused key(s) in '***Plant_Crop_Mushroom_Glowing_Violet_Interactions_Secondary_Interactions_0_Next': Effects
[2026/02/09 03:56:12   WARN]         [AssetStore|Interaction] Unused key(s) in '***Plant_Seaweed_Grass_Stack_Interactions_Secondary_Interactions_0_Next': Effects
[2026/02/09 03:56:12   WARN]         [AssetStore|Interaction] Unused key(s) in '***Plant_Crop_Mushroom_Glowing_Purple_Interactions_Secondary_Interactions_0_Next': Effects
[2026/02/09 03:56:12   WARN]         [AssetStore|Interaction] Unused key(s) in '***Plant_Crop_Mushroom_Glowing_Blue_Interactions_Secondary_Interactions_0_Next': Effects
[2026/02/09 03:56:12   WARN]      [AssetStore|GameplayConfig] Unused key(s) in 'Default' file /Server/GameplayConfigs/Default.json: Ping
[2026/02/09 03:56:12   WARN]      [AssetStore|GameplayConfig] Unused key(s) in 'Default_Instance' file /Server/GameplayConfigs/Default_Instance.json: Death.LoseItems
[2026/02/09 03:56:12   INFO]            [AssetRegistryLoader] Took 4sec 523ms 55us 400ns to load all assets
[2026/02/09 03:56:12   INFO]                         [Hytale] Loading NPC assets phase...
[2026/02/09 03:56:12   INFO]                          [NPC|P] Starting to load NPC builders!
[2026/02/09 03:56:12   WARN]                          [NPC|P] Replacing asset 'Test_Patrol_Path' of file '/Server/NPC/Roles/_Core/Tests_Development/Test_Patrol_Path.json' with other file '/Server/NPC/Roles/_Core/Tests/Paths/Test_Patrol_Path.json'
[2026/02/09 03:56:13   INFO]                          [NPC|P] Validating loaded NPC configurations...
[2026/02/09 03:56:13   WARN]                          [NPC|P] Animation Eat does not exist for model Trillodon!
[2026/02/09 03:56:13   WARN]                          [NPC|P] Animation Curious does not exist for model Trillodon!
[2026/02/09 03:56:13   WARN]                          [NPC|P] Animation GreetAnimation does not exist for model Trillodon!
[2026/02/09 03:56:13   WARN]                          [NPC|P] Animation Eat does not exist for model Spark_Living!
[2026/02/09 03:56:13   WARN]                          [NPC|P] Animation Curious does not exist for model Spark_Living!
[2026/02/09 03:56:13   WARN]                          [NPC|P] Animation GreetAnimation does not exist for model Spark_Living!
[2026/02/09 03:56:13   WARN]                          [NPC|P] Animation GreetAnimation does not exist for model Tortoise!
[2026/02/09 03:56:14   WARN]                          [NPC|P] Animation Eat does not exist for model Lizard_Sand!
[2026/02/09 03:56:14   WARN]                          [NPC|P] Animation Curious does not exist for model Lizard_Sand!
[2026/02/09 03:56:14   WARN]                          [NPC|P] Animation GreetAnimation does not exist for model Lizard_Sand!
[2026/02/09 03:56:14   WARN]                          [NPC|P] Animation Wave does not exist for model Temple_Mithril_Guard!
[2026/02/09 03:56:14   WARN]                          [NPC|P] Animation Rally does not exist for model Outlander_Sorcerer!
[2026/02/09 03:56:14   WARN]                          [NPC|P] Animation Alerted does not exist for model Scarak_Broodmother!
[2026/02/09 03:56:14   WARN]                          [NPC|P] Animation Leap does not exist for model Goblin_Duke_Large!
[2026/02/09 03:56:14   WARN]                          [NPC|P] Animation Sleep does not exist for model Slug_Magma!
[2026/02/09 03:56:14   WARN]                          [NPC|P] Animation Alerted does not exist for model Slug_Magma!
[2026/02/09 03:56:14   WARN]                          [NPC|P] Animation Laydown does not exist for model Slug_Magma!
[2026/02/09 03:56:14   WARN]                          [NPC|P] Animation Wake does not exist for model Slug_Magma!
[2026/02/09 03:56:14   WARN]                          [NPC|P] Animation Eat does not exist for model Hatworm!
[2026/02/09 03:56:14   WARN]                          [NPC|P] Animation Curious does not exist for model Hatworm!
[2026/02/09 03:56:14   WARN]                          [NPC|P] Animation GreetAnimation does not exist for model Hatworm!
[2026/02/09 03:56:14   WARN]                          [NPC|P] Animation Leap does not exist for model Goblin_Duke!
[2026/02/09 03:56:14   WARN]                          [NPC|P] Animation Alerted does not exist for model Kweebec_Rootling!
[2026/02/09 03:56:14   WARN]                          [NPC|P] Animation Sleep does not exist for model Tuluk_Fisherman!
[2026/02/09 03:56:14   WARN]                          [NPC|P] Animation Alerted does not exist for model Tuluk_Fisherman!
[2026/02/09 03:56:14   WARN]                          [NPC|P] Animation Laydown does not exist for model Tuluk_Fisherman!
[2026/02/09 03:56:14   WARN]                          [NPC|P] Animation Wake does not exist for model Tuluk_Fisherman!
[2026/02/09 03:56:14   WARN]                          [NPC|P] Animation Alerted does not exist for model Scarak_Broodmother!
[2026/02/09 03:56:14   WARN]                          [NPC|P] Animation Wave does not exist for model Frog_Blue!
[2026/02/09 03:56:14   WARN]                          [NPC|P] Animation Wave does not exist for model Frog_Orange!
[2026/02/09 03:56:14   WARN]                          [NPC|P] Animation Alerted does not exist for model Scarak_Broodmother!
[2026/02/09 03:56:14   WARN]                          [NPC|P] Animation Leap does not exist for model Goblin_Duke!
[2026/02/09 03:56:14   WARN]                          [NPC|P] Animation Sleep does not exist for model Wraith_Lantern!
[2026/02/09 03:56:14   WARN]                          [NPC|P] Animation Alerted does not exist for model Wraith_Lantern!
[2026/02/09 03:56:14   WARN]                          [NPC|P] Animation Laydown does not exist for model Wraith_Lantern!
[2026/02/09 03:56:14   WARN]                          [NPC|P] Animation Wake does not exist for model Wraith_Lantern!
[2026/02/09 03:56:14   WARN]                          [NPC|P] Animation Rally does not exist for model Outlander_Priest!
[2026/02/09 03:56:14   INFO]                          [NPC|P] Validation complete.
[2026/02/09 03:56:14   INFO]                          [NPC|P] Loaded 897 NPC configurations, Test: 243, Component: 143, Abstract: 51, Variant: 418, Generic: 44
[2026/02/09 03:56:14   INFO]                         [Hytale] Loading NPC assets phase completed! Boot time 11sec 47ms 451us 600ns, Took 1sec 597ms 189us 900ns
[2026/02/09 03:56:14   INFO]                         [Hytale] Validating Spawn assets phase...
[2026/02/09 03:56:14   INFO]                         [Hytale] Spawn assets validation phase completed! Boot time 11sec 49ms 96us 400ns, Took 1ms 221us 500ns
[2026/02/09 03:56:14   INFO]                   [I18nModule|P] Loaded 7870 entries for 'en-US' from /Server/Languages
[2026/02/09 03:56:14   INFO]                   [I18nModule|P] Loaded 51 entries from /Server/Languages/fallback.lang
[2026/02/09 03:56:14   INFO]                   [HytaleServer] Starting plugin manager...
[2026/02/09 03:56:14   INFO]                  [PluginManager] Enabled plugin Hytale:WorldLocationCondition
[2026/02/09 03:56:14   INFO]                  [PluginManager] Enabled plugin Hytale:ServerManager
[2026/02/09 03:56:14   INFO]                  [PluginManager] Enabled plugin Hytale:SprintForce
[2026/02/09 03:56:14   INFO]                  [PluginManager] Enabled plugin Hytale:MigrationModule
[2026/02/09 03:56:14   INFO]                  [PluginManager] Enabled plugin Hytale:AssetModule
[2026/02/09 03:56:14   INFO]                  [PluginManager] Enabled plugin Hytale:ConsoleModule
[2026/02/09 03:56:14   INFO]                  [PluginManager] Enabled plugin Hytale:TimeModule
[2026/02/09 03:56:14   INFO]                  [PluginManager] Enabled plugin Hytale:CollisionModule
[2026/02/09 03:56:14   INFO]                  [PluginManager] Enabled plugin Hytale:DebugPlugin
[2026/02/09 03:56:14   INFO]                  [PluginManager] Enabled plugin Hytale:SplitVelocity
[2026/02/09 03:56:14   INFO]                  [PluginManager] Enabled plugin Hytale:Model
[2026/02/09 03:56:14   INFO]                  [PluginManager] Enabled plugin Hytale:CrouchSlide
[2026/02/09 03:56:14   INFO]                [ServerManager|P] Listening on /[0:0:0:0:0:0:0:0]:5520 and took 3ms 980us 300ns
[2026/02/09 03:56:14   INFO]                [ServerManager|P] Listening on /0.0.0.0:5520 and took 979us 400ns
[2026/02/09 03:56:14   INFO]                [ServerManager|P] Listening on /[0:0:0:0:0:0:0:1]:5520 and took 1ms 261us 800ns
[2026/02/09 03:56:14   INFO]                  [PluginManager] Enabled plugin Hytale:Universe
[2026/02/09 03:56:14   INFO]                  [PluginManager] Enabled plugin Hytale:TagSet
[2026/02/09 03:56:14   WARN]                   [UpdateModule] Update checker disabled: invalid folder layout. Expected to run from Server/ with Assets.zip and start.sh/bat in parent directory.
[2026/02/09 03:56:14   INFO]                  [PluginManager] Enabled plugin Hytale:UpdateModule
[2026/02/09 03:56:14   INFO]                  [PluginManager] Enabled plugin Hytale:AccessControlModule
[2026/02/09 03:56:14   INFO]                  [PluginManager] Enabled plugin Hytale:CommandMacro
[2026/02/09 03:56:14   INFO]                  [PluginManager] Enabled plugin Hytale:SafetyRoll
[2026/02/09 03:56:14   INFO]                  [PluginManager] Enabled plugin Hytale:HytaleGenerator
[2026/02/09 03:56:14   INFO]                  [PluginManager] Enabled plugin Hytale:ItemModule
[2026/02/09 03:56:14   INFO]                  [PluginManager] Enabled plugin Hytale:CommonAssetModule
[2026/02/09 03:56:14   INFO]                  [PluginManager] Enabled plugin Hytale:CosmeticsModule
[2026/02/09 03:56:14   INFO]                  [PluginManager] Enabled plugin Hytale:I18nModule
[2026/02/09 03:56:14   INFO]                  [PluginManager] Enabled plugin Hytale:LegacyModule
[2026/02/09 03:56:14   INFO]                  [PluginManager] Enabled plugin Hytale:LANDiscovery
[2026/02/09 03:56:14   INFO]                  [PluginManager] Enabled plugin Hytale:Mantling
[2026/02/09 03:56:14   INFO]                  [PluginManager] Enabled plugin Hytale:PermissionsModule
[2026/02/09 03:56:14   INFO]                  [PluginManager] Enabled plugin Hytale:Deployables
[2026/02/09 03:56:14   INFO]                  [PluginManager] Enabled plugin Hytale:BlockSetModule
[2026/02/09 03:56:14   INFO]                  [PluginManager] Enabled plugin Hytale:FlyCameraModule
[2026/02/09 03:56:14   INFO]                  [PluginManager] Enabled plugin Hytale:EntityModule
[2026/02/09 03:56:14   INFO]                  [PluginManager] Enabled plugin Hytale:BlockTick
[2026/02/09 03:56:14   INFO]                  [PluginManager] Enabled plugin Hytale:BlockHealthModule
[2026/02/09 03:56:14   INFO]                  [PluginManager] Enabled plugin Hytale:InteractionModule
[2026/02/09 03:56:14   INFO]                  [PluginManager] Enabled plugin Hytale:ServerPlayerListModule
[2026/02/09 03:56:14   INFO]                  [PluginManager] Enabled plugin Hytale:ConnectedBlocksModule
[2026/02/09 03:56:14   INFO]                  [PluginManager] Enabled plugin Hytale:BlockTypeModule
[2026/02/09 03:56:14   INFO]                  [PluginManager] Enabled plugin Hytale:BlockModule
[2026/02/09 03:56:14   INFO]                  [PluginManager] Enabled plugin Hytale:Weather
[2026/02/09 03:56:14   INFO]                  [PluginManager] Enabled plugin Hytale:Reputation
[2026/02/09 03:56:14   INFO]                  [PluginManager] Enabled plugin Hytale:Parkour
[2026/02/09 03:56:14   INFO]                  [PluginManager] Enabled plugin Hytale:ProjectileModule
[2026/02/09 03:56:14   INFO]                  [PluginManager] Enabled plugin Hytale:Teleport
[2026/02/09 03:56:14   INFO]                  [PluginManager] Enabled plugin Hytale:WorldGen
[2026/02/09 03:56:14   INFO]                  [PluginManager] Enabled plugin Hytale:BlockStateModule
[2026/02/09 03:56:14   INFO]                  [PluginManager] Enabled plugin Hytale:AssetEditor
[2026/02/09 03:56:14   INFO]                  [PluginManager] Enabled plugin Hytale:Ambience
[2026/02/09 03:56:14   INFO]                  [PluginManager] Enabled plugin Hytale:Teleporter
[2026/02/09 03:56:14   INFO]                  [PluginManager] Enabled plugin Hytale:BlockPhysics
[2026/02/09 03:56:14   INFO]                  [World|default] Loading world 'default' with generator type: 'HytaleWorldGenProvider{name='Default', path='null'}' and chunk storage: 'DefaultChunkStorageProvider{DEFAULT=IndexedStorageChunkStorageProvider{}}'...
[2026/02/09 03:56:14   INFO]                  [PluginManager] Enabled plugin Hytale:BuilderTools
[2026/02/09 03:56:14   INFO]                  [PluginManager] Enabled plugin Hytale:Farming
[2026/02/09 03:56:14   INFO]                  [PluginManager] Enabled plugin Hytale:Fluid
[2026/02/09 03:56:14   INFO]                [BarterShopState] No saved barter shop state found, starting fresh
[2026/02/09 03:56:14   INFO]                         [Shop|P] Barter shop state initialized
[2026/02/09 03:56:14   INFO]                  [PluginManager] Enabled plugin Hytale:Shop
[2026/02/09 03:56:14   INFO]                  [PluginManager] Enabled plugin Hytale:Crafting
[2026/02/09 03:56:14   INFO]                  [PluginManager] Enabled plugin Hytale:SingleplayerModule
[2026/02/09 03:56:14   INFO]                  [PluginManager] Enabled plugin Hytale:ShopReputation
[2026/02/09 03:56:14   INFO]                  [PluginManager] Enabled plugin Hytale:EntityStatsModule
[2026/02/09 03:56:14   INFO]                  [PluginManager] Enabled plugin Hytale:BlockSpawner
[2026/02/09 03:56:14   INFO]                  [PluginManager] Enabled plugin Hytale:PrefabSpawnerModule
[2026/02/09 03:56:14   INFO]                  [PluginManager] Enabled plugin Hytale:Instances
[2026/02/09 03:56:14   INFO]                  [PluginManager] Enabled plugin Hytale:Objectives
[2026/02/09 03:56:14   INFO]                  [PluginManager] Enabled plugin Hytale:Path
[2026/02/09 03:56:14   INFO]                  [PluginManager] Enabled plugin Hytale:EntityUIModule
[2026/02/09 03:56:14   INFO]                  [PluginManager] Enabled plugin Hytale:Stash
[2026/02/09 03:56:14   INFO]                  [PluginManager] Enabled plugin Hytale:StaminaModule
[2026/02/09 03:56:14   INFO]                  [PluginManager] Enabled plugin Hytale:ObjectiveShop
[2026/02/09 03:56:14   INFO]                  [PluginManager] Enabled plugin Hytale:ObjectiveReputation
[2026/02/09 03:56:14   INFO]                  [PluginManager] Enabled plugin Hytale:CreativeHub
[2026/02/09 03:56:14   INFO]                  [PluginManager] Enabled plugin Hytale:DamageModule
[2026/02/09 03:56:14   INFO]                  [PluginManager] Enabled plugin Hytale:Camera
[2026/02/09 03:56:14   INFO]                  [PluginManager] Enabled plugin Hytale:NPC
[2026/02/09 03:56:14   INFO]                  [PluginManager] Enabled plugin Hytale:Mounts
[2026/02/09 03:56:14   INFO]                  [PluginManager] Enabled plugin Hytale:Flock
[2026/02/09 03:56:14   INFO]                  [PluginManager] Enabled plugin Hytale:NPCEditor
[2026/02/09 03:56:14   INFO]                  [World|default] Added world 'default' - Seed: 1770609374184, GameTime: 0001-01-01T05:30:00Z
[2026/02/09 03:56:14   INFO]                  [PluginManager] Enabled plugin Hytale:Memories
[2026/02/09 03:56:14   INFO]                  [PluginManager] Enabled plugin Hytale:NPCShop
[2026/02/09 03:56:14   INFO]                  [PluginManager] Enabled plugin Hytale:Beds
[2026/02/09 03:56:14   INFO]                  [PluginManager] Enabled plugin Hytale:Portals
[2026/02/09 03:56:14   INFO]                  [PluginManager] Enabled plugin Hytale:NPCCombatActionEvaluator
[2026/02/09 03:56:14   INFO]                  [PluginManager] Enabled plugin Hytale:NPCReputation
[2026/02/09 03:56:14   INFO]                     [Spawning|P] Successfully set up 96 world spawn configurations
[2026/02/09 03:56:14   INFO]                     [Spawning|P] Successfully set up 75 beacon spawn configurations
[2026/02/09 03:56:14   INFO]                  [PluginManager] Enabled plugin Hytale:Spawning
[2026/02/09 03:56:14   INFO]                  [PluginManager] Enabled plugin Hytale:NPCObjectives
[2026/02/09 03:56:14   INFO]                   [HytaleServer] Plugin manager started! Startup time so far: 11sec 159ms 824us 700ns
[2026/02/09 03:56:14   INFO]                   [HytaleServer] Getting Hytale Universe ready...
[2026/02/09 03:56:14   INFO]                 [WorldGenerator] Set prefab-store to: ASSETS
[2026/02/09 03:56:15   INFO]                 [WorldGenerator] Initialized ChunkGenerator-0 executor
[2026/02/09 03:56:15   INFO]                 [WorldGenerator] Found location for unique zone 'Zone1_Spawn' -> Position: {-153, 127}, Score: 95.08%, Time: 2ms
[2026/02/09 03:56:15   INFO]                 [WorldGenerator] Found location for unique zone 'Zone1_Temple' -> Position: {-167, 376}, Score: 88.29%, Time: 1ms
[2026/02/09 03:56:15   INFO]                [World|default|M] Initializing world map generator: com.hypixel.hytale.server.worldgen.map.GeneratorChunkWorldMap@28e9fa2
[2026/02/09 03:56:15   INFO]                [World|default|M] Generating Points of Interest...
[2026/02/09 03:56:15   INFO]                [World|default|M] Finished Generating Points of Interest!
[2026/02/09 03:56:15   INFO]                     [Teleport|P] Loaded 0 warps (No warps.json found)
[2026/02/09 03:56:15   INFO]                   [HytaleServer] Universe ready!
[2026/02/09 03:56:15   INFO]                  [AssetModule|P] Total Loaded Assets: Interaction: 7186, RootInteraction: 5376, BlockType: 3953, Item: 3005, CraftingRecipe: 1643, ParticleSpawner: 1584, SoundEvent: 1161, ItemDropList: 728, ParticleSystem: 535, ModelAsset: 434, SpawnMarker: 243, BlockBoundingBoxes: 234, Condition: 228, ItemPlayerAnimations: 183, EntityEffect: 175, AmbienceFX: 167, TagPattern: 126, ResourceType: 124, Environment: 117, AssignmentsAsset: 111, ProjectileConfig: 111, WorldNPCSpawn: 96, AudioCategory: 94, CombatActionOption: 87, Weather: 86, Projectile: 86, PrefabListAsset: 77, BeaconNPCSpawn: 75, NPCGroup: 71, BiomeAsset: 69, Trail: 59, FlockAsset: 58, BlockSet: 56, BlockSoundSet: 53, CameraEffect: 49, CameraShake: 49, BalanceAsset: 48, BlockSpawnerTable: 46, BlockGroup: 43, ScriptedBrushAsset: 38, ItemSoundSet: 36, ModelVFX: 33, BlockParticleSet: 30, AttitudeGroup: 27, ReverbEffect: 22, ItemToolSpec: 17, DamageCause: 15, Fluid: 15, WorldStructureAsset: 14, EntityStatType: 13, ItemQuality: 12, ViewBobbing: 12, ObjectiveAsset: 12, ResponseCurve: 12, BlockTypeListAsset: 12, CustomConnectedBlockTemplateAsset: 11, BlockMigration: 11, DensityAsset: 9, MacroCommandBuilder: 8, FluidFX: 5, GameplayConfig: 5, PortalType: 5, ItemCategory: 4, ObjectiveLocationMarkerAsset: 4, GrowthModifierAsset: 4, BlockBreakingDecal: 4, EqualizerEffect: 3, UnarmedInteractions: 3, MovementConfig: 3, ItemReticleConfig: 3, SpawnSuppression: 3, SoundSet: 2, HitboxCollisionConfig: 2, RepulsionConfig: 2, BarterShopAsset: 2, GameModeType: 2, EntityUIComponent: 2, ObjectiveLineAsset: 2, PrefabEditorCreationSettings: 1, SettingsAsset: 1, ReachLocationMarkerAsset: 1, ItemAttitudeGroup: 1, FarmingCoopAsset: 1, WordList: 1, FieldcraftCategory: 1, BuilderToolItemReferenceAsset: 1, ReputationRank: 0, BlockMaskAsset: 0, ReputationGroup: 0, ShopAsset: 0, DeployableSpawner: 0
[2026/02/09 03:56:15   INFO]                   [HytaleServer] ===============================================================================================
[2026/02/09 03:56:15   INFO]                   [HytaleServer]          Hytale Server Booted! [Multiplayer, Fresh Universe] took 12sec 834ms 24us 200ns
[2026/02/09 03:56:15   INFO]                   [HytaleServer] ===============================================================================================
[2026/02/09 03:56:35   INFO]                  [QUICTransport] Received connection from QuicConnectionAddress{connId=} (/127.0.0.1:62852) to QuicConnectionAddress{connId=3345fb516d06500ca2c8b306d2a58dc97525ae66} (/0.0.0.0:5520)
[2026/02/09 03:56:35   INFO]                         [Hytale] Received stream QuicConnectionAddress{connId=3345fb516d06500ca2c8b306d2a58dc97525ae66} (/127.0.0.1:62852, streamId=0) to QuicConnectionAddress{connId=3345fb516d06500ca2c8b306d2a58dc97525ae66} (/0.0.0.0:5520, streamId=0)
[2026/02/09 03:56:35 FINEST]                    [LoginTiming] [{Initial(QuicConnectionAddress{connId=3345fb516d06500ca2c8b306d2a58dc97525ae66} (/127.0.0.1:62852, streamId=0))}] Entering stage 'initial'
[2026/02/09 03:56:35   FINE]                    [LoginTiming] [{Initial(QuicConnectionAddress{connId=3345fb516d06500ca2c8b306d2a58dc97525ae66} (/127.0.0.1:62852, streamId=0))}] Registered took 459us 500ns
[2026/02/09 03:56:35   FINE]                    [LoginTiming] [{Initial(QuicConnectionAddress{connId=3345fb516d06500ca2c8b306d2a58dc97525ae66} (/127.0.0.1:62852, streamId=0))}] Connect took 169ms 140us 100ns
[2026/02/09 03:56:35   INFO]                         [Hytale] Starting development flow for OFME (93e8a8ed-d443-47a7-be67-97277b9ef260) from QuicConnectionAddress{connId=3345fb516d06500ca2c8b306d2a58dc97525ae66} (/127.0.0.1:62852, streamId=0)
[2026/02/09 03:56:35   INFO]          [PasswordPacketHandler] Connection complete for OFME (93e8a8ed-d443-47a7-be67-97277b9ef260), transitioning to setup
[2026/02/09 03:56:35 FINEST]                    [LoginTiming] [{Setup(QuicConnectionAddress{connId=3345fb516d06500ca2c8b306d2a58dc97525ae66} (/127.0.0.1:62852, streamId=0)), OFME, 93e8a8ed-d443-47a7-be67-97277b9ef260, SECURE}] Entering stage 'setup:world-settings' took 2ms 178us 200ns
[2026/02/09 03:56:35   FINE]                    [LoginTiming] [{Setup(QuicConnectionAddress{connId=3345fb516d06500ca2c8b306d2a58dc97525ae66} (/127.0.0.1:62852, streamId=0)), OFME, 93e8a8ed-d443-47a7-be67-97277b9ef260, SECURE}] Load Player Config took 1ms 229us 800ns
[2026/02/09 03:56:35 FINEST]                    [LoginTiming] [{Setup(QuicConnectionAddress{connId=3345fb516d06500ca2c8b306d2a58dc97525ae66} (/127.0.0.1:62852, streamId=0)), OFME, 93e8a8ed-d443-47a7-be67-97277b9ef260, SECURE}] Entering stage 'setup:assets-request' took 52ms 151us 300ns
[2026/02/09 03:56:36   FINE]                    [LoginTiming] [{Setup(QuicConnectionAddress{connId=3345fb516d06500ca2c8b306d2a58dc97525ae66} (/127.0.0.1:62852, streamId=0)), OFME, 93e8a8ed-d443-47a7-be67-97277b9ef260, SECURE}] Request Assets took 154ms 168us 400ns
[2026/02/09 03:56:36 FINEST]                    [LoginTiming] [{Setup(QuicConnectionAddress{connId=3345fb516d06500ca2c8b306d2a58dc97525ae66} (/127.0.0.1:62852, streamId=0)), OFME, 93e8a8ed-d443-47a7-be67-97277b9ef260, SECURE}] Entering stage 'setup:send-assets' took 1ms 148us 800ns
[2026/02/09 03:56:36   FINE]                    [LoginTiming] [{Setup(QuicConnectionAddress{connId=3345fb516d06500ca2c8b306d2a58dc97525ae66} (/127.0.0.1:62852, streamId=0)), OFME, 93e8a8ed-d443-47a7-be67-97277b9ef260, SECURE}] Send Common Assets took 147us 200ns
[2026/02/09 03:56:36   WARN]                         [Hytale] Missing interaction Effect
[2026/02/09 03:56:36   FINE]                    [LoginTiming] [{Setup(QuicConnectionAddress{connId=3345fb516d06500ca2c8b306d2a58dc97525ae66} (/127.0.0.1:62852, streamId=0)), OFME, 93e8a8ed-d443-47a7-be67-97277b9ef260, SECURE}] Send Config Assets took 403ms 743us 800ns
[2026/02/09 03:56:38   FINE]                    [LoginTiming] [{Setup(QuicConnectionAddress{connId=3345fb516d06500ca2c8b306d2a58dc97525ae66} (/127.0.0.1:62852, streamId=0)), OFME, 93e8a8ed-d443-47a7-be67-97277b9ef260, SECURE}] Player Options took 2sec 354ms 614us 900ns
[2026/02/09 03:56:38   INFO]                     [Universe|P] Adding player 'OFME (93e8a8ed-d443-47a7-be67-97277b9ef260)
[2026/02/09 03:56:38 FINEST]                    [LoginTiming] [{Setup(QuicConnectionAddress{connId=3345fb516d06500ca2c8b306d2a58dc97525ae66} (/127.0.0.1:62852, streamId=0)), OFME, 93e8a8ed-d443-47a7-be67-97277b9ef260, SECURE}] Load Player Config took 10ms 551us 100ns
[2026/02/09 03:56:38 FINEST]                    [LoginTiming] [{Playing(QuicConnectionAddress{connId=3345fb516d06500ca2c8b306d2a58dc97525ae66} (/127.0.0.1:62852, streamId=0)), 93e8a8ed-d443-47a7-be67-97277b9ef260, OFME}] Processed Referral took 2ms 74us 700ns
[2026/02/09 03:56:38   WARN]                         [Hytale] {Playing(QuicConnectionAddress{connId=3345fb516d06500ca2c8b306d2a58dc97525ae66} (/127.0.0.1:62852, streamId=0)), 93e8a8ed-d443-47a7-be67-97277b9ef260, OFME} Added future for ClientReady packet?
[2026/02/09 03:56:38   INFO]                  [World|default] Adding player 'OFME' to world 'default' at location null (93e8a8ed-d443-47a7-be67-97277b9ef260)
[2026/02/09 03:56:38   INFO]                         [Hytale] {Playing(QuicConnectionAddress{connId=3345fb516d06500ca2c8b306d2a58dc97525ae66} (/127.0.0.1:62852, streamId=0)), 93e8a8ed-d443-47a7-be67-97277b9ef260, OFME}: Sent com.hypixel.hytale.protocol.packets.player.JoinWorld@16190f81
[2026/02/09 03:56:38 FINEST]                    [LoginTiming] [{Playing(QuicConnectionAddress{connId=3345fb516d06500ca2c8b306d2a58dc97525ae66} (/127.0.0.1:62852, streamId=0)), 93e8a8ed-d443-47a7-be67-97277b9ef260, OFME}] Entering stage 'setup:add-to-universe' took 20ms 962us 400ns
[2026/02/09 03:56:39   WARN]                         [Hytale] {Playing(QuicConnectionAddress{connId=3345fb516d06500ca2c8b306d2a58dc97525ae66} (/127.0.0.1:62852, streamId=0)), 93e8a8ed-d443-47a7-be67-97277b9ef260, OFME}: Received com.hypixel.hytale.protocol.packets.player.ClientReady@9da7
[2026/02/09 03:56:43 SEVERE]                     [ChunkStore] Took too long to pre-load process chunk: 50ms 128us 600ns > TICK_STEP, Has GC Run: true, WorldChunk{x=-6, z=3, flags=00000000000000000000000000000100}
[2026/02/09 03:56:43   INFO]                         [Entity] Assigning default gamemode Adventure to player!
[2026/02/09 03:56:43   INFO]                  [World|default] Player 'OFME' joined world 'default' at location Vector3d{x=-161.5, y=120.10000002384186, z=127.5} (93e8a8ed-d443-47a7-be67-97277b9ef260)
[2026/02/09 03:56:43 FINEST]                    [LoginTiming] [{Playing(QuicConnectionAddress{connId=3345fb516d06500ca2c8b306d2a58dc97525ae66} (/127.0.0.1:62852, streamId=0)), 93e8a8ed-d443-47a7-be67-97277b9ef260, OFME}] Add to World took 4sec 919ms 306us
[2026/02/09 03:56:43   FINE]                    [LoginTiming] [{Playing(QuicConnectionAddress{connId=3345fb516d06500ca2c8b306d2a58dc97525ae66} (/127.0.0.1:62852, streamId=0)), 93e8a8ed-d443-47a7-be67-97277b9ef260, OFME}] Add To Universe took 319us 800ns
[2026/02/09 03:56:43   WARN]                  [World|default] Task took 75ms 217us 900ns ns: java.util.concurrent.CompletableFuture$UniApply@73f26b07
[2026/02/09 03:56:43   INFO]                [WorldMapTracker] Started Generating Map!
[2026/02/09 03:56:43   WARN]                         [Entity] getPositionComponent called async [CONTEXT ratelimit_period="5 MINUTES" ]
java.lang.Throwable
	at com.hypixel.hytale.server.core.entity.Entity.getTransformComponent(Entity.java:278)
	at com.hypixel.hytale.server.core.universe.world.WorldMapTracker.tick(WorldMapTracker.java:138)
	at com.hypixel.hytale.server.core.universe.world.worldmap.WorldMapManager.tick(WorldMapManager.java:148)
	at com.hypixel.hytale.server.core.util.thread.TickingThread.run(TickingThread.java:89)
	at java.base/java.lang.Thread.run(Thread.java:1583)

[2026/02/09 03:56:43   WARN]                     [Spawning|P] Marker e48c96e2-5d09-359d-a9bb-71a3f433584e at Vector3d{x=-175.0381622314453, y=37.0, z=116.0682144165039} removed due to repeated spawning fails of Skeleton_Incandescent_Fighter with reason: TOO_HIGH
[2026/02/09 03:56:44 SEVERE]                     [ChunkStore] Took too long to pre-load process chunk: 42ms 452us 100ns > TICK_STEP, Has GC Run: false, WorldChunk{x=-6, z=5, flags=00000000000000000000000000000100}
[2026/02/09 03:56:44 SEVERE]                  [World|default] Took too long to run pre-load process hook for chunk: 44ms 703us > TICK_STEP, WorldChunk{x=-7, z=4, flags=00000000000000000000000000000100}, Hook: com.hypixel.hytale.server.core.modules.block.BlockModule$$Lambda/0x000001b6599dbf88@35e7fcf2
[2026/02/09 03:56:44 SEVERE]                  [World|default] Took too long to run pre-load process hook for chunk: 75ms 940us 300ns > TICK_STEP, Has GC Run: true, WorldChunk{x=-5, z=3, flags=00000000000000000000000000000100}, Hook: com.hypixel.hytale.server.core.modules.block.BlockModule$$Lambda/0x000001b6599dbf88@35e7fcf2
[2026/02/09 03:56:44   WARN]                     [Spawning|P] Marker 13a219f7-a713-316b-9372-318ab363ca7d at Vector3d{x=-192.2139434814453, y=42.0, z=129.89829635620117} removed due to repeated spawning fails of Skeleton_Incandescent_Mage with reason: TOO_HIGH
[2026/02/09 03:56:44 SEVERE]                  [World|default] Took too long to run pre-load process hook for chunk: 60ms 688us 600ns > TICK_STEP, WorldChunk{x=-8, z=5, flags=00000000000000000000000000000100}, Hook: com.hypixel.hytale.server.core.modules.block.BlockModule$$Lambda/0x000001b6599dbf88@35e7fcf2
[2026/02/09 03:56:44 SEVERE]                     [ChunkStore] Took too long to pre-load process chunk: 40ms 597us 400ns > TICK_STEP, Has GC Run: false, WorldChunk{x=-7, z=3, flags=00000000000000000000000000000100}
[2026/02/09 03:56:44 SEVERE]                  [World|default] Took too long to run pre-load process hook for chunk: 55ms 834us 900ns > TICK_STEP, WorldChunk{x=-8, z=2, flags=00000000000000000000000000000100}, Hook: com.hypixel.hytale.server.core.modules.block.BlockModule$$Lambda/0x000001b6599dbf88@35e7fcf2
[2026/02/09 03:56:44 SEVERE]                  [World|default] Took too long to run pre-load process hook for chunk: 39ms 619us 500ns > TICK_STEP, WorldChunk{x=-8, z=3, flags=00000000000000000000000000000100}, Hook: com.hypixel.hytale.server.core.modules.block.BlockModule$$Lambda/0x000001b6599dbf88@35e7fcf2
[2026/02/09 03:56:44 SEVERE]                     [ChunkStore] Took too long to pre-load process chunk: 53ms 601us 600ns > TICK_STEP, Has GC Run: false, WorldChunk{x=-7, z=2, flags=00000000000000000000000000000100}
[2026/02/09 03:56:44 SEVERE]                     [ChunkStore] Took too long to pre-load process chunk: 39ms 324us 100ns > TICK_STEP, Has GC Run: false, WorldChunk{x=-7, z=5, flags=00000000000000000000000000000100}
[2026/02/09 03:56:45 SEVERE]                     [ChunkStore] Took too long to pre-load process chunk: 44ms 764us > TICK_STEP, Has GC Run: false, WorldChunk{x=-3, z=4, flags=00000000000000000000000000000100}
[2026/02/09 03:56:45 SEVERE]                     [ChunkStore] Took too long to pre-load process chunk: 41ms 654us 200ns > TICK_STEP, Has GC Run: false, WorldChunk{x=-3, z=5, flags=00000000000000000000000000000100}
[2026/02/09 03:56:45 SEVERE]                     [ChunkStore] Took too long to pre-load process chunk: 42ms 75us > TICK_STEP, Has GC Run: true, WorldChunk{x=-9, z=4, flags=00000000000000000000000000000100}
[2026/02/09 03:56:45 SEVERE]                     [ChunkStore] Took too long to pre-load process chunk: 48ms 537us 700ns > TICK_STEP, Has GC Run: false, WorldChunk{x=-9, z=3, flags=00000000000000000000000000000100}
[2026/02/09 03:56:45 SEVERE]                  [World|default] Took too long to run pre-load process hook for chunk: 37ms 436us 900ns > TICK_STEP, WorldChunk{x=-9, z=5, flags=00000000000000000000000000000100}, Hook: com.hypixel.hytale.server.core.modules.block.BlockModule$$Lambda/0x000001b6599dbf88@35e7fcf2
[2026/02/09 03:56:45 SEVERE]                  [World|default] Took too long to run pre-load process hook for chunk: 34ms 513us 300ns > TICK_STEP, WorldChunk{x=-9, z=6, flags=00000000000000000000000000000100}, Hook: com.hypixel.hytale.server.core.modules.block.BlockModule$$Lambda/0x000001b6599dbf88@35e7fcf2
[2026/02/09 03:56:45 SEVERE]                  [World|default] Took too long to run pre-load process hook for chunk: 34ms 245us 700ns > TICK_STEP, WorldChunk{x=-9, z=2, flags=00000000000000000000000000000100}, Hook: com.hypixel.hytale.server.core.modules.block.BlockModule$$Lambda/0x000001b6599dbf88@35e7fcf2
[2026/02/09 03:56:45 SEVERE]                  [World|default] Took too long to run pre-load process hook for chunk: 39ms 912us 800ns > TICK_STEP, WorldChunk{x=-8, z=1, flags=00000000000000000000000000000100}, Hook: com.hypixel.hytale.server.core.modules.block.BlockModule$$Lambda/0x000001b6599dbf88@35e7fcf2
[2026/02/09 03:56:45 SEVERE]                  [World|default] Took too long to run pre-load process hook for chunk: 42ms 461us 600ns > TICK_STEP, WorldChunk{x=-7, z=1, flags=00000000000000000000000000000100}, Hook: com.hypixel.hytale.builtin.blocktick.BlockTickPlugin$$Lambda/0x000001b659910000@7c857e8f
[2026/02/09 03:56:45 SEVERE]                  [World|default] Took too long to run pre-load process hook for chunk: 41ms 643us 100ns > TICK_STEP, WorldChunk{x=-4, z=2, flags=00000000000000000000000000000100}, Hook: com.hypixel.hytale.server.core.modules.block.BlockModule$$Lambda/0x000001b6599dbf88@35e7fcf2
[2026/02/09 03:56:45 SEVERE]                  [World|default] Took too long to run pre-load process hook for chunk: 58ms 266us 600ns > TICK_STEP, WorldChunk{x=-4, z=3, flags=00000000000000000000000000000100}, Hook: com.hypixel.hytale.server.core.modules.block.BlockModule$$Lambda/0x000001b6599dbf88@35e7fcf2
[2026/02/09 03:56:45 SEVERE]                  [World|default] Took too long to run pre-load process hook for chunk: 60ms 163us 500ns > TICK_STEP, WorldChunk{x=-3, z=3, flags=00000000000000000000000000000100}, Hook: com.hypixel.hytale.server.core.modules.block.BlockModule$$Lambda/0x000001b6599dbf88@35e7fcf2
[2026/02/09 03:56:45 SEVERE]                  [World|default] Took too long to run pre-load process hook for chunk: 35ms 438us 200ns > TICK_STEP, WorldChunk{x=-6, z=2, flags=00000000000000000000000000000100}, Hook: com.hypixel.hytale.builtin.blocktick.BlockTickPlugin$$Lambda/0x000001b659910000@7c857e8f
[2026/02/09 03:56:45 SEVERE]                  [World|default] Took too long to run pre-load process hook for chunk: 85ms 443us 600ns > TICK_STEP, WorldChunk{x=-7, z=1, flags=00000000000000000000000000000100}, Hook: com.hypixel.hytale.server.core.modules.block.BlockModule$$Lambda/0x000001b6599dbf88@35e7fcf2
[2026/02/09 03:56:45 SEVERE]                  [World|default] Took too long to run pre-load process hook for chunk: 58ms 654us 500ns > TICK_STEP, WorldChunk{x=-6, z=1, flags=00000000000000000000000000000100}, Hook: com.hypixel.hytale.builtin.blocktick.BlockTickPlugin$$Lambda/0x000001b659910000@7c857e8f
[2026/02/09 03:56:45 SEVERE]                  [World|default] Took too long to run pre-load process hook for chunk: 79ms 400us 600ns > TICK_STEP, WorldChunk{x=-5, z=2, flags=00000000000000000000000000000100}, Hook: com.hypixel.hytale.server.core.modules.block.BlockModule$$Lambda/0x000001b6599dbf88@35e7fcf2
[2026/02/09 03:56:45 SEVERE]                  [World|default] Took too long to run pre-load process hook for chunk: 58ms 710us 700ns > TICK_STEP, WorldChunk{x=-5, z=1, flags=00000000000000000000000000000100}, Hook: com.hypixel.hytale.server.core.modules.block.BlockModule$$Lambda/0x000001b6599dbf88@35e7fcf2
[2026/02/09 03:56:45 SEVERE]                  [World|default] Took too long to run pre-load process hook for chunk: 95ms 155us 300ns > TICK_STEP, WorldChunk{x=-6, z=2, flags=00000000000000000000000000000100}, Hook: com.hypixel.hytale.server.core.modules.block.BlockModule$$Lambda/0x000001b6599dbf88@35e7fcf2
[2026/02/09 03:56:45 SEVERE]                  [World|default] Took too long to run pre-load process hook for chunk: 37ms 988us 300ns > TICK_STEP, WorldChunk{x=-8, z=0, flags=00000000000000000000000000000100}, Hook: com.hypixel.hytale.server.core.modules.block.BlockModule$$Lambda/0x000001b6599dbf88@35e7fcf2
[2026/02/09 03:56:45 SEVERE]                  [World|default] Took too long to run pre-load process hook for chunk: 101ms 282us 100ns > TICK_STEP, WorldChunk{x=-3, z=6, flags=00000000000000000000000000000100}, Hook: com.hypixel.hytale.server.core.modules.block.BlockModule$$Lambda/0x000001b6599dbf88@35e7fcf2
[2026/02/09 03:56:45 SEVERE]                  [World|default] Took too long to run pre-load process hook for chunk: 43ms 428us 700ns > TICK_STEP, WorldChunk{x=-3, z=1, flags=00000000000000000000000000000100}, Hook: com.hypixel.hytale.server.core.modules.block.BlockModule$$Lambda/0x000001b6599dbf88@35e7fcf2
[2026/02/09 03:56:45 SEVERE]                  [World|default] Took too long to run pre-load process hook for chunk: 42ms 385us 500ns > TICK_STEP, WorldChunk{x=-3, z=2, flags=00000000000000000000000000000100}, Hook: com.hypixel.hytale.server.core.modules.block.BlockModule$$Lambda/0x000001b6599dbf88@35e7fcf2
[2026/02/09 03:56:45 SEVERE]                     [ChunkStore] Took too long to pre-load process chunk: 34ms 749us 700ns > TICK_STEP, Has GC Run: false, WorldChunk{x=-4, z=1, flags=00000000000000000000000000000100}
[2026/02/09 03:56:45 SEVERE]                  [World|default] Took too long to run pre-load process hook for chunk: 147ms 312us 900ns > TICK_STEP, WorldChunk{x=-6, z=1, flags=00000000000000000000000000000100}, Hook: com.hypixel.hytale.server.core.modules.block.BlockModule$$Lambda/0x000001b6599dbf88@35e7fcf2
[2026/02/09 03:56:45 SEVERE]                     [ChunkStore] Took too long to pre-load process chunk: 61ms 337us 100ns > TICK_STEP, Has GC Run: false, WorldChunk{x=-7, z=0, flags=00000000000000000000000000000100}
[2026/02/09 03:56:46 SEVERE]                  [World|default] Took too long to run pre-load process hook for chunk: 62ms 416us 500ns > TICK_STEP, WorldChunk{x=-9, z=0, flags=00000000000000000000000000000100}, Hook: com.hypixel.hytale.server.core.modules.block.BlockModule$$Lambda/0x000001b6599dbf88@35e7fcf2
[2026/02/09 03:56:46 SEVERE]                     [ChunkStore] Took too long to pre-load process chunk: 42ms 8us 100ns > TICK_STEP, Has GC Run: false, WorldChunk{x=-2, z=5, flags=00000000000000000000000000000100}
[2026/02/09 03:56:46 SEVERE]                  [World|default] Took too long to run pre-load process hook for chunk: 42ms 850us 200ns > TICK_STEP, WorldChunk{x=-5, z=0, flags=00000000000000000000000000000100}, Hook: com.hypixel.hytale.server.core.modules.block.BlockModule$$Lambda/0x000001b6599dbf88@35e7fcf2
[2026/02/09 03:56:46 SEVERE]                  [World|default] Took too long to run pre-load process hook for chunk: 120ms 102us 100ns > TICK_STEP, WorldChunk{x=-6, z=0, flags=00000000000000000000000000000100}, Hook: com.hypixel.hytale.server.core.modules.block.BlockModule$$Lambda/0x000001b6599dbf88@35e7fcf2
[2026/02/09 03:56:46 SEVERE]                  [World|default] Took too long to run pre-load process hook for chunk: 62ms 496us 800ns > TICK_STEP, WorldChunk{x=-2, z=6, flags=00000000000000000000000000000100}, Hook: com.hypixel.hytale.server.core.modules.block.BlockModule$$Lambda/0x000001b6599dbf88@35e7fcf2
[2026/02/09 03:56:46 SEVERE]                  [World|default] Took too long to run pre-load process hook for chunk: 41ms 144us 200ns > TICK_STEP, WorldChunk{x=-2, z=2, flags=00000000000000000000000000000100}, Hook: com.hypixel.hytale.server.core.modules.block.BlockModule$$Lambda/0x000001b6599dbf88@35e7fcf2
[2026/02/09 03:56:46 SEVERE]                  [World|default] Took too long to run pre-load process hook for chunk: 36ms 146us 800ns > TICK_STEP, WorldChunk{x=-2, z=4, flags=00000000000000000000000000000100}, Hook: com.hypixel.hytale.server.core.modules.block.BlockModule$$Lambda/0x000001b6599dbf88@35e7fcf2
[2026/02/09 03:56:46 SEVERE]                  [World|default] Took too long to run pre-load process hook for chunk: 50ms 377us > TICK_STEP, WorldChunk{x=-2, z=7, flags=00000000000000000000000000000100}, Hook: com.hypixel.hytale.server.core.modules.block.BlockModule$$Lambda/0x000001b6599dbf88@35e7fcf2
[2026/02/09 03:56:46 SEVERE]                  [World|default] Took too long to run pre-load process hook for chunk: 67ms 68us 300ns > TICK_STEP, WorldChunk{x=-4, z=7, flags=00000000000000000000000000000100}, Hook: com.hypixel.hytale.server.core.modules.block.BlockModule$$Lambda/0x000001b6599dbf88@35e7fcf2
[2026/02/09 03:56:46 SEVERE]                  [World|default] Took too long to run pre-load process hook for chunk: 53ms 601us 600ns > TICK_STEP, WorldChunk{x=-5, z=7, flags=00000000000000000000000000000100}, Hook: com.hypixel.hytale.builtin.blocktick.BlockTickPlugin$$Lambda/0x000001b659910000@7c857e8f
[2026/02/09 03:56:46 SEVERE]                  [World|default] Took too long to run pre-load process hook for chunk: 69ms 145us > TICK_STEP, WorldChunk{x=-5, z=7, flags=00000000000000000000000000000100}, Hook: com.hypixel.hytale.server.core.modules.block.BlockModule$$Lambda/0x000001b6599dbf88@35e7fcf2
[2026/02/09 03:56:46 SEVERE]                  [World|default] Took too long to run pre-load process hook for chunk: 95ms 321us 600ns > TICK_STEP, Has GC Run: true, WorldChunk{x=-6, z=7, flags=00000000000000000000000000000100}, Hook: com.hypixel.hytale.server.core.modules.block.BlockModule$$Lambda/0x000001b6599dbf88@35e7fcf2
[2026/02/09 03:56:46 SEVERE] [World|default] Took too long to run pre-load process hook for chunk: 49ms 474us 500ns > TICK_STEP, Has GC Run: true, WorldChunk{x=-3, z=7, flags=00000000000000000000000000000100}, Hook: com.hypixel.hytale.server.core.modules.block.BlockModule$$Lambda/0x000001b6599dbf88@35e7fcf2
[2026/02/09 03:56:46 SEVERE] [World|default] Took too long to run pre-load process hook for chunk: 71ms 483us 900ns > TICK_STEP, WorldChunk{x=-3, z=0, flags=00000000000000000000000000000100}, Hook: com.hypixel.hytale.server.core.modules.block.BlockModule$$Lambda/0x000001b6599dbf88@35e7fcf2
[2026/02/09 03:56:46 SEVERE]    [ChunkStore] Took too long to pre-load process chunk: 34ms 458us 800ns > TICK_STEP, Has GC Run: false, WorldChunk{x=-10, z=5, flags=00000000000000000000000000000100}
[2026/02/09 03:56:46 SEVERE] [World|default] Took too long to run pre-load process hook for chunk: 44ms 705us 500ns > TICK_STEP, WorldChunk{x=-2, z=1, flags=00000000000000000000000000000100}, Hook: com.hypixel.hytale.builtin.blocktick.BlockTickPlugin$$Lambda/0x000001b659910000@7c857e8f
[2026/02/09 03:56:47 SEVERE] [World|default] Took too long to run pre-load process hook for chunk: 148ms 695us > TICK_STEP, Has GC Run: true, WorldChunk{x=-6, z=-1, flags=00000000000000000000000000000100}, Hook: com.hypixel.hytale.server.core.modules.block.BlockModule$$Lambda/0x000001b6599dbf88@35e7fcf2
[2026/02/09 03:56:47 SEVERE] [World|default] Took too long to run pre-load process hook for chunk: 37ms 908us 700ns > TICK_STEP, Has GC Run: true, WorldChunk{x=-9, z=-1, flags=00000000000000000000000000000100}, Hook: com.hypixel.hytale.server.core.modules.block.BlockModule$$Lambda/0x000001b6599dbf88@35e7fcf2
[2026/02/09 03:56:47 SEVERE] [World|default] Took too long to run pre-load process hook for chunk: 39ms 435us 200ns > TICK_STEP, WorldChunk{x=-2, z=-1, flags=00000000000000000000000000000100}, Hook: com.hypixel.hytale.server.core.modules.block.BlockModule$$Lambda/0x000001b6599dbf88@35e7fcf2
[2026/02/09 03:56:47 SEVERE] [World|default] Took too long to run pre-load process hook for chunk: 48ms 563us 700ns > TICK_STEP, Has GC Run: true, WorldChunk{x=-9, z=-1, flags=00000000000000000000000000000100}, Hook: com.hypixel.hytale.builtin.teleport.TeleportPlugin$$Lambda/0x000001b6599ee358@2d093067
[2026/02/09 03:56:48 SEVERE] [World|default] Took too long to run pre-load process hook for chunk: 41ms 38us 900ns > TICK_STEP, WorldChunk{x=-11, z=3, flags=00000000000000000000000000000100}, Hook: com.hypixel.hytale.server.core.modules.block.BlockModule$$Lambda/0x000001b6599dbf88@35e7fcf2
[2026/02/09 03:56:49 SEVERE]    [ChunkStore] Took too long to pre-load process chunk: 37ms 615us 400ns > TICK_STEP, Has GC Run: true, WorldChunk{x=-11, z=-2, flags=00000000000000000000000000000100}
[2026/02/09 03:56:49   INFO] [PrefabPathSystems$AddOrRemove] Migrating path marker from path Kweebec_Camp_Bath_006~1 to use new UUID 4748ce01-473e-3bf7-9cc4-23ec3888e597
[2026/02/09 03:56:49   INFO] [PrefabPathSystems$AddOrRemove] Migrating path marker from path Kweebec_Camp_Patrol_003~1 to use new UUID 627becf8-288d-3715-9742-efc5b268f78f
[2026/02/09 03:56:49   INFO] [PrefabPathSystems$AddOrRemove] Migrating path marker from path Kweebec_Camp_Patrol_003~1 to use new UUID 627becf8-288d-3715-9742-efc5b268f78f
[2026/02/09 03:56:49   INFO] [PrefabPathSystems$AddOrRemove] Migrating path marker from path Kweebec_Camp_Patrol_003~1 to use new UUID 627becf8-288d-3715-9742-efc5b268f78f
[2026/02/09 03:56:49   INFO] [PrefabPathSystems$AddOrRemove] Migrating path marker from path Kweebec_Camp_Patrol_003~1 to use new UUID 627becf8-288d-3715-9742-efc5b268f78f
[2026/02/09 03:56:49   INFO] [PrefabPathSystems$AddOrRemove] Migrating path marker from path Kweebec_Camp_Patrol_003~1 to use new UUID 627becf8-288d-3715-9742-efc5b268f78f
[2026/02/09 03:56:49   INFO] [PrefabPathSystems$AddOrRemove] Migrating path marker from path Kweebec_Camp_Bath_006~1 to use new UUID e182512c-3ca2-3dfb-bd47-51d71b75a3c8
[2026/02/09 03:56:49   WARN]                    [Spawning|P] Marker 0c9be27b-4814-351e-9417-93e23a2a923e at Vector3d{x=-78.07949447631836, y=37.0, z=62.015581130981445} removed due to repeated spawning fails of Golem_Firesteel with reason: NO_ROOM
[2026/02/09 03:56:50 SEVERE]                 [World|default] Took too long to run pre-load process hook for chunk: 37ms 915us 200ns > TICK_STEP, Has GC Run: true, WorldChunk{x=0, z=8, flags=00000000000000000000000000000100}, Hook: com.hypixel.hytale.builtin.blocktick.BlockTickPlugin$$Lambda/0x000001b659910000@7c857e8f
[2026/02/09 03:56:50 SEVERE]                    [ChunkStore] Took too long to pre-load process chunk: 34ms 185us 200ns > TICK_STEP, Has GC Run: false, WorldChunk{x=-3, z=9, flags=00000000000000000000000000000100}
[2026/02/09 03:56:50 SEVERE]                    [ChunkStore] Took too long to pre-load process chunk: 33ms 814us 700ns > TICK_STEP, Has GC Run: false, WorldChunk{x=-9, z=9, flags=00000000000000000000000000000100}
[2026/02/09 03:56:50 SEVERE]                    [ChunkStore] Took too long to pre-load process chunk: 51ms 637us 400ns > TICK_STEP, Has GC Run: false, WorldChunk{x=-8, z=9, flags=00000000000000000000000000000100}
[2026/02/09 03:56:50   WARN]                    [Spawning|P] Marker 9bb9e54d-7341-30d5-bee3-187cb666a888 at Vector3d{x=-180.6906337738037, y=34.0, z=-32.34469985961914} removed due to repeated spawning fails of Skeleton_Incandescent_Head with reason: TOO_HIGH
[2026/02/09 03:56:50   WARN]                    [Spawning|P] Marker c06603b9-58f8-3b0c-92eb-57d883399405 at Vector3d{x=-68.14299011230469, y=37.0, z=0.02877044677734375} removed due to repeated spawning fails of Skeleton_Incandescent_Fighter with reason: NO_ROOM
[2026/02/09 03:56:50   WARN]                    [Spawning|P] Marker 366323d3-d640-3a64-9b52-ad62157e80ef at Vector3d{x=-72.14299011230469, y=37.0, z=253.02877044677734} removed due to repeated spawning fails of Skeleton_Incandescent_Fighter with reason: TOO_HIGH
[2026/02/09 03:56:50   WARN]                    [Spawning|P] Marker c9e57ad1-dd4d-3200-8326-f28eb2fde9c4 at Vector3d{x=-71.43411254882812, y=68.0, z=7.982244491577148} removed due to repeated spawning fails of Goblin_Scavenger with reason: TOO_HIGH
[2026/02/09 03:56:50 SEVERE]                 [World|default] Took too long to run pre-load process hook for chunk: 621ms 91us 700ns > TICK_STEP, Has GC Run: true, WorldChunk{x=-1, z=9, flags=00000000000000000000000000000100}, Hook: com.hypixel.hytale.builtin.fluid.FluidPlugin$$Lambda/0x000001b659a96440@5246453e
[2026/02/09 03:56:51 SEVERE]                    [ChunkStore] Took too long to pre-load process chunk: 56ms 725us 400ns > TICK_STEP, Has GC Run: true, WorldChunk{x=-3, z=-3, flags=00000000000000000000000000000100}
[2026/02/09 03:56:51 SEVERE]                    [ChunkStore] Took too long to pre-load process chunk: 42ms 848us 700ns > TICK_STEP, Has GC Run: false, WorldChunk{x=-1, z=-3, flags=00000000000000000000000000000100}
[2026/02/09 03:56:51 SEVERE]                    [ChunkStore] Took too long to pre-load process chunk: 34ms 50us 200ns > TICK_STEP, Has GC Run: false, WorldChunk{x=-4, z=-3, flags=00000000000000000000000000000100}
[2026/02/09 03:56:51 SEVERE]                    [ChunkStore] Took too long to pre-load process chunk: 37ms 403us 200ns > TICK_STEP, Has GC Run: true, WorldChunk{x=1, z=3, flags=00000000000000000000000000000100}
[2026/02/09 03:56:51 SEVERE]                 [World|default] Took too long to run pre-load process hook for chunk: 35ms 890us 200ns > TICK_STEP, WorldChunk{x=1, z=1, flags=00000000000000000000000000000100}, Hook: com.hypixel.hytale.server.core.modules.block.BlockModule$$Lambda/0x000001b6599dbf88@35e7fcf2
[2026/02/09 03:56:51 SEVERE]                 [World|default] Took too long to run pre-load process hook for chunk: 40ms 932us 100ns > TICK_STEP, WorldChunk{x=1, z=4, flags=00000000000000000000000000000100}, Hook: com.hypixel.hytale.builtin.blocktick.BlockTickPlugin$$Lambda/0x000001b659910000@7c857e8f
[2026/02/09 03:56:51 SEVERE]                 [World|default] Took too long to run pre-load process hook for chunk: 33ms 977us 700ns > TICK_STEP, WorldChunk{x=1, z=7, flags=00000000000000000000000000000100}, Hook: com.hypixel.hytale.builtin.blocktick.BlockTickPlugin$$Lambda/0x000001b659910000@7c857e8f
[2026/02/09 03:56:52 SEVERE]                 [World|default] Took too long to run pre-load process hook for chunk: 44ms 243us 200ns > TICK_STEP, WorldChunk{x=-11, z=10, flags=00000000000000000000000000000100}, Hook: com.hypixel.hytale.builtin.fluid.FluidPlugin$$Lambda/0x000001b659a96440@5246453e
[2026/02/09 03:56:52   WARN]                    [Spawning|P] Marker 7cdba99a-d942-38e9-a5af-ab1af8fe7cdd at Vector3d{x=-376.07949447631836, y=37.0, z=124.01558113098145} removed due to repeated spawning fails of Golem_Firesteel with reason: NO_ROOM
[2026/02/09 03:56:52   WARN]                    [Spawning|P] Marker 0bcab08c-36c0-3420-a3de-ad8b7688bed5 at Vector3d{x=-191.59219620361327, y=53.00064376220698, z=-94.4585102783202} removed due to repeated spawning fails of Goblin_Scrapper with reason: TOO_HIGH
[2026/02/09 03:56:52   WARN]                    [Spawning|P] Marker 6e410cf3-6556-3dca-b1da-59e7b8f112b5 at Vector3d{x=-107.96998405456543, y=56.0, z=-53.149099349975586} removed due to repeated spawning fails of Goblin_Scrapper with reason: NO_ROOM
[2026/02/09 03:56:52 SEVERE]                    [ChunkStore] Took too long to pre-load process chunk: 35ms 88us 300ns > TICK_STEP, Has GC Run: true, WorldChunk{x=-7, z=-4, flags=00000000000000000000000000000100}
[2026/02/09 03:56:53 SEVERE]                    [ChunkStore] Took too long to pre-load process chunk: 33ms 668us 700ns > TICK_STEP, Has GC Run: false, WorldChunk{x=-12, z=-4, flags=00000000000000000000000000000100}
[2026/02/09 03:56:53 SEVERE]                 [World|default] Took too long to run pre-load process hook for chunk: 45ms 872us 100ns > TICK_STEP, WorldChunk{x=-5, z=-4, flags=00000000000000000000000000000100}, Hook: com.hypixel.hytale.server.core.modules.block.BlockModule$$Lambda/0x000001b6599dbf88@35e7fcf2
[2026/02/09 03:56:53 SEVERE]                    [ChunkStore] Took too long to pre-load process chunk: 34ms 653us 400ns > TICK_STEP, Has GC Run: true, WorldChunk{x=2, z=0, flags=00000000000000000000000000000100}
[2026/02/09 03:56:53 SEVERE]                    [ChunkStore] Took too long to pre-load process chunk: 35ms 906us 300ns > TICK_STEP, Has GC Run: false, WorldChunk{x=0, z=-4, flags=00000000000000000000000000000100}
[2026/02/09 03:56:53   WARN]                    [Spawning|P] Marker 184d9272-79a1-3835-9528-eff667cce82a at Vector3d{x=-365.4093432128906, y=60.99942705078125, z=137.3564664306641} removed due to repeated spawning fails of Goblin_Scrapper with reason: NO_ROOM
[2026/02/09 03:56:53   WARN]                    [Spawning|P] Marker acd12765-08ba-391b-b2e2-2081e4301027 at Vector3d{x=8.594237695312131, y=36.81916809082031, z=201.08096311035158} removed due to repeated spawning fails of Golem_Firesteel with reason: NO_ROOM
[2026/02/09 03:56:53   WARN]                    [Spawning|P] Marker c588f7ea-9f53-3d37-a1dc-23732b2b357c at Vector3d{x=-72.03816223144531, y=37.0, z=316.0682144165039} removed due to repeated spawning fails of Skeleton_Incandescent_Fighter with reason: TOO_HIGH
[2026/02/09 03:56:53   WARN]                    [Spawning|P] Marker c0f91ae4-bfd1-3d9b-a534-87e152902b19 at Vector3d{x=-354.1474461555481, y=35.0, z=167.37825393676758} removed due to repeated spawning fails of Skeleton_Incandescent_Fighter with reason: TOO_HIGH
[2026/02/09 03:56:53   WARN]                    [Spawning|P] Marker 8680b0ae-9695-3040-a84e-05689317ad20 at Vector3d{x=-116.14299011230469, y=37.0, z=312.02877044677734} removed due to repeated spawning fails of Skeleton_Incandescent_Fighter with reason: NO_ROOM
[2026/02/09 03:56:53   WARN]                    [Spawning|P] Marker 4ac3991b-ddd6-3f01-8c80-88aefd7311f2 at Vector3d{x=-365.7559814453125, y=69.0, z=129.34925842285156} removed due to repeated spawning fails of Goblin_Lobber with reason: TOO_HIGH
[2026/02/09 03:56:54 SEVERE]                 [World|default] Took too long to run pre-load process hook for chunk: 109ms 2us 500ns > TICK_STEP, Has GC Run: true, WorldChunk{x=1, z=11, flags=00000000000000000000000000000100}, Hook: com.hypixel.hytale.builtin.blocktick.BlockTickPlugin$$Lambda/0x000001b659910000@7c857e8f
[2026/02/09 03:56:54 SEVERE]                 [World|default] Took too long to run pre-load process hook for chunk: 41ms 509us 500ns > TICK_STEP, WorldChunk{x=-5, z=11, flags=00000000000000000000000000000100}, Hook: com.hypixel.hytale.server.core.modules.block.BlockModule$$Lambda/0x000001b6599dbf88@35e7fcf2
[2026/02/09 03:56:54 SEVERE]                 [World|default] Took too long to run pre-load process hook for chunk: 56ms 554us 700ns > TICK_STEP, Has GC Run: true, WorldChunk{x=-6, z=11, flags=00000000000000000000000000000100}, Hook: com.hypixel.hytale.server.core.modules.block.BlockModule$$Lambda/0x000001b6599dbf88@35e7fcf2
[2026/02/09 03:56:54   WARN]                        [Hytale] {Playing(QuicConnectionAddress{connId=3345fb516d06500ca2c8b306d2a58dc97525ae66} (/127.0.0.1:62852, streamId=0)), 93e8a8ed-d443-47a7-be67-97277b9ef260, OFME}: Received com.hypixel.hytale.protocol.packets.player.ClientReady@9da1
[2026/02/09 03:56:54 SEVERE]                 [World|default] Took too long to run pre-load process hook for chunk: 34ms 775us 600ns > TICK_STEP, WorldChunk{x=-8, z=11, flags=00000000000000000000000000000100}, Hook: com.hypixel.hytale.server.core.modules.block.BlockModule$$Lambda/0x000001b6599dbf88@35e7fcf2
[2026/02/09 03:56:54 SEVERE]                 [World|default] Took too long to run pre-load process hook for chunk: 45ms 968us 600ns > TICK_STEP, WorldChunk{x=-14, z=11, flags=00000000000000000000000000000100}, Hook: com.hypixel.hytale.server.core.modules.block.BlockModule$$Lambda/0x000001b6599dbf88@35e7fcf2
[2026/02/09 03:56:54 SEVERE]                    [ChunkStore] Took too long to pre-load process chunk: 49ms 835us 200ns > TICK_STEP, Has GC Run: false, WorldChunk{x=-14, z=4, flags=00000000000000000000000000000100}
[2026/02/09 03:56:54 SEVERE]                    [ChunkStore] Took too long to pre-load process chunk: 35ms 133us 400ns > TICK_STEP, Has GC Run: false, WorldChunk{x=-14, z=1, flags=00000000000000000000000000000100}
[2026/02/09 03:56:54 SEVERE]                 [World|default] Took too long to run pre-load process hook for chunk: 78ms 524us 500ns > TICK_STEP, WorldChunk{x=-14, z=5, flags=00000000000000000000000000000100}, Hook: com.hypixel.hytale.server.core.modules.block.BlockModule$$Lambda/0x000001b6599dbf88@35e7fcf2
[2026/02/09 03:56:54 SEVERE]                 [World|default] Took too long to run pre-load process hook for chunk: 90ms 923us 100ns > TICK_STEP, Has GC Run: true, WorldChunk{x=-14, z=7, flags=00000000000000000000000000000100}, Hook: com.hypixel.hytale.server.core.modules.block.BlockModule$$Lambda/0x000001b6599dbf88@35e7fcf2
[2026/02/09 03:56:55 SEVERE]                    [ChunkStore] Took too long to pre-load process chunk: 50ms 419us 200ns > TICK_STEP, Has GC Run: false, WorldChunk{x=-14, z=-3, flags=00000000000000000000000000000100}
[2026/02/09 03:56:55 SEVERE]                 [World|default] Took too long to run pre-load process hook for chunk: 67ms 461us 700ns > TICK_STEP, WorldChunk{x=-2, z=-5, flags=00000000000000000000000000000100}, Hook: com.hypixel.hytale.builtin.blocktick.BlockTickPlugin$$Lambda/0x000001b659910000@7c857e8f
[2026/02/09 03:56:55 SEVERE]                    [ChunkStore] Took too long to pre-load process chunk: 35ms 314us 600ns > TICK_STEP, Has GC Run: false, WorldChunk{x=3, z=-4, flags=00000000000000000000000000000100}
[2026/02/09 03:56:55 SEVERE]                 [World|default] Took too long to run pre-load process hook for chunk: 460ms 484us 900ns > TICK_STEP, Has GC Run: true, WorldChunk{x=0, z=-5, flags=00000000000000000000000000000100}, Hook: com.hypixel.hytale.builtin.fluid.FluidPlugin$$Lambda/0x000001b659a96440@5246453e
[2026/02/09 03:56:56 SEVERE]                 [World|default] Took too long to run pre-load process hook for chunk: 55ms 183us 900ns > TICK_STEP, Has GC Run: true, WorldChunk{x=3, z=2, flags=00000000000000000000000000000100}, Hook: com.hypixel.hytale.server.core.modules.block.BlockModule$$Lambda/0x000001b6599dbf88@35e7fcf2
[2026/02/09 03:56:56   WARN]                    [Spawning|P] Marker df6f3a8e-e18a-3a57-84ac-bcc13c5e4c9c at Vector3d{x=30.97673797607422, y=36.0, z=275.9926471710205} removed due to repeated spawning fails of Skeleton_Incandescent_Mage with reason: TOO_HIGH
[2026/02/09 03:56:56   WARN]                    [Spawning|P] Marker a5f8ed6a-ae57-348f-856a-ea53bf19175b at Vector3d{x=17.943584423828497, y=69.00010681152344, z=-50.36397863769528} removed due to repeated spawning fails of Skeleton_Ranger with reason: TOO_HIGH
[2026/02/09 03:56:56 SEVERE]                 [World|default] Took too long to run pre-load process hook for chunk: 33ms 454us 700ns > TICK_STEP, WorldChunk{x=-6, z=12, flags=00000000000000000000000000000100}, Hook: com.hypixel.hytale.builtin.fluid.FluidPlugin$$Lambda/0x000001b659a96440@5246453e
[2026/02/09 03:56:56 SEVERE]                 [World|default] Took too long to run pre-load process hook for chunk: 45ms 935us 300ns > TICK_STEP, WorldChunk{x=3, z=12, flags=00000000000000000000000000000100}, Hook: com.hypixel.hytale.server.core.modules.block.BlockModule$$Lambda/0x000001b6599dbf88@35e7fcf2
[2026/02/09 03:56:56 SEVERE]                 [World|default] Took too long to run pre-load process hook for chunk: 36ms 221us 500ns > TICK_STEP, WorldChunk{x=2, z=12, flags=00000000000000000000000000000100}, Hook: com.hypixel.hytale.server.core.modules.block.BlockModule$$Lambda/0x000001b6599dbf88@35e7fcf2
[2026/02/09 03:56:56 SEVERE]                 [World|default] Took too long to run pre-load process hook for chunk: 37ms 587us 400ns > TICK_STEP, WorldChunk{x=0, z=12, flags=00000000000000000000000000000100}, Hook: com.hypixel.hytale.builtin.blocktick.BlockTickPlugin$$Lambda/0x000001b659910000@7c857e8f
[2026/02/09 03:56:56 SEVERE]                 [World|default] Took too long to run pre-load process hook for chunk: 74ms 764us > TICK_STEP, Has GC Run: true, WorldChunk{x=0, z=12, flags=00000000000000000000000000000100}, Hook: com.hypixel.hytale.server.core.modules.block.BlockModule$$Lambda/0x000001b6599dbf88@35e7fcf2
[2026/02/09 03:56:56 SEVERE]                    [ChunkStore] Took too long to pre-load process chunk: 35ms 591us 700ns > TICK_STEP, Has GC Run: false, WorldChunk{x=-10, z=12, flags=00000000000000000000000000000100}
[2026/02/09 03:56:57   WARN]                    [Spawning|P] Marker 4114fbff-2bd7-3b36-ab3d-6d9fd8e20dd4 at Vector3d{x=118.85700988769531, y=37.0, z=106.02877044677734} removed due to repeated spawning fails of Skeleton_Incandescent_Fighter with reason: NO_ROOM
[2026/02/09 03:56:57 SEVERE]                 [World|default] Took too long to run pre-load process hook for chunk: 39ms 971us 400ns > TICK_STEP, WorldChunk{x=4, z=4, flags=00000000000000000000000000000100}, Hook: com.hypixel.hytale.builtin.fluid.FluidPlugin$$Lambda/0x000001b659a96440@5246453e
[2026/02/09 03:56:57 SEVERE]                    [ChunkStore] Took too long to pre-load process chunk: 45ms 809us 700ns > TICK_STEP, Has GC Run: true, WorldChunk{x=4, z=11, flags=00000000000000000000000000000100}
[2026/02/09 03:56:57 SEVERE]                    [ChunkStore] Took too long to pre-load process chunk: 46ms 828us 900ns > TICK_STEP, Has GC Run: false, WorldChunk{x=-12, z=-6, flags=00000000000000000000000000000100}
[2026/02/09 03:56:58 SEVERE]                    [ChunkStore] Took too long to pre-load process chunk: 35ms 689us > TICK_STEP, Has GC Run: false, WorldChunk{x=-4, z=-6, flags=00000000000000000000000000000100}
[2026/02/09 03:56:58 SEVERE]                    [ChunkStore] Took too long to pre-load process chunk: 43ms 91us 500ns > TICK_STEP, Has GC Run: false, WorldChunk{x=-6, z=13, flags=00000000000000000000000000000100}
[2026/02/09 03:56:58 SEVERE]                 [World|default] Took too long to run pre-load process hook for chunk: 45ms 517us 800ns > TICK_STEP, WorldChunk{x=-13, z=13, flags=00000000000000000000000000000100}, Hook: com.hypixel.hytale.server.core.modules.block.BlockModule$$Lambda/0x000001b6599dbf88@35e7fcf2
[2026/02/09 03:56:58 SEVERE]                 [World|default] Took too long to run pre-load process hook for chunk: 35ms 848us > TICK_STEP, Has GC Run: true, WorldChunk{x=5, z=3, flags=00000000000000000000000000000100}, Hook: com.hypixel.hytale.builtin.blocktick.BlockTickPlugin$$Lambda/0x000001b659910000@7c857e8f
[2026/02/09 03:57:00 SEVERE]                 [World|default] Took too long to run pre-load process hook for chunk: 57ms 408us 100ns > TICK_STEP, Has GC Run: true, WorldChunk{x=-5, z=14, flags=00000000000000000000000000000100}, Hook: com.hypixel.hytale.server.core.modules.block.BlockModule$$Lambda/0x000001b6599dbf88@35e7fcf2
[2026/02/09 03:57:02 SEVERE]                    [ChunkStore] Took too long to pre-load process chunk: 36ms 646us 600ns > TICK_STEP, Has GC Run: true, WorldChunk{x=-13, z=-7, flags=00000000000000000000000000000100}
[2026/02/09 03:57:02 SEVERE]                 [World|default] Took too long to run pre-load process hook for chunk: 85ms 133us 600ns > TICK_STEP, WorldChunk{x=-16, z=1, flags=00000000000000000000000000000100}, Hook: com.hypixel.hytale.server.core.modules.block.BlockModule$$Lambda/0x000001b6599dbf88@35e7fcf2
[2026/02/09 03:57:02 SEVERE]                 [World|default] Took too long to run pre-load process hook for chunk: 37ms 528us 300ns > TICK_STEP, WorldChunk{x=4, z=-7, flags=00000000000000000000000000000100}, Hook: com.hypixel.hytale.builtin.blocktick.BlockTickPlugin$$Lambda/0x000001b659910000@7c857e8f
[2026/02/09 03:57:02 SEVERE]                 [World|default] Took too long to run pre-load process hook for chunk: 414ms 352us 900ns > TICK_STEP, Has GC Run: true, WorldChunk{x=6, z=-7, flags=00000000000000000000000000000100}, Hook: com.hypixel.hytale.builtin.fluid.FluidPlugin$$Lambda/0x000001b659a96440@5246453e
[2026/02/09 03:57:03 SEVERE]                    [ChunkStore] Took too long to pre-load process chunk: 33ms 691us 300ns > TICK_STEP, Has GC Run: false, WorldChunk{x=7, z=8, flags=00000000000000000000000000000100}
[2026/02/09 03:57:03 SEVERE]                 [World|default] Took too long to run pre-load process hook for chunk: 36ms 438us 100ns > TICK_STEP, WorldChunk{x=7, z=12, flags=00000000000000000000000000000100}, Hook: com.hypixel.hytale.server.core.modules.block.BlockModule$$Lambda/0x000001b6599dbf88@35e7fcf2
[2026/02/09 03:57:03 SEVERE]                 [World|default] Took too long to run pre-load process hook for chunk: 64ms 863us 700ns > TICK_STEP, Has GC Run: true, WorldChunk{x=-17, z=14, flags=00000000000000000000000000000100}, Hook: com.hypixel.hytale.builtin.blocktick.BlockTickPlugin$$Lambda/0x000001b659910000@7c857e8f
[2026/02/09 03:57:04 SEVERE]                 [World|default] Took too long to run pre-load process hook for chunk: 51ms 727us 900ns > TICK_STEP, WorldChunk{x=8, z=-4, flags=00000000000000000000000000000100}, Hook: com.hypixel.hytale.builtin.blocktick.BlockTickPlugin$$Lambda/0x000001b659910000@7c857e8f
[2026/02/09 03:57:04 SEVERE]                 [World|default] Took too long to run pre-load process hook for chunk: 96ms 456us 600ns > TICK_STEP, Has GC Run: true, WorldChunk{x=8, z=-9, flags=00000000000000000000000000000100}, Hook: com.hypixel.hytale.server.core.modules.block.BlockModule$$Lambda/0x000001b6599dbf88@35e7fcf2
[2026/02/09 03:57:04 SEVERE]                 [World|default] Took too long to run pre-load process hook for chunk: 49ms 86us 100ns > TICK_STEP, WorldChunk{x=8, z=-4, flags=00000000000000000000000000000100}, Hook: com.hypixel.hytale.server.core.modules.block.BlockModule$$Lambda/0x000001b6599dbf88@35e7fcf2
[2026/02/09 03:57:05 SEVERE]                 [World|default] Took too long to run pre-load process hook for chunk: 63ms 581us 800ns > TICK_STEP, WorldChunk{x=8, z=-8, flags=00000000000000000000000000000100}, Hook: com.hypixel.hytale.builtin.blocktick.BlockTickPlugin$$Lambda/0x000001b659910000@7c857e8f
[2026/02/09 03:57:05 SEVERE]                 [World|default] Took too long to run pre-load process hook for chunk: 39ms 835us 600ns > TICK_STEP, WorldChunk{x=8, z=-8, flags=00000000000000000000000000000100}, Hook: com.hypixel.hytale.server.core.modules.block.BlockModule$$Lambda/0x000001b6599dbf88@35e7fcf2
[2026/02/09 03:57:05 SEVERE]                 [World|default] Took too long to run pre-load process hook for chunk: 52ms 434us 800ns > TICK_STEP, WorldChunk{x=8, z=1, flags=00000000000000000000000000000100}, Hook: com.hypixel.hytale.server.core.modules.block.BlockModule$$Lambda/0x000001b6599dbf88@35e7fcf2
[2026/02/09 03:57:06 SEVERE]                 [World|default] Took too long to run pre-load process hook for chunk: 69ms 344us 800ns > TICK_STEP, Has GC Run: true, WorldChunk{x=-7, z=16, flags=00000000000000000000000000000100}, Hook: com.hypixel.hytale.server.core.modules.block.BlockModule$$Lambda/0x000001b6599dbf88@35e7fcf2
[2026/02/09 03:57:06 SEVERE]                    [ChunkStore] Took too long to pre-load process chunk: 36ms 887us > TICK_STEP, Has GC Run: false, WorldChunk{x=-15, z=16, flags=00000000000000000000000000000100}
[2026/02/09 03:57:06 SEVERE]                 [World|default] Took too long to run pre-load process hook for chunk: 85ms 910us 800ns > TICK_STEP, WorldChunk{x=-18, z=4, flags=00000000000000000000000000000100}, Hook: com.hypixel.hytale.server.core.modules.block.BlockModule$$Lambda/0x000001b6599dbf88@35e7fcf2
[2026/02/09 03:57:06 SEVERE]                 [World|default] Took too long to run pre-load process hook for chunk: 34ms 829us 600ns > TICK_STEP, Has GC Run: true, WorldChunk{x=-18, z=0, flags=00000000000000000000000000000100}, Hook: com.hypixel.hytale.server.core.modules.block.BlockModule$$Lambda/0x000001b6599dbf88@35e7fcf2
[2026/02/09 03:57:06 SEVERE]                    [ChunkStore] Took too long to pre-load process chunk: 33ms 592us 400ns > TICK_STEP, Has GC Run: false, WorldChunk{x=-18, z=5, flags=00000000000000000000000000000100}
[2026/02/09 03:57:07 SEVERE]                    [ChunkStore] Took too long to pre-load process chunk: 42ms 151us 300ns > TICK_STEP, Has GC Run: false, WorldChunk{x=-10, z=-10, flags=00000000000000000000000000000100}
[2026/02/09 03:57:07 SEVERE]                 [World|default] Took too long to run pre-load process hook for chunk: 99ms 358us 900ns > TICK_STEP, WorldChunk{x=-13, z=-10, flags=00000000000000000000000000000100}, Hook: com.hypixel.hytale.server.core.modules.block.BlockModule$$Lambda/0x000001b6599dbf88@35e7fcf2
[2026/02/09 03:57:07 SEVERE]                 [World|default] Took too long to run pre-load process hook for chunk: 69ms 616us 100ns > TICK_STEP, WorldChunk{x=-4, z=-10, flags=00000000000000000000000000000100}, Hook: com.hypixel.hytale.builtin.blocktick.BlockTickPlugin$$Lambda/0x000001b659910000@7c857e8f
[2026/02/09 03:57:09 SEVERE]                 [World|default] Took too long to run pre-load process hook for chunk: 34ms 750us 600ns > TICK_STEP, Has GC Run: true, WorldChunk{x=-4, z=17, flags=00000000000000000000000000000100}, Hook: com.hypixel.hytale.builtin.blocktick.BlockTickPlugin$$Lambda/0x000001b659910000@7c857e8f
[2026/02/09 03:57:09 SEVERE]                 [World|default] Took too long to run pre-load process hook for chunk: 56ms 386us 600ns > TICK_STEP, WorldChunk{x=-4, z=17, flags=00000000000000000000000000000100}, Hook: com.hypixel.hytale.server.core.modules.block.BlockModule$$Lambda/0x000001b6599dbf88@35e7fcf2
[2026/02/09 03:57:09 SEVERE]                 [World|default] Took too long to run pre-load process hook for chunk: 37ms 287us 100ns > TICK_STEP, WorldChunk{x=-6, z=17, flags=00000000000000000000000000000100}, Hook: com.hypixel.hytale.builtin.blocktick.BlockTickPlugin$$Lambda/0x000001b659910000@7c857e8f
[2026/02/09 03:57:10 SEVERE]                 [World|default] Took too long to run pre-load process hook for chunk: 45ms 918us 200ns > TICK_STEP, WorldChunk{x=-19, z=-7, flags=00000000000000000000000000000100}, Hook: com.hypixel.hytale.server.core.modules.block.BlockModule$$Lambda/0x000001b6599dbf88@35e7fcf2
[2026/02/09 03:57:10 SEVERE]                    [ChunkStore] Took too long to pre-load process chunk: 33ms 706us 200ns > TICK_STEP, Has GC Run: true, WorldChunk{x=-4, z=-11, flags=00000000000000000000000000000100}
[2026/02/09 03:57:13 SEVERE]                    [ChunkStore] Took too long to pre-load process chunk: 34ms 969us 100ns > TICK_STEP, Has GC Run: true, WorldChunk{x=9, z=-12, flags=00000000000000000000000000000100}
[2026/02/09 03:57:13 SEVERE]                    [ChunkStore] Took too long to pre-load process chunk: 36ms 795us 300ns > TICK_STEP, Has GC Run: false, WorldChunk{x=11, z=-11, flags=00000000000000000000000000000100}
[2026/02/09 03:57:13 SEVERE]                    [ChunkStore] Took too long to pre-load process chunk: 37ms 290us > TICK_STEP, Has GC Run: false, WorldChunk{x=11, z=-12, flags=00000000000000000000000000000100}
[2026/02/09 03:57:14 SEVERE]                    [ChunkStore] Took too long to pre-load process chunk: 41ms 223us > TICK_STEP, Has GC Run: false, WorldChunk{x=11, z=14, flags=00000000000000000000000000000100}
[2026/02/09 03:57:14 SEVERE]                 [World|default] Took too long to run pre-load process hook for chunk: 42ms 527us 600ns > TICK_STEP, WorldChunk{x=11, z=18, flags=00000000000000000000000000000100}, Hook: com.hypixel.hytale.server.core.modules.block.BlockModule$$Lambda/0x000001b6599dbf88@35e7fcf2
[2026/02/09 03:57:16 SEVERE]                 [World|default] Took too long to run pre-load process hook for chunk: 34ms 828us 200ns > TICK_STEP, Has GC Run: true, WorldChunk{x=-2, z=-13, flags=00000000000000000000000000000100}, Hook: com.hypixel.hytale.server.core.modules.block.BlockModule$$Lambda/0x000001b6599dbf88@35e7fcf2
[2026/02/09 03:57:17 SEVERE]                    [ChunkStore] Took too long to pre-load process chunk: 35ms 814us 600ns > TICK_STEP, Has GC Run: false, WorldChunk{x=12, z=1, flags=00000000000000000000000000000100}
[2026/02/09 03:57:17 SEVERE]                 [World|default] Took too long to run pre-load process hook for chunk: 40ms 616us 600ns > TICK_STEP, WorldChunk{x=12, z=2, flags=00000000000000000000000000000100}, Hook: com.hypixel.hytale.builtin.blocktick.BlockTickPlugin$$Lambda/0x000001b659910000@7c857e8f
[2026/02/09 03:57:17 SEVERE]                 [World|default] Took too long to run pre-load process hook for chunk: 33ms 695us 300ns > TICK_STEP, WorldChunk{x=12, z=2, flags=00000000000000000000000000000100}, Hook: com.hypixel.hytale.server.core.modules.block.BlockModule$$Lambda/0x000001b6599dbf88@35e7fcf2
[2026/02/09 03:57:23 SEVERE]                 [World|default] Took too long to run pre-load process hook for chunk: 89ms 831us 700ns > TICK_STEP, WorldChunk{x=-1, z=-15, flags=00000000000000000000000000000100}, Hook: com.hypixel.hytale.server.core.modules.block.BlockModule$$Lambda/0x000001b6599dbf88@35e7fcf2
[2026/02/09 03:57:24 SEVERE]                 [World|default] Took too long to run pre-load process hook for chunk: 88ms 194us 300ns > TICK_STEP, Has GC Run: true, WorldChunk{x=-2, z=-15, flags=00000000000000000000000000000100}, Hook: com.hypixel.hytale.builtin.blocktick.BlockTickPlugin$$Lambda/0x000001b659910000@7c857e8f
[2026/02/09 03:57:24 SEVERE]                 [World|default] Took too long to run pre-load process hook for chunk: 45ms 425us 600ns > TICK_STEP, Has GC Run: true, WorldChunk{x=-2, z=-15, flags=00000000000000000000000000000100}, Hook: com.hypixel.hytale.server.core.modules.block.BlockModule$$Lambda/0x000001b6599dbf88@35e7fcf2
[2026/02/09 03:57:27 SEVERE]                 [World|default] Took too long to run pre-load process hook for chunk: 63ms 195us 800ns > TICK_STEP, Has GC Run: true, WorldChunk{x=-10, z=-16, flags=00000000000000000000000000000100}, Hook: com.hypixel.hytale.server.core.modules.block.BlockModule$$Lambda/0x000001b6599dbf88@35e7fcf2
[2026/02/09 03:57:27 SEVERE]                 [World|default] Took too long to run pre-load process hook for chunk: 71ms 636us 800ns > TICK_STEP, Has GC Run: true, WorldChunk{x=6, z=-16, flags=00000000000000000000000000000100}, Hook: com.hypixel.hytale.server.core.modules.block.BlockModule$$Lambda/0x000001b6599dbf88@35e7fcf2
[2026/02/09 03:57:30 SEVERE]                 [World|default] Took too long to run pre-load process hook for chunk: 130ms 336us 400ns > TICK_STEP, Has GC Run: true, WorldChunk{x=-18, z=-17, flags=00000000000000000000000000000100}, Hook: com.hypixel.hytale.builtin.fluid.FluidPlugin$$Lambda/0x000001b659a96440@5246453e
[2026/02/09 03:57:31 SEVERE]                 [World|default] Took too long to run pre-load process hook for chunk: 151ms 745us 200ns > TICK_STEP, WorldChunk{x=16, z=-10, flags=00000000000000000000000000000100}, Hook: com.hypixel.hytale.server.core.modules.block.BlockModule$$Lambda/0x000001b6599dbf88@35e7fcf2
[2026/02/09 03:57:31 SEVERE]                 [World|default] Took too long to run pre-load process hook for chunk: 592ms 237us 900ns > TICK_STEP, Has GC Run: true, WorldChunk{x=-17, z=-17, flags=00000000000000000000000000000100}, Hook: com.hypixel.hytale.builtin.fluid.FluidPlugin$$Lambda/0x000001b659a96440@5246453e
[2026/02/09 03:57:31 SEVERE]                    [ChunkStore] Took too long to pre-load process chunk: 37ms 580us 100ns > TICK_STEP, Has GC Run: false, WorldChunk{x=16, z=11, flags=00000000000000000000000000000100}
[2026/02/09 03:57:33 SEVERE]                 [World|default] Took too long to run pre-load process hook for chunk: 98ms 866us 300ns > TICK_STEP, WorldChunk{x=0, z=-18, flags=00000000000000000000000000000100}, Hook: com.hypixel.hytale.builtin.fluid.FluidPlugin$$Lambda/0x000001b659a96440@5246453e
[2026/02/09 03:57:33 SEVERE]                 [World|default] Took too long to run pre-load process hook for chunk: 100ms 448us 400ns > TICK_STEP, Has GC Run: true, WorldChunk{x=-1, z=-18, flags=00000000000000000000000000000100}, Hook: com.hypixel.hytale.builtin.blocktick.BlockTickPlugin$$Lambda/0x000001b659910000@7c857e8f
[2026/02/09 03:57:33 SEVERE]                    [ChunkStore] Took too long to pre-load process chunk: 36ms 0us 500ns > TICK_STEP, Has GC Run: false, WorldChunk{x=17, z=14, flags=00000000000000000000000000000100}
[2026/02/09 03:57:34 SEVERE]                 [World|default] Took too long to run pre-load process hook for chunk: 35ms 883us 500ns > TICK_STEP, Has GC Run: true, WorldChunk{x=-12, z=-19, flags=00000000000000000000000000000100}, Hook: com.hypixel.hytale.server.core.modules.block.BlockModule$$Lambda/0x000001b6599dbf88@35e7fcf2
[2026/02/09 03:57:35 SEVERE]                 [World|default] Took too long to run pre-load process hook for chunk: 43ms 296us 500ns > TICK_STEP, WorldChunk{x=-10, z=-19, flags=00000000000000000000000000000100}, Hook: com.hypixel.hytale.server.core.modules.block.BlockModule$$Lambda/0x000001b6599dbf88@35e7fcf2
[2026/02/09 03:57:35 SEVERE]                 [World|default] Took too long to run pre-load process hook for chunk: 333ms 707us 700ns > TICK_STEP, WorldChunk{x=-13, z=-19, flags=00000000000000000000000000000100}, Hook: com.hypixel.hytale.builtin.fluid.FluidPlugin$$Lambda/0x000001b659a96440@5246453e
[2026/02/09 03:57:35 SEVERE]                 [World|default] Took too long to run pre-load process hook for chunk: 44ms 114us 100ns > TICK_STEP, Has GC Run: true, WorldChunk{x=6, z=-19, flags=00000000000000000000000000000100}, Hook: com.hypixel.hytale.server.core.modules.block.BlockModule$$Lambda/0x000001b6599dbf88@35e7fcf2
[2026/02/09 03:57:35 SEVERE]                    [ChunkStore] Took too long to pre-load process chunk: 40ms 244us 100ns > TICK_STEP, Has GC Run: false, WorldChunk{x=18, z=-5, flags=00000000000000000000000000000100}
[2026/02/09 03:57:35 SEVERE]                 [World|default] Took too long to run pre-load process hook for chunk: 36ms 720us 100ns > TICK_STEP, WorldChunk{x=18, z=2, flags=00000000000000000000000000000100}, Hook: com.hypixel.hytale.builtin.fluid.FluidPlugin$$Lambda/0x000001b659a96440@5246453e
[2026/02/09 03:57:35 SEVERE]                 [World|default] Took too long to run pre-load process hook for chunk: 105ms 977us 800ns > TICK_STEP, WorldChunk{x=18, z=6, flags=00000000000000000000000000000100}, Hook: com.hypixel.hytale.builtin.fluid.FluidPlugin$$Lambda/0x000001b659a96440@5246453e
[2026/02/09 03:57:35 SEVERE]                    [ChunkStore] Took too long to pre-load process chunk: 44ms 729us 100ns > TICK_STEP, Has GC Run: false, WorldChunk{x=18, z=13, flags=00000000000000000000000000000100}
[2026/02/09 03:57:35 SEVERE]                 [World|default] Took too long to run pre-load process hook for chunk: 38ms 583us > TICK_STEP, Has GC Run: true, WorldChunk{x=18, z=7, flags=00000000000000000000000000000100}, Hook: com.hypixel.hytale.server.core.modules.block.BlockModule$$Lambda/0x000001b6599dbf88@35e7fcf2
[2026/02/09 03:57:36 SEVERE]                 [World|default] Took too long to run pre-load process hook for chunk: 317ms 528us 100ns > TICK_STEP, WorldChunk{x=18, z=10, flags=00000000000000000000000000000100}, Hook: com.hypixel.hytale.builtin.fluid.FluidPlugin$$Lambda/0x000001b659a96440@5246453e
[2026/02/09 03:57:36 SEVERE]                 [World|default] Took too long to run pre-load process hook for chunk: 462ms 378us 400ns > TICK_STEP, WorldChunk{x=18, z=5, flags=00000000000000000000000000000100}, Hook: com.hypixel.hytale.builtin.fluid.FluidPlugin$$Lambda/0x000001b659a96440@5246453e
[2026/02/09 03:57:36 SEVERE]                 [World|default] Took too long to run pre-load process hook for chunk: 910ms 552us 900ns > TICK_STEP, WorldChunk{x=18, z=9, flags=00000000000000000000000000000100}, Hook: com.hypixel.hytale.builtin.fluid.FluidPlugin$$Lambda/0x000001b659a96440@5246453e
[2026/02/09 03:57:36 SEVERE]                 [World|default] Took too long to run pre-load process hook for chunk: 56ms 145us 500ns > TICK_STEP, WorldChunk{x=-28, z=2, flags=00000000000000000000000000000100}, Hook: com.hypixel.hytale.server.core.modules.block.BlockModule$$Lambda/0x000001b6599dbf88@35e7fcf2
[2026/02/09 03:57:37 SEVERE]                    [ChunkStore] Took too long to pre-load process chunk: 34ms 969us 300ns > TICK_STEP, Has GC Run: false, WorldChunk{x=-11, z=-20, flags=00000000000000000000000000000100}
[2026/02/09 03:57:38 SEVERE]                    [ChunkStore] Took too long to pre-load process chunk: 49ms 135us 200ns > TICK_STEP, Has GC Run: true, WorldChunk{x=19, z=4, flags=00000000000000000000000000000100}
[2026/02/09 03:57:38 SEVERE]                 [World|default] Took too long to run pre-load process hook for chunk: 51ms 153us 800ns > TICK_STEP, WorldChunk{x=19, z=10, flags=00000000000000000000000000000100}, Hook: com.hypixel.hytale.builtin.fluid.FluidPlugin$$Lambda/0x000001b659a96440@5246453e
[2026/02/09 03:57:39 SEVERE]                 [World|default] Took too long to run pre-load process hook for chunk: 41ms 812us 600ns > TICK_STEP, Has GC Run: true, WorldChunk{x=-29, z=7, flags=00000000000000000000000000000100}, Hook: com.hypixel.hytale.server.core.modules.block.BlockModule$$Lambda/0x000001b6599dbf88@35e7fcf2
[2026/02/09 03:57:39 SEVERE]                 [World|default] Took too long to run pre-load process hook for chunk: 294ms 25us > TICK_STEP, WorldChunk{x=19, z=5, flags=00000000000000000000000000000100}, Hook: com.hypixel.hytale.builtin.fluid.FluidPlugin$$Lambda/0x000001b659a96440@5246453e
[2026/02/09 03:57:39 SEVERE]                    [ChunkStore] Took too long to pre-load process chunk: 42ms 473us 200ns > TICK_STEP, Has GC Run: false, WorldChunk{x=-29, z=3, flags=00000000000000000000000000000100}
[2026/02/09 03:57:39 SEVERE]                 [World|default] Took too long to run pre-load process hook for chunk: 37ms 581us 400ns > TICK_STEP, WorldChunk{x=-29, z=2, flags=00000000000000000000000000000100}, Hook: com.hypixel.hytale.server.core.modules.block.BlockModule$$Lambda/0x000001b6599dbf88@35e7fcf2
[2026/02/09 03:57:39 SEVERE]                    [ChunkStore] Took too long to pre-load process chunk: 46ms 852us 100ns > TICK_STEP, Has GC Run: false, WorldChunk{x=-29, z=1, flags=00000000000000000000000000000100}
[2026/02/09 03:57:39 SEVERE]                    [ChunkStore] Took too long to pre-load process chunk: 35ms 15us 700ns > TICK_STEP, Has GC Run: false, WorldChunk{x=-29, z=0, flags=00000000000000000000000000000100}
[2026/02/09 03:57:40 SEVERE]                 [World|default] Took too long to run pre-load process hook for chunk: 585ms 202us 300ns > TICK_STEP, Has GC Run: true, WorldChunk{x=-11, z=-21, flags=00000000000000000000000000000100}, Hook: com.hypixel.hytale.builtin.fluid.FluidPlugin$$Lambda/0x000001b659a96440@5246453e
[2026/02/09 03:58:05   INFO]                        [Hytale] 93e8a8ed-d443-47a7-be67-97277b9ef260 - OFME at QuicConnectionAddress{connId=3345fb516d06500ca2c8b306d2a58dc97525ae66} (/127.0.0.1:62852, streamId=0) left with reason: Disconnect - Player leave
[2026/02/09 03:58:05   INFO]                        [Hytale] {Playing(null (null, streamId=0)), 93e8a8ed-d443-47a7-be67-97277b9ef260, OFME} was closed.
[2026/02/09 03:58:05   INFO]                    [Universe|P] Removing player 'OFME' (93e8a8ed-d443-47a7-be67-97277b9ef260)
[2026/02/09 03:58:05   INFO]                 [QUICTransport] Connection closed: QuicheQuicConnectionStats[recv=12735, sent=41915, lost=0, retrans=8, sentBytes=34700483, recvBytes=973737, lostBytes=0, streamRetransBytes=6892, pathsCount=1]
[2026/02/09 03:58:05   INFO]                  [Objectives|P] Checking objectives for disconnecting player 'OFME' (93e8a8ed-d443-47a7-be67-97277b9ef260)
[2026/02/09 03:58:05   INFO]                  [Objectives|P] Processing 0 active objectives for 'OFME' (93e8a8ed-d443-47a7-be67-97277b9ef260)
[2026/02/09 03:58:05   INFO]                 [PlayerSystems] Removing player 'OFME (OFME)' from world 'default' (93e8a8ed-d443-47a7-be67-97277b9ef260)
[2026/02/09 03:58:17   WARN]         [UpdateLocationSystems] Entity has moved into a chunk that isn't currently loaded! -1, 6, com.hypixel.hytale.server.core.modules.entity.component.TransformComponent@70dfe43
[2026/02/09 04:18:06   INFO]                 [QUICTransport] Received connection from QuicConnectionAddress{connId=} (/25.9.60.222:63277) to QuicConnectionAddress{connId=85570d0730c97e7aaf665348668d167af32245c7} (/0.0.0.0:5520)
[2026/02/09 04:18:07   INFO]                        [Hytale] Received stream QuicConnectionAddress{connId=85570d0730c97e7aaf665348668d167af32245c7} (/25.9.60.222:63277, streamId=0) to QuicConnectionAddress{connId=85570d0730c97e7aaf665348668d167af32245c7} (/0.0.0.0:5520, streamId=0)
[2026/02/09 04:18:07 FINEST]                   [LoginTiming] [{Initial(QuicConnectionAddress{connId=85570d0730c97e7aaf665348668d167af32245c7} (/25.9.60.222:63277, streamId=0))}] Entering stage 'initial'
[2026/02/09 04:18:07   FINE]                   [LoginTiming] [{Initial(QuicConnectionAddress{connId=85570d0730c97e7aaf665348668d167af32245c7} (/25.9.60.222:63277, streamId=0))}] Registered took 307us 200ns
[2026/02/09 04:18:07   FINE]                   [LoginTiming] [{Initial(QuicConnectionAddress{connId=85570d0730c97e7aaf665348668d167af32245c7} (/25.9.60.222:63277, streamId=0))}] Connect took 14ms 395us 900ns
[2026/02/09 04:18:07   INFO]                        [Hytale] Starting development flow for xeNdok (93e8a8ed-d443-47a7-be67-97277b9ef260) from QuicConnectionAddress{connId=85570d0730c97e7aaf665348668d167af32245c7} (/25.9.60.222:63277, streamId=0)
[2026/02/09 04:18:07   INFO]         [PasswordPacketHandler] Connection complete for xeNdok (93e8a8ed-d443-47a7-be67-97277b9ef260), transitioning to setup
[2026/02/09 04:18:07 FINEST]                   [LoginTiming] [{Setup(QuicConnectionAddress{connId=85570d0730c97e7aaf665348668d167af32245c7} (/25.9.60.222:63277, streamId=0)), xeNdok, 93e8a8ed-d443-47a7-be67-97277b9ef260, SECURE}] Entering stage 'setup:world-settings' took 27ms 310us
[2026/02/09 04:18:07   FINE]                   [LoginTiming] [{Setup(QuicConnectionAddress{connId=85570d0730c97e7aaf665348668d167af32245c7} (/25.9.60.222:63277, streamId=0)), xeNdok, 93e8a8ed-d443-47a7-be67-97277b9ef260, SECURE}] Load Player Config took 9ms 526us
[2026/02/09 04:18:07 FINEST]                   [LoginTiming] [{Setup(QuicConnectionAddress{connId=85570d0730c97e7aaf665348668d167af32245c7} (/25.9.60.222:63277, streamId=0)), xeNdok, 93e8a8ed-d443-47a7-be67-97277b9ef260, SECURE}] Entering stage 'setup:assets-request' took 141ms 506us 700ns
[2026/02/09 04:18:07   FINE]                   [LoginTiming] [{Setup(QuicConnectionAddress{connId=85570d0730c97e7aaf665348668d167af32245c7} (/25.9.60.222:63277, streamId=0)), xeNdok, 93e8a8ed-d443-47a7-be67-97277b9ef260, SECURE}] Request Assets took 115ms 944us 500ns
[2026/02/09 04:18:07 FINEST]                   [LoginTiming] [{Setup(QuicConnectionAddress{connId=85570d0730c97e7aaf665348668d167af32245c7} (/25.9.60.222:63277, streamId=0)), xeNdok, 93e8a8ed-d443-47a7-be67-97277b9ef260, SECURE}] Entering stage 'setup:send-assets' took 27ms 263us 100ns
[2026/02/09 04:18:07   FINE]                   [LoginTiming] [{Setup(QuicConnectionAddress{connId=85570d0730c97e7aaf665348668d167af32245c7} (/25.9.60.222:63277, streamId=0)), xeNdok, 93e8a8ed-d443-47a7-be67-97277b9ef260, SECURE}] Send Common Assets took 306us 100ns
[2026/02/09 04:18:08   FINE]                   [LoginTiming] [{Setup(QuicConnectionAddress{connId=85570d0730c97e7aaf665348668d167af32245c7} (/25.9.60.222:63277, streamId=0)), xeNdok, 93e8a8ed-d443-47a7-be67-97277b9ef260, SECURE}] Send Config Assets took 546ms 899us 200ns
[2026/02/09 04:18:10   FINE]                   [LoginTiming] [{Setup(QuicConnectionAddress{connId=85570d0730c97e7aaf665348668d167af32245c7} (/25.9.60.222:63277, streamId=0)), xeNdok, 93e8a8ed-d443-47a7-be67-97277b9ef260, SECURE}] Player Options took 1sec 844ms 788us 600ns
[2026/02/09 04:18:10   INFO]                    [Universe|P] Adding player 'xeNdok (93e8a8ed-d443-47a7-be67-97277b9ef260)
[2026/02/09 04:18:10 FINEST]                   [LoginTiming] [{Setup(QuicConnectionAddress{connId=85570d0730c97e7aaf665348668d167af32245c7} (/25.9.60.222:63277, streamId=0)), xeNdok, 93e8a8ed-d443-47a7-be67-97277b9ef260, SECURE}] Load Player Config took 76ms 237us 400ns
[2026/02/09 04:18:10 FINEST]                   [LoginTiming] [{Playing(QuicConnectionAddress{connId=85570d0730c97e7aaf665348668d167af32245c7} (/25.9.60.222:63277, streamId=0)), 93e8a8ed-d443-47a7-be67-97277b9ef260, xeNdok}] Processed Referral took 56ms 637us 700ns
[2026/02/09 04:18:10   WARN]                        [Hytale] {Playing(QuicConnectionAddress{connId=85570d0730c97e7aaf665348668d167af32245c7} (/25.9.60.222:63277, streamId=0)), 93e8a8ed-d443-47a7-be67-97277b9ef260, xeNdok} Added future for ClientReady packet?
[2026/02/09 04:18:10   INFO]                 [World|default] Adding player 'xeNdok' to world 'default' at location null (93e8a8ed-d443-47a7-be67-97277b9ef260)
[2026/02/09 04:18:10 FINEST]                   [LoginTiming] [{Playing(QuicConnectionAddress{connId=85570d0730c97e7aaf665348668d167af32245c7} (/25.9.60.222:63277, streamId=0)), 93e8a8ed-d443-47a7-be67-97277b9ef260, xeNdok}] Entering stage 'setup:add-to-universe' took 2ms 98us 300ns
[2026/02/09 04:18:10   INFO]                        [Hytale] {Playing(QuicConnectionAddress{connId=85570d0730c97e7aaf665348668d167af32245c7} (/25.9.60.222:63277, streamId=0)), 93e8a8ed-d443-47a7-be67-97277b9ef260, xeNdok}: Sent com.hypixel.hytale.protocol.packets.player.JoinWorld@16190f81
[2026/02/09 04:18:10   WARN]                        [Hytale] {Playing(QuicConnectionAddress{connId=85570d0730c97e7aaf665348668d167af32245c7} (/25.9.60.222:63277, streamId=0)), 93e8a8ed-d443-47a7-be67-97277b9ef260, xeNdok}: Received com.hypixel.hytale.protocol.packets.player.ClientReady@9da7
[2026/02/09 04:18:11   INFO]                 [World|default] Player 'xeNdok' joined world 'default' at location Vector3d{x=-136.85299682617188, y=123.0, z=102.86309051513672} (93e8a8ed-d443-47a7-be67-97277b9ef260)
[2026/02/09 04:18:11 FINEST]                   [LoginTiming] [{Playing(QuicConnectionAddress{connId=85570d0730c97e7aaf665348668d167af32245c7} (/25.9.60.222:63277, streamId=0)), 93e8a8ed-d443-47a7-be67-97277b9ef260, xeNdok}] Add to World took 764ms 305us 100ns
[2026/02/09 04:18:11   FINE]                   [LoginTiming] [{Playing(QuicConnectionAddress{connId=85570d0730c97e7aaf665348668d167af32245c7} (/25.9.60.222:63277, streamId=0)), 93e8a8ed-d443-47a7-be67-97277b9ef260, xeNdok}] Add To Universe took 150us 700ns
[2026/02/09 04:18:11   WARN]                 [World|default] Task took 208ms 121us 300ns ns: java.util.concurrent.CompletableFuture$UniApply@61d1c077
[2026/02/09 04:18:11   INFO]               [WorldMapTracker] Started Generating Map!
[2026/02/09 04:18:11   WARN]                 [World|default] Task took 69ms 828us 900ns ns: java.util.concurrent.CompletableFuture$AsyncSupply@3dad7a46
[2026/02/09 04:18:11   WARN]                        [Entity] getPositionComponent called async [CONTEXT ratelimit_period="5 MINUTES" ]
java.lang.Throwable
	at com.hypixel.hytale.server.core.entity.Entity.getTransformComponent(Entity.java:278)
	at com.hypixel.hytale.server.core.universe.world.WorldMapTracker.tick(WorldMapTracker.java:138)
	at com.hypixel.hytale.server.core.universe.world.worldmap.WorldMapManager.tick(WorldMapManager.java:148)
	at com.hypixel.hytale.server.core.util.thread.TickingThread.run(TickingThread.java:89)
	at java.base/java.lang.Thread.run(Thread.java:1583)

[2026/02/09 04:18:13   WARN]                        [Hytale] {Playing(QuicConnectionAddress{connId=85570d0730c97e7aaf665348668d167af32245c7} (/25.9.60.222:63277, streamId=0)), 93e8a8ed-d443-47a7-be67-97277b9ef260, xeNdok}: Received com.hypixel.hytale.protocol.packets.player.ClientReady@9da1
[2026/02/09 04:18:13   WARN]                 [World|default] Task took 52ms 602us 600ns ns: com.hypixel.hytale.server.core.io.handlers.game.GamePacketHandler$$Lambda/0x000001b65a01b1c0@6ee44591
[2026/02/09 04:18:20   WARN]                 [World|default] Task took 33ms 664us 200ns ns: java.util.concurrent.CompletableFuture$UniCompose@1338d4e9
[2026/02/09 04:18:29   WARN]                 [World|default] Task took 45ms 189us 300ns ns: java.util.concurrent.CompletableFuture$UniApply@4e93a438
[2026/02/09 04:18:33 SEVERE]                 [World|default] Took too long to run pre-load process hook for chunk: 505ms 416us 100ns > TICK_STEP, Has GC Run: true, {com.hypixel.hytale.server.core.universe.world.chunk.WorldChunk@1325331034: java.lang.ArrayIndexOutOfBoundsException: Index 32 out of bounds for length 32}, Hook: com.hypixel.hytale.builtin.fluid.FluidPlugin$$Lambda/0x000001b659a96440@5246453e
[2026/02/09 04:18:42   WARN]                 [World|default] Task took 804ms 376us 700ns ns: java.util.concurrent.CompletableFuture$UniApply@301158ef
[2026/02/09 04:18:48   WARN] [EntityTrackerSystems$SendPackets] Removed 1 invalid updates for removed entities.
[2026/02/09 04:18:48   WARN]                        [Entity] xeNdok, 93e8a8ed-d443-47a7-be67-97277b9ef260: Jump in location in processMovementBlockCollisions 11.68123719288234
[2026/02/09 04:18:48   WARN]                    [Spawning|P] Marker 6152df28-19ae-3645-bf24-623c955fb985 at Vector3d{x=127.85700988769531, y=37.0, z=214.02877044677734} removed due to repeated spawning fails of Skeleton_Incandescent_Fighter with reason: NO_ROOM
[2026/02/09 04:18:48   WARN]                    [Spawning|P] Marker b40a1d65-a7c2-37d8-8aa3-5b4354df7e5f at Vector3d{x=42.27026600341793, y=73.00080738525385, z=-76.3131230957031} removed due to repeated spawning fails of Goblin_Lobber with reason: NO_ROOM
[2026/02/09 04:18:49   WARN]                    [Spawning|P] Marker f81e3022-115f-3429-8429-ca7ac03b3866 at Vector3d{x=115.14570617675781, y=41.099143981933594, z=-27.638671875} removed due to repeated spawning fails of Skeleton_Incandescent_Mage with reason: TOO_HIGH
[2026/02/09 04:18:49   WARN]                    [Spawning|P] Marker 59ea66b5-8cf7-3228-9b5c-150e6eed71d3 at Vector3d{x=125.85700988769531, y=37.0, z=-0.9712295532226562} removed due to repeated spawning fails of Skeleton_Incandescent_Fighter with reason: TOO_HIGH
[2026/02/09 04:18:49   WARN]                    [Spawning|P] Marker 8103ca3d-975d-358b-a2d0-39cdf2619ff7 at Vector3d{x=-29.142990112304688, y=37.0, z=-142.97122955322266} removed due to repeated spawning fails of Skeleton_Incandescent_Fighter with reason: NO_ROOM
[2026/02/09 04:18:49 SEVERE]                    [ChunkStore] Took too long to pre-load process chunk: 41ms 692us 900ns > TICK_STEP, Has GC Run: true, WorldChunk{x=11, z=-18, flags=00000000000000000000000000000100}
[2026/02/09 04:18:49 SEVERE]                    [ChunkStore] Took too long to pre-load process chunk: 35ms 260us > TICK_STEP, Has GC Run: false, WorldChunk{x=7, z=-20, flags=00000000000000000000000000000100}
[2026/02/09 04:18:49 SEVERE]                    [ChunkStore] Took too long to pre-load process chunk: 48ms 793us 700ns > TICK_STEP, Has GC Run: false, WorldChunk{x=10, z=-19, flags=00000000000000000000000000000100}
[2026/02/09 04:18:49 SEVERE]                 [World|default] Took too long to run pre-load process hook for chunk: 60ms 848us 700ns > TICK_STEP, WorldChunk{x=12, z=-17, flags=00000000000000000000000000000100}, Hook: com.hypixel.hytale.server.core.modules.block.BlockModule$$Lambda/0x000001b6599dbf88@35e7fcf2
[2026/02/09 04:18:49 SEVERE]                    [ChunkStore] Took too long to pre-load process chunk: 42ms 487us 300ns > TICK_STEP, Has GC Run: true, WorldChunk{x=-14, z=-21, flags=00000000000000000000000000000100}
[2026/02/09 04:18:50 SEVERE]                    [ChunkStore] Took too long to pre-load process chunk: 33ms 962us 100ns > TICK_STEP, Has GC Run: true, WorldChunk{x=20, z=8, flags=00000000000000000000000000000100}
[2026/02/09 04:18:51 SEVERE]                 [World|default] Took too long to run pre-load process hook for chunk: 1sec 979ms 255us 500ns > TICK_STEP, Has GC Run: true, WorldChunk{x=19, z=11, flags=00000000000000000000000000000100}, Hook: com.hypixel.hytale.builtin.fluid.FluidPlugin$$Lambda/0x000001b659a96440@5246453e
[2026/02/09 04:18:51   WARN]                 [World|default] Task took 60ms 915us 100ns ns: com.hypixel.hytale.builtin.fluid.FluidSystems$ReplicateChanges$$Lambda/0x000001b659fdb750@5f2a015
[2026/02/09 04:18:53 SEVERE]                 [World|default] Took too long to run pre-load process hook for chunk: 2sec 282ms 255us 700ns > TICK_STEP, Has GC Run: true, WorldChunk{x=-11, z=-22, flags=00000000000000000000000000000100}, Hook: com.hypixel.hytale.builtin.fluid.FluidPlugin$$Lambda/0x000001b659a96440@5246453e
[2026/02/09 04:20:38   INFO]                [CommandManager] Console executed command: say hello
Console: hello
[2026/02/09 04:20:46   INFO]                [CommandManager] Console executed command: help
[2026/02/09 04:20:49   INFO]                [CommandManager] Console executed command: help
[2026/02/09 04:20:49   WARN]                    [Spawning|P] Removing NPC of type Boar due to overpopulation (expected: 11.869780, actual: 22)
[2026/02/09 04:20:50   WARN]                    [Spawning|P] Removing NPC of type Boar due to overpopulation (expected: 11.869780, actual: 22)
[2026/02/09 04:20:50   WARN]                    [Spawning|P] Removing NPC of type Boar due to overpopulation (expected: 11.869780, actual: 20)
[2026/02/09 04:20:50   WARN]                    [Spawning|P] Removing NPC of type Boar due to overpopulation (expected: 11.869780, actual: 19)
[2026/02/09 04:22:14   INFO]                [CommandManager] Console executed command: who
default (1): : OFME (xeNdok)
[2026/02/09 04:22:42   INFO]                [CommandManager] Console executed command: OP xeNdok
Could not find subcommand 'xeNdok', did you mean one of these commands?: 
/op add
/op self
/op remove
[2026/02/09 04:23:04   INFO]                [CommandManager] Console executed command: op add xeNdok
xeNdok is now an operator!
[2026/02/09 04:23:17   INFO]                [CommandManager] xeNdok executed command: block
[2026/02/09 04:23:21   INFO]                [CommandManager] xeNdok executed command: tp
[2026/02/09 04:23:28   INFO]                [CommandManager] xeNdok executed command: tp home
[2026/02/09 04:23:29   WARN]                    [Spawning|P] Removing NPC of type Sparrow due to overpopulation (expected: 2.209456, actual: 9)
[2026/02/09 04:23:30 SEVERE]                    [ChunkStore] Took too long to post-load process chunk: 137ms 278us > TICK_STEP, Has GC Run: true, WorldChunk{x=-30, z=0, flags=00000000000000000000000000000111}
[2026/02/09 04:23:30   WARN]                 [World|default] Task took 137ms 823us 400ns ns: java.util.concurrent.CompletableFuture$UniApply@6c3b2e4f
[2026/02/09 04:23:30   WARN]                    [Spawning|P] Removing NPC of type Sparrow due to overpopulation (expected: 2.246566, actual: 8)
[2026/02/09 04:23:30   WARN]                    [Spawning|P] Removing NPC of type Sparrow due to overpopulation (expected: 2.246566, actual: 7)
[2026/02/09 04:23:40   INFO]                [CommandManager] xeNdok executed command: set home
[2026/02/09 04:23:54   INFO]                [CommandManager] Console executed command: kick xeNdok
[2026/02/09 04:23:54   INFO]                        [Hytale] Disconnecting xeNdok at QuicConnectionAddress{connId=85570d0730c97e7aaf665348668d167af32245c7} (/25.9.60.222:63277, streamId=0) with the message: You were kicked.
[2026/02/09 04:23:54   INFO]                    [Universe|P] Removing player 'xeNdok' (93e8a8ed-d443-47a7-be67-97277b9ef260)
Kicked xeNdok!
[2026/02/09 04:23:54   INFO]                        [Hytale] {Playing(null (null, streamId=0)), 93e8a8ed-d443-47a7-be67-97277b9ef260, xeNdok} was closed.
[2026/02/09 04:23:54   INFO]                    [Universe|P] Removing player 'xeNdok' (93e8a8ed-d443-47a7-be67-97277b9ef260)
[2026/02/09 04:23:54   INFO]                 [QUICTransport] Connection closed: QuicheQuicConnectionStats[recv=23086, sent=58088, lost=0, retrans=4, sentBytes=48607332, recvBytes=1847211, lostBytes=0, streamRetransBytes=3571, pathsCount=1]
[2026/02/09 04:23:54   INFO]                  [Objectives|P] Checking objectives for disconnecting player 'xeNdok' (93e8a8ed-d443-47a7-be67-97277b9ef260)
[2026/02/09 04:23:54   INFO]                  [Objectives|P] Processing 0 active objectives for 'xeNdok' (93e8a8ed-d443-47a7-be67-97277b9ef260)
[2026/02/09 04:23:54   INFO]                 [PlayerSystems] Removing player 'xeNdok (OFME)' from world 'default' (93e8a8ed-d443-47a7-be67-97277b9ef260)
[2026/02/09 04:23:54   WARN]                    [Universe|P] Timeout or error waiting for player 'xeNdok' removal from world store
java.util.concurrent.CompletionException: java.lang.IllegalStateException: Invalid entity reference!
	at java.base/java.util.concurrent.CompletableFuture.encodeThrowable(CompletableFuture.java:315)
	at java.base/java.util.concurrent.CompletableFuture.completeThrowable(CompletableFuture.java:320)
	at java.base/java.util.concurrent.CompletableFuture$AsyncRun.run(CompletableFuture.java:1807)
	at com.hypixel.hytale.server.core.universe.world.World.consumeTaskQueue(World.java:904)
	at com.hypixel.hytale.server.core.universe.world.World.tick(World.java:403)
	at com.hypixel.hytale.server.core.util.thread.TickingThread.run(TickingThread.java:89)
	at java.base/java.lang.Thread.run(Thread.java:1583)
Caused by: java.lang.IllegalStateException: Invalid entity reference!
	at com.hypixel.hytale.component.Ref.validate(Ref.java:59)
	at com.hypixel.hytale.component.Store.__internal_getComponent(Store.java:1222)
	at com.hypixel.hytale.component.Store.getComponent(Store.java:1216)
	at com.hypixel.hytale.server.core.universe.Universe.lambda$removePlayer$0(Universe.java:1015)
	at java.base/java.util.concurrent.CompletableFuture$AsyncRun.run(CompletableFuture.java:1804)
	... 4 more
Caused by: java.lang.Throwable
	at com.hypixel.hytale.component.Ref.invalidate(Ref.java:55)
	at com.hypixel.hytale.component.Store.removeEntity(Store.java:879)
	at com.hypixel.hytale.component.Store.removeEntity(Store.java:819)
	at com.hypixel.hytale.component.Store.removeEntity(Store.java:813)
	at com.hypixel.hytale.server.core.universe.PlayerRef.removeFromStore(PlayerRef.java:244)
	at com.hypixel.hytale.server.core.entity.entities.Player.remove(Player.java:318)
	at com.hypixel.hytale.server.core.universe.Universe.lambda$removePlayer$0(Universe.java:1017)
	... 5 more

[2026/02/09 04:23:54   WARN]                 [World|default] Task took 68ms 77us 400ns ns: java.util.concurrent.CompletableFuture$AsyncRun@2eaa2d7f
[2026/02/09 04:24:01   WARN]         [UpdateLocationSystems] Entity has moved into a chunk that isn't currently loaded! -5, -2, com.hypixel.hytale.server.core.modules.entity.component.TransformComponent@66844038
[2026/02/09 04:24:04   WARN]                    [Spawning|P] Removing NPC of type Finch_Green due to overpopulation (expected: 0.450149, actual: 6)
[2026/02/09 04:24:05   WARN]                    [Spawning|P] Removing NPC of type Finch_Green due to overpopulation (expected: 0.423959, actual: 5)
[2026/02/09 04:24:09   INFO]                  [HytaleServer] Shutdown triggered!!!
[2026/02/09 04:24:09   INFO]                  [HytaleServer] Shutting down... 130  'null'
[2026/02/09 04:24:09   INFO]               [ServerManager|P] Closed listener [id: 0x4b6ad02b, L:/[0:0:0:0:0:0:0:0]:5520] and took 53ms 235us 600ns
[2026/02/09 04:24:09   INFO]               [ServerManager|P] Closed listener [id: 0xdc433400, L:/0.0.0.0:5520] and took 128us 800ns
[2026/02/09 04:24:09   INFO]               [ServerManager|P] Closed listener [id: 0x7e287011, L:/[0:0:0:0:0:0:0:1]:5520] and took 126us
[2026/02/09 04:24:09   INFO]                 [World|default] Stopping world default...
[2026/02/09 04:24:09   INFO]                 [World|default] Stopping background threads...
[2026/02/09 04:24:09   INFO]                 [World|default] Removing players...
[2026/02/09 04:24:09   INFO]                 [World|default] Waiting for loading chunks...
[2026/02/09 04:24:09   INFO]                 [World|default] Shutting down stores...
[2026/02/09 04:24:09   INFO]                 [World|default] Shutting down chunk generator...
[2026/02/09 04:24:09   INFO]                 [World|default] Saving Chunks...
[2026/02/09 04:24:09   INFO]                 [World|default] Queuing Chunks...
[2026/02/09 04:24:09   INFO]                 [World|default] Saving All Chunks...
[2026/02/09 04:24:09   INFO]                 [World|default] Waiting for Saving Chunks...
[2026/02/09 04:24:09   INFO]                 [World|default] Done Saving Chunks!
[2026/02/09 04:24:09   INFO]                [WorldGenerator] ChunkGenerator-0 executor shutdown complete
[2026/02/09 04:24:09   INFO]           [PlayerSavingSystems] Saving Players...
[2026/02/09 04:24:09   INFO]                 [World|default] Saving Config...
[2026/02/09 04:24:09   INFO]                    [Universe|P] Removing world exceptionally: default
[2026/02/09 04:24:09   INFO]                 [PluginManager] Saving plugins config...
[2026/02/09 04:24:09   INFO]                 [PluginManager] Shut down plugin Hytale:NPCObjectives
[2026/02/09 04:24:09   INFO]                 [PluginManager] Shut down plugin Hytale:Spawning
[2026/02/09 04:24:09   INFO]                 [PluginManager] Shut down plugin Hytale:NPCReputation
[2026/02/09 04:24:09   INFO]                 [PluginManager] Shut down plugin Hytale:NPCCombatActionEvaluator
[2026/02/09 04:24:09   INFO]                 [PluginManager] Shut down plugin Hytale:Portals
[2026/02/09 04:24:09   INFO]                 [PluginManager] Shut down plugin Hytale:Beds
[2026/02/09 04:24:09   INFO]                 [PluginManager] Shut down plugin Hytale:NPCShop
[2026/02/09 04:24:10   INFO]                 [PluginManager] Shut down plugin Hytale:Memories
[2026/02/09 04:24:10   INFO]                 [PluginManager] Shut down plugin Hytale:NPCEditor
[2026/02/09 04:24:10   INFO]                 [PluginManager] Shut down plugin Hytale:Flock
[2026/02/09 04:24:10   INFO]                 [PluginManager] Shut down plugin Hytale:Mounts
[2026/02/09 04:24:10   INFO]                 [PluginManager] Shut down plugin Hytale:NPC
[2026/02/09 04:24:10   INFO]                 [PluginManager] Shut down plugin Hytale:Camera
[2026/02/09 04:24:10   INFO]                 [PluginManager] Shut down plugin Hytale:DamageModule
[2026/02/09 04:24:10   INFO]                 [PluginManager] Shut down plugin Hytale:CreativeHub
[2026/02/09 04:24:10   INFO]                 [PluginManager] Shut down plugin Hytale:ObjectiveReputation
[2026/02/09 04:24:10   INFO]                 [PluginManager] Shut down plugin Hytale:ObjectiveShop
[2026/02/09 04:24:10   INFO]                 [PluginManager] Shut down plugin Hytale:StaminaModule
[2026/02/09 04:24:10   INFO]                 [PluginManager] Shut down plugin Hytale:Stash
[2026/02/09 04:24:10   INFO]                 [PluginManager] Shut down plugin Hytale:EntityUIModule
[2026/02/09 04:24:10   INFO]                 [PluginManager] Shut down plugin Hytale:Path
[2026/02/09 04:24:10   INFO]                 [PluginManager] Shut down plugin Hytale:Objectives
[2026/02/09 04:24:10   INFO]                 [PluginManager] Shut down plugin Hytale:Instances
[2026/02/09 04:24:10   INFO]                 [PluginManager] Shut down plugin Hytale:PrefabSpawnerModule
[2026/02/09 04:24:10   INFO]                 [PluginManager] Shut down plugin Hytale:BlockSpawner
[2026/02/09 04:24:10   INFO]                 [PluginManager] Shut down plugin Hytale:EntityStatsModule
[2026/02/09 04:24:10   INFO]                 [PluginManager] Shut down plugin Hytale:ShopReputation
[2026/02/09 04:24:10   INFO]                 [PluginManager] Shut down plugin Hytale:SingleplayerModule
[2026/02/09 04:24:10   INFO]                 [PluginManager] Shut down plugin Hytale:Crafting
[2026/02/09 04:24:10   INFO]                        [Shop|P] Barter shop state saved
[2026/02/09 04:24:10   INFO]                 [PluginManager] Shut down plugin Hytale:Shop
[2026/02/09 04:24:10   INFO]                 [PluginManager] Shut down plugin Hytale:Fluid
[2026/02/09 04:24:10   INFO]                 [PluginManager] Shut down plugin Hytale:Farming
[2026/02/09 04:24:10   INFO]                 [PluginManager] Shut down plugin Hytale:BuilderTools
[2026/02/09 04:24:10   INFO]                 [PluginManager] Shut down plugin Hytale:BlockPhysics
[2026/02/09 04:24:10   INFO]                 [PluginManager] Shut down plugin Hytale:Teleporter
[2026/02/09 04:24:10   INFO]                 [PluginManager] Shut down plugin Hytale:Ambience
[2026/02/09 04:24:10   INFO]                 [PluginManager] Shut down plugin Hytale:AssetEditor
[2026/02/09 04:24:10   INFO]                 [PluginManager] Shut down plugin Hytale:BlockStateModule
[2026/02/09 04:24:10   INFO]                 [PluginManager] Shut down plugin Hytale:WorldGen
[2026/02/09 04:24:10   INFO]                 [PluginManager] Shut down plugin Hytale:Teleport
[2026/02/09 04:24:10   INFO]                 [PluginManager] Shut down plugin Hytale:ProjectileModule
[2026/02/09 04:24:10   INFO]                 [PluginManager] Shut down plugin Hytale:Parkour
[2026/02/09 04:24:10   INFO]                 [PluginManager] Shut down plugin Hytale:Reputation
[2026/02/09 04:24:10   INFO]                 [PluginManager] Shut down plugin Hytale:Weather
[2026/02/09 04:24:10   INFO]                 [PluginManager] Shut down plugin Hytale:BlockModule
[2026/02/09 04:24:10   INFO]                 [PluginManager] Shut down plugin Hytale:BlockTypeModule
[2026/02/09 04:24:10   INFO]                 [PluginManager] Shut down plugin Hytale:ConnectedBlocksModule
[2026/02/09 04:24:10   INFO]                 [PluginManager] Shut down plugin Hytale:ServerPlayerListModule
[2026/02/09 04:24:10   INFO]                 [PluginManager] Shut down plugin Hytale:InteractionModule
[2026/02/09 04:24:10   INFO]                 [PluginManager] Shut down plugin Hytale:BlockHealthModule
[2026/02/09 04:24:10   INFO]                 [PluginManager] Shut down plugin Hytale:BlockTick
[2026/02/09 04:24:10   INFO]                 [PluginManager] Shut down plugin Hytale:EntityModule
[2026/02/09 04:24:10   INFO]                 [PluginManager] Shut down plugin Hytale:FlyCameraModule
[2026/02/09 04:24:10   INFO]                 [PluginManager] Shut down plugin Hytale:BlockSetModule
[2026/02/09 04:24:10   INFO]                 [PluginManager] Shut down plugin Hytale:Deployables
[2026/02/09 04:24:10   INFO]                 [PluginManager] Shut down plugin Hytale:PermissionsModule
[2026/02/09 04:24:10   INFO]                 [PluginManager] Shut down plugin Hytale:Mantling
[2026/02/09 04:24:10   INFO]                 [PluginManager] Shut down plugin Hytale:LANDiscovery
[2026/02/09 04:24:10   INFO]                 [PluginManager] Shut down plugin Hytale:LegacyModule
[2026/02/09 04:24:10   INFO]                 [PluginManager] Shut down plugin Hytale:I18nModule
[2026/02/09 04:24:10   INFO]                 [PluginManager] Shut down plugin Hytale:CosmeticsModule
[2026/02/09 04:24:10   INFO]                 [PluginManager] Shut down plugin Hytale:CommonAssetModule
[2026/02/09 04:24:10   INFO]                 [PluginManager] Shut down plugin Hytale:ItemModule
[2026/02/09 04:24:10   INFO]                 [PluginManager] Shut down plugin Hytale:HytaleGenerator
[2026/02/09 04:24:10   INFO]                 [PluginManager] Shut down plugin Hytale:SafetyRoll
[2026/02/09 04:24:10   INFO]                 [PluginManager] Shut down plugin Hytale:CommandMacro
[2026/02/09 04:24:10   INFO]                 [PluginManager] Shut down plugin Hytale:AccessControlModule
[2026/02/09 04:24:10   INFO]                 [PluginManager] Shut down plugin Hytale:UpdateModule
[2026/02/09 04:24:10   INFO]                 [PluginManager] Shut down plugin Hytale:TagSet
[2026/02/09 04:24:10   INFO]                 [PluginManager] Shut down plugin Hytale:Universe
[2026/02/09 04:24:10   INFO]                 [PluginManager] Shut down plugin Hytale:CrouchSlide
[2026/02/09 04:24:10   INFO]                 [PluginManager] Shut down plugin Hytale:Model
[2026/02/09 04:24:10   INFO]                 [PluginManager] Shut down plugin Hytale:SplitVelocity
[2026/02/09 04:24:10   INFO]                 [PluginManager] Shut down plugin Hytale:DebugPlugin
[2026/02/09 04:24:10   INFO]                 [PluginManager] Shut down plugin Hytale:CollisionModule
[2026/02/09 04:24:10   INFO]                 [PluginManager] Shut down plugin Hytale:TimeModule
[2026/02/09 04:24:10   INFO]               [ConsoleModule|P] Restoring terminal...
[2026/02/09 04:24:10   INFO]                 [PluginManager] Shut down plugin Hytale:ConsoleModule
[2026/02/09 04:24:10   INFO]             [PathWatcherThread] Stopped polling for changes in assets. Server will need to be rebooted to load changes!
[2026/02/09 04:24:10   INFO]                 [PluginManager] Shut down plugin Hytale:AssetModule
[2026/02/09 04:24:10   INFO]                 [PluginManager] Shut down plugin Hytale:MigrationModule
[2026/02/09 04:24:10   INFO]                 [PluginManager] Shut down plugin Hytale:SprintForce
[2026/02/09 04:24:10   INFO]                 [QUICTransport] Shutting down workerGroup...
[2026/02/09 04:24:10   INFO]               [ServerManager|P] Finished shutting down ServerManager...
[2026/02/09 04:24:10   INFO]                 [PluginManager] Shut down plugin Hytale:ServerManager
[2026/02/09 04:24:10   INFO]                 [PluginManager] Shut down plugin Hytale:WorldLocationCondition
[2026/02/09 04:24:10   INFO]                  [HytaleServer] Saving config...
[2026/02/09 04:24:10   INFO]                  [HytaleServer] Shutdown completed!
