[2026/02/10 02:08:53   INFO]           [HytaleServer] Starting HytaleServer
[2026/02/10 02:08:53   INFO]           [HytaleServer] Loading config...
[2026/02/10 02:08:53   INFO]           [HytaleServer] Authentication mode: OFFLINE
[2026/02/10 02:08:53   INFO]      [ServerAuthManager] No server tokens configured. Use /auth login to authenticate, or provide tokens via CLI/environment.
[2026/02/10 02:08:53   INFO]      [ServerAuthManager] Server session ID: 9eb3951d-2b92-4904-a115-0ae5d157aeb1
[2026/02/10 02:08:53   INFO]           [HytaleServer] Enabling Sentry
[2026/02/10 02:08:54   INFO]           [HytaleServer] Booting up HytaleServer - Version: 2026.01.28-87d03be09, Revision: 87d03be09c7f114f385971a3caa437033671b771
[2026/02/10 02:08:54   INFO]           [HytaleServer] Setup phase...
[2026/02/10 02:08:54   INFO]          [PluginManager] Loading pending core plugins!
[2026/02/10 02:08:54   INFO]          [PluginManager] - Hytale:ConsoleModule
[2026/02/10 02:08:54   INFO]          [PluginManager] - Hytale:PermissionsModule
[2026/02/10 02:08:54   INFO]          [PluginManager] - Hytale:UpdateModule
[2026/02/10 02:08:54   INFO]          [PluginManager] - Hytale:FlyCameraModule
[2026/02/10 02:08:54   INFO]          [PluginManager] - Hytale:AssetModule
[2026/02/10 02:08:54   INFO]          [PluginManager] - Hytale:CommonAssetModule
[2026/02/10 02:08:54   INFO]          [PluginManager] - Hytale:CosmeticsModule
[2026/02/10 02:08:54   INFO]          [PluginManager] - Hytale:ServerManager
[2026/02/10 02:08:54   INFO]          [PluginManager] - Hytale:I18nModule
[2026/02/10 02:08:54   INFO]          [PluginManager] - Hytale:ItemModule
[2026/02/10 02:08:54   INFO]          [PluginManager] - Hytale:BlockTypeModule
[2026/02/10 02:08:54   INFO]          [PluginManager] - Hytale:LegacyModule
[2026/02/10 02:08:54   INFO]          [PluginManager] - Hytale:BlockModule
[2026/02/10 02:08:54   INFO]          [PluginManager] - Hytale:BlockStateModule
[2026/02/10 02:08:54   INFO]          [PluginManager] - Hytale:CollisionModule
[2026/02/10 02:08:54   INFO]          [PluginManager] - Hytale:BlockSetModule
[2026/02/10 02:08:54   INFO]          [PluginManager] - Hytale:MigrationModule
[2026/02/10 02:08:54   INFO]          [PluginManager] - Hytale:BlockHealthModule
[2026/02/10 02:08:54   INFO]          [PluginManager] - Hytale:PrefabSpawnerModule
[2026/02/10 02:08:54   INFO]          [PluginManager] - Hytale:TimeModule
[2026/02/10 02:08:54   INFO]          [PluginManager] - Hytale:InteractionModule
[2026/02/10 02:08:54   INFO]          [PluginManager] - Hytale:EntityModule
[2026/02/10 02:08:54   INFO]          [PluginManager] - Hytale:EntityStatsModule
[2026/02/10 02:08:54   INFO]          [PluginManager] - Hytale:EntityUIModule
[2026/02/10 02:08:54   INFO]          [PluginManager] - Hytale:DamageModule
[2026/02/10 02:08:54   INFO]          [PluginManager] - Hytale:SplitVelocity
[2026/02/10 02:08:54   INFO]          [PluginManager] - Hytale:StaminaModule
[2026/02/10 02:08:54   INFO]          [PluginManager] - Hytale:DebugPlugin
[2026/02/10 02:08:54   INFO]          [PluginManager] - Hytale:ProjectileModule
[2026/02/10 02:08:54   INFO]          [PluginManager] - Hytale:ServerPlayerListModule
[2026/02/10 02:08:54   INFO]          [PluginManager] - Hytale:AccessControlModule
[2026/02/10 02:08:54   INFO]          [PluginManager] - Hytale:SingleplayerModule
[2026/02/10 02:08:54   INFO]          [PluginManager] - Hytale:Universe
[2026/02/10 02:08:54   INFO]          [PluginManager] - Hytale:ConnectedBlocksModule
[2026/02/10 02:08:54   INFO]          [PluginManager] Loading pending classpath plugins!
[2026/02/10 02:08:54   INFO]          [PluginManager] - Hytale:AssetEditor
[2026/02/10 02:08:54   INFO]          [PluginManager] - Hytale:BlockSpawner
[2026/02/10 02:08:54   INFO]          [PluginManager] - Hytale:BlockTick
[2026/02/10 02:08:54   INFO]          [PluginManager] - Hytale:BlockPhysics
[2026/02/10 02:08:54   INFO]          [PluginManager] - Hytale:BuilderTools
[2026/02/10 02:08:54   INFO]          [PluginManager] - Hytale:Crafting
[2026/02/10 02:08:54   INFO]          [PluginManager] - Hytale:CommandMacro
[2026/02/10 02:08:54   INFO]          [PluginManager] - Hytale:Instances
[2026/02/10 02:08:54   INFO]          [PluginManager] - Hytale:LANDiscovery
[2026/02/10 02:08:54   INFO]          [PluginManager] - Hytale:NPC
[2026/02/10 02:08:54   INFO]          [PluginManager] - Hytale:NPCObjectives
[2026/02/10 02:08:54   INFO]          [PluginManager] - Hytale:ObjectiveReputation
[2026/02/10 02:08:54   INFO]          [PluginManager] - Hytale:Objectives
[2026/02/10 02:08:54   INFO]          [PluginManager] - Hytale:ObjectiveShop
[2026/02/10 02:08:54   INFO]          [PluginManager] - Hytale:Path
[2026/02/10 02:08:54   INFO]          [PluginManager] - Hytale:Reputation
[2026/02/10 02:08:54   INFO]          [PluginManager] - Hytale:NPCReputation
[2026/02/10 02:08:54   INFO]          [PluginManager] - Hytale:Shop
[2026/02/10 02:08:54   INFO]          [PluginManager] - Hytale:ShopReputation
[2026/02/10 02:08:54   INFO]          [PluginManager] - Hytale:NPCShop
[2026/02/10 02:08:54   INFO]          [PluginManager] - Hytale:NPCEditor
[2026/02/10 02:08:54   INFO]          [PluginManager] - Hytale:Stash
[2026/02/10 02:08:54   INFO]          [PluginManager] - Hytale:TagSet
[2026/02/10 02:08:54   INFO]          [PluginManager] - Hytale:Teleport
[2026/02/10 02:08:54   INFO]          [PluginManager] - Hytale:Fluid
[2026/02/10 02:08:54   INFO]          [PluginManager] - Hytale:Weather
[2026/02/10 02:08:54   INFO]          [PluginManager] - Hytale:WorldGen
[2026/02/10 02:08:54   INFO]          [PluginManager] - Hytale:Farming
[2026/02/10 02:08:54   INFO]          [PluginManager] - Hytale:Camera
[2026/02/10 02:08:54   INFO]          [PluginManager] - Hytale:WorldLocationCondition
[2026/02/10 02:08:54   INFO]          [PluginManager] - Hytale:NPCCombatActionEvaluator
[2026/02/10 02:08:54   INFO]          [PluginManager] - Hytale:Model
[2026/02/10 02:08:54   INFO]          [PluginManager] - Hytale:Mantling
[2026/02/10 02:08:54   INFO]          [PluginManager] - Hytale:SafetyRoll
[2026/02/10 02:08:54   INFO]          [PluginManager] - Hytale:SprintForce
[2026/02/10 02:08:54   INFO]          [PluginManager] - Hytale:CrouchSlide
[2026/02/10 02:08:54   INFO]          [PluginManager] - Hytale:Parkour
[2026/02/10 02:08:54   INFO]          [PluginManager] - Hytale:Mounts
[2026/02/10 02:08:54   INFO]          [PluginManager] - Hytale:HytaleGenerator
[2026/02/10 02:08:54   INFO]          [PluginManager] - Hytale:Teleporter
[2026/02/10 02:08:54   INFO]          [PluginManager] - Hytale:Memories
[2026/02/10 02:08:54   INFO]          [PluginManager] - Hytale:Deployables
[2026/02/10 02:08:54   INFO]          [PluginManager] - Hytale:Portals
[2026/02/10 02:08:54   INFO]          [PluginManager] - Hytale:Beds
[2026/02/10 02:08:54   INFO]          [PluginManager] - Hytale:Ambience
[2026/02/10 02:08:54   INFO]          [PluginManager] - Hytale:CreativeHub
[2026/02/10 02:08:54   INFO]          [PluginManager] Loading pending plugins from directory: mods
[2026/02/10 02:08:54   INFO]          [AssetModule|P] Asset monitor enabled!
[2026/02/10 02:08:54   INFO]          [AssetModule|P] Loaded pack: Hytale:Hytale from Assets.zip
[2026/02/10 02:08:54   INFO]          [AssetModule|P] Loading packs from directory: mods
[2026/02/10 02:08:54   WARN]          [AssetModule|P] Skipping pack at Hytale_Shop: missing or invalid manifest.json
[2026/02/10 02:08:55   INFO]        [ConsoleModule|P] Setup console with type: windows-vtp
[2026/02/10 02:08:55   INFO]      [ServerAuthManager] Server certificate set: CN=localhost
[2026/02/10 02:08:55   INFO]          [QUICTransport] Server certificate registered for mutual auth, fingerprint: qM9D41vchByIAFArVRqTPnpCWMAzN2NGj5bDbcstJXM
[2026/02/10 02:08:55   INFO]          [QUICTransport] Using IPv4 Datagram Channel: NioDatagramChannel(INET)...
[2026/02/10 02:08:55   INFO]          [QUICTransport] Using IPv6 Datagram Channel: NioDatagramChannel(INET6)...
[2026/02/10 02:08:55   INFO]        [ServerManager|P] Took 849ms 449us 900ns to setup transport!
[2026/02/10 02:08:57   INFO]      [ServerAuthManager] Auth credential store: Memory
[2026/02/10 02:08:57   INFO]           [HytaleServer] Setup phase completed! Boot time 3sec 435ms 801us 400ns
[2026/02/10 02:08:57   INFO]                 [Hytale] Loading common assets from: /
[2026/02/10 02:08:57   INFO]    [CommonAssetModule|P] Took 121ms 903us 400ns to load 22992 assets from CommonAssetsIndex.hashes file.
[2026/02/10 02:08:57   WARN]    [CommonAssetModule|P] Duplicated Asset Count: 933
[2026/02/10 02:08:57   INFO]                 [Hytale] Loading common assets phase completed! Boot time 3sec 558ms 448us 500ns, Took 122ms 298us 500ns
[2026/02/10 02:08:57   INFO]    [AssetRegistryLoader] Loading 91 asset stores...
[2026/02/10 02:08:57   INFO]    [AssetRegistryLoader] Pre-adding assets...
[2026/02/10 02:08:57   INFO]      [CollisionModule|P] Block extents for CollisionSystem is Max=0.0, Min=0.0
[2026/02/10 02:08:57   INFO]                 [Hytale] Loading assets from: /Server
[2026/02/10 02:08:57   INFO]    [AssetRegistryLoader] Loading assets from /Server
[2026/02/10 02:08:57   WARN]       [MacroCommandBase] Could not parse default argument value for argument: 'world' on Macro Command: 'settimeandgohome'.
server.commands.errors.noSuchWorld{name=com.hypixel.hytale.protocol.StringParamValue@bf4c6e40}
server.commands.errors.noSuchWorld{name=com.hypixel.hytale.protocol.StringParamValue@bf4c6e40}
[2026/02/10 02:08:57   WARN]       [BlockSetModule|P] Creating block sets: Failed to find block name 'Furniture_Temple_Light_Statue'
[2026/02/10 02:08:57   WARN]       [BlockSetModule|P] Creating block sets: Failed to find block name 'Ingredient_Hay'
[2026/02/10 02:08:57   WARN]       [BlockSetModule|P] Creating block sets: Failed to find block name 'Wood_Softwood_Planks'
[2026/02/10 02:08:57   WARN]       [BlockSetModule|P] Creating block sets: Failed to find block name 'Furniture_Feran_Bed'
[2026/02/10 02:08:57   WARN]       [BlockSetModule|P] Creating block sets: Failed to find block name 'Coop_Chicken'
[2026/02/10 02:08:57   WARN]       [BlockSetModule|P] Creating block sets: Failed to find hitbox name 'Fence'
[2026/02/10 02:08:57   WARN]       [BlockSetModule|P] Creating block sets: Failed to find hitbox name 'Fence_Gate'
[2026/02/10 02:08:57   WARN]       [BlockSetModule|P] Creating block sets: Failed to find hitbox name 'Fence_Gate_Open_In'
[2026/02/10 02:08:57   WARN]       [BlockSetModule|P] Creating block sets: Failed to find hitbox name 'Fence_Gate_Open_Out'
[2026/02/10 02:08:57   WARN]       [BlockSetModule|P] Creating block sets: Failed to find hitbox name 'Fence_Thin'
[2026/02/10 02:08:57   WARN]       [BlockSetModule|P] Creating block sets: Failed to find hitbox name 'Fence_Thick'
[2026/02/10 02:08:57   WARN]       [BlockSetModule|P] Creating block sets: Failed to find hitbox name 'Fence_Corner'
[2026/02/10 02:08:57   WARN]       [BlockSetModule|P] Creating block sets: Failed to find hitbox name 'Fence_Corner_Thin'
[2026/02/10 02:08:57   WARN]       [BlockSetModule|P] Creating block sets: Failed to find hitbox name 'Fence_Corner_Thick'
[2026/02/10 02:08:57   WARN]       [BlockSetModule|P] Creating block sets: Failed to find block name 'Furniture_Crude_Bed'
[2026/02/10 02:08:57   WARN]       [BlockSetModule|P] Creating block sets: Failed to find block name 'Soil_Grass'
[2026/02/10 02:08:57   WARN]       [BlockSetModule|P] Creating block sets: Failed to find block name 'Soil_Dirt'
[2026/02/10 02:08:57   WARN]       [BlockSetModule|P] Creating block sets: Failed to find block name 'Soil_Dirt_Poisoned'
[2026/02/10 02:08:57   WARN]       [BlockSetModule|P] Creating block sets: Failed to find block name 'Soil_Mud'
[2026/02/10 02:08:57   WARN]       [BlockSetModule|P] Creating block sets: Failed to find block name 'Deco_Bone_Pile'
[2026/02/10 02:08:57   WARN]       [BlockSetModule|P] Creating block sets: Failed to find block name 'Deco_Bone_Skulls'
[2026/02/10 02:08:57   WARN]       [BlockSetModule|P] Creating block sets: Failed to find block name 'Soil_Gravel_Sand'
[2026/02/10 02:08:57   WARN]       [BlockSetModule|P] Creating block sets: Failed to find block name 'Soil_Dirt'
[2026/02/10 02:08:57   WARN]       [BlockSetModule|P] Creating block sets: Failed to find block name 'Soil_Clay'
[2026/02/10 02:08:57   WARN]       [BlockSetModule|P] Creating block sets: Failed to find block name 'Rock_Stone'
[2026/02/10 02:08:57   WARN]       [BlockSetModule|P] Creating block sets: Failed to find block name 'Rock_Marble'
[2026/02/10 02:08:57   WARN]       [BlockSetModule|P] Creating block sets: Failed to find block name 'Rock_Chalk'
[2026/02/10 02:08:57   WARN] [AssetStore|CustomConnectedBlockTemplateAsset] Unused key(s) in 'RailsConnectedBlockTemplate' file /Server/Item/CustomConnectedBlockTemplates/RailsConnectedBlockTemplate.json: MaterialName
[2026/02/10 02:08:57   WARN] [AssetStore|CustomConnectedBlockTemplateAsset] Unused key(s) in 'DoorLargeConnectedBlockTemplate' file /Server/Item/CustomConnectedBlockTemplates/DoorLargeConnectedBlockTemplate.json: ConnectsToOtherTemplates
[2026/02/10 02:08:57   INFO]      [CollisionModule|P] Block extents for CollisionSystem is Max=3.0, Min=0.0
[2026/02/10 02:08:57   WARN] [AssetStore|AssignmentsAsset] Unused key(s) in 'Runtime_Defect_1' file /Server/HytaleGenerator/Assignments/Dev/Runtime_Defect_1.json: Prop.BoxBlockType
[2026/02/10 02:08:57   WARN] [AssetStore|AssignmentsAsset] Unused key(s) in 'Plains1_Deeproot_Grasses' file /Server/HytaleGenerator/Assignments/Plains1/Plains1_Deeproot_Grasses.json: FieldFunction.CacheSize
[2026/02/10 02:08:57   INFO]             [HytaleGenerator] Exported Scanner asset with name 'Desert1_Oasis_Grasses_Scanner' with asset id 'null
[2026/02/10 02:08:57   WARN] [AssetStore|AssignmentsAsset] Unused key(s) in 'Runtime_Defect_0' file /Server/HytaleGenerator/Assignments/Dev/Runtime_Defect_0.json: Prop.BoxBlockType
[2026/02/10 02:08:57   WARN] [AssetStore|AssignmentsAsset] Unused key(s) in 'Desert1_Oasis_Grasses' file /Server/HytaleGenerator/Assignments/Desert1/Desert1_Oasis_Grasses.json: $Comments
[2026/02/10 02:08:57   WARN]             [HytaleGenerator] Duplicate export name for asset: Volcanic1_Swamp_Bushes_Jungles_Pattern
[2026/02/10 02:08:57   WARN]             [HytaleGenerator] Duplicate export name for asset: Plains1_OakPattern_Floor_Grass
[2026/02/10 02:08:57   WARN] [AssetStore|AssignmentsAsset] Unused key(s) in 'Plains1_Mountains_Grasses' file /Server/HytaleGenerator/Assignments/Plains1/Plains1_Mountains_Grasses.json: FieldFunction.CacheSize
[2026/02/10 02:08:57   INFO]             [HytaleGenerator] Exported Scanner asset with name 'Desert1_Boulders_Scanner' with asset id 'null
[2026/02/10 02:08:57   WARN] [AssetStore|AssignmentsAsset] Unused key(s) in 'Desert1_Oasis_Boulders' file /Server/HytaleGenerator/Assignments/Desert1/Desert1_Oasis_Boulders.json: $Comments
[2026/02/10 02:08:57   WARN]             [HytaleGenerator] Duplicate export name for asset: Plains1_OakPattern_Floor_Grass
[2026/02/10 02:08:57   WARN]             [HytaleGenerator] Duplicate export name for asset: Desert1_Boulders_Scanner
[2026/02/10 02:08:57   INFO]             [HytaleGenerator] Exported Scanner asset with name 'Desert1_Boulders_Scanner' with asset id 'null
[2026/02/10 02:08:57   INFO]             [HytaleGenerator] Exported Scanner asset with name 'Desert1_Boab_Scanner' with asset id 'null
[2026/02/10 02:08:57   WARN] [AssetStore|AssignmentsAsset] Unused key(s) in 'Desert1_Oasis_Flowers' file /Server/HytaleGenerator/Assignments/Desert1/Desert1_Oasis_Flowers.json: $Comments
[2026/02/10 02:08:57   INFO]             [HytaleGenerator] Exported Scanner asset with name 'Plains1_Gorges_Boulder_Scanner' with asset id 'null
[2026/02/10 02:08:57   WARN] [AssetStore|AssignmentsAsset] Unused key(s) in 'Plains1_Oak_Bushes' file /Server/HytaleGenerator/Assignments/Plains1/Plains1_Oak_Bushes.json: FieldFunction.CacheSize
[2026/02/10 02:08:57   INFO]             [HytaleGenerator] Exported Scanner asset with name 'Plains1_Gorges_Tree_Scanner' with asset id 'null
[2026/02/10 02:08:57   WARN]             [HytaleGenerator] Duplicate export name for asset: Plains1_Sticks
[2026/02/10 02:08:57   WARN] [AssetStore|AssignmentsAsset] Unused key(s) in 'Taiga1_Rivers_Grasses' file /Server/HytaleGenerator/Assignments/Taiga1/Taiga1_Rivers_Grasses.json: $Comments
[2026/02/10 02:08:57   WARN]             [HytaleGenerator] Duplicate export name for asset: Plains1_OakPattern_Floor_Grass
[2026/02/10 02:08:57   INFO]             [HytaleGenerator] Exported Scanner asset with name 'Desert1_Oasis_Plants_2_Scanner' with asset id 'null
[2026/02/10 02:08:57   WARN] [AssetStore|AssignmentsAsset] Unused key(s) in 'Desert1_Oasis_Flowers_2' file /Server/HytaleGenerator/Assignments/Desert1/Desert1_Oasis_Flowers_2.json: $Comments
[2026/02/10 02:08:57   INFO]             [HytaleGenerator] Exported Scanner asset with name 'Desert1_Dry_Scanner' with asset id 'null
[2026/02/10 02:08:57   WARN] [AssetStore|AssignmentsAsset] Unused key(s) in 'Desert1_Oasis_Trees_Dry' file /Server/HytaleGenerator/Assignments/Desert1/Desert1_Oasis_Trees_Dry.json: $Comments
[2026/02/10 02:08:57   INFO]             [HytaleGenerator] Exported Scanner asset with name 'Desert1_Palm_Scanner' with asset id 'null
[2026/02/10 02:08:57   WARN]         [AssetStore|ModelVFX] Asset key 'test' for file '/Server/Entity/ModelVFX/test.json' has incorrect format! Expected: 'Test'
[2026/02/10 02:08:57   WARN] [AssetStore|WorldStructureAsset] Unused key(s) in 'Interpolation' file /Server/HytaleGenerator/WorldStructures/Dev/Interpolation.json: BiomeTransitions
[2026/02/10 02:08:58   WARN]      [AssetStore|ParticleSystem] Unused key(s) in 'Potion_Health_Implosion' file /Server/Particles/Status_Effect/Potion_Health/Potion_Health_Implosion.particlesystem: Spawners.0.Scale
[2026/02/10 02:08:58   WARN]      [AssetStore|ParticleSystem] Unused key(s) in 'Potion_Stamina_Burst' file /Server/Particles/Status_Effect/Potion_Stamina/Potion_Stamina_Burst.particlesystem: Spawners.0.Scale
[2026/02/10 02:08:58   WARN]      [AssetStore|ParticleSystem] Unused key(s) in 'Potion_Morph_Burst' file /Server/Particles/Status_Effect/Potion_Morph/Potion_Morph_Burst.particlesystem: Spawners.0.Scale
[2026/02/10 02:08:58   WARN]         [AssetStore|Environment] Asset key 'Env_Temple_of_Gaia' for file '/Server/Environments/Unique/Env_Temple_of_Gaia.json' has incorrect format! Expected: 'Env_Temple_Of_Gaia'
[2026/02/10 02:08:59   WARN]     [AssetStore|PrefabListAsset] Asset key 'Trees_Fir_red' for file '/Server/PrefabList/Trees_Fir_red.json' has incorrect format! Expected: 'Trees_Fir_Red'
[2026/02/10 02:08:59   WARN]     [AssetStore|PrefabListAsset] Asset key 'Trees_Ash_swamp_dead' for file '/Server/PrefabList/Trees_Ash_swamp_dead.json' has incorrect format! Expected: 'Trees_Ash_Swamp_Dead'
[2026/02/10 02:08:59   WARN]     [AssetStore|PrefabListAsset] Asset key 'Trees_Ash_twisted_Giant' for file '/Server/PrefabList/Trees_Ash_twisted_Giant.json' has incorrect format! Expected: 'Trees_Ash_Twisted_Giant'
[2026/02/10 02:08:59   WARN]     [AssetStore|PrefabListAsset] Asset key 'Trees_Ash_twisted' for file '/Server/PrefabList/Trees_Ash_twisted.json' has incorrect format! Expected: 'Trees_Ash_Twisted'
[2026/02/10 02:08:59   WARN]     [AssetStore|PrefabListAsset] Asset key 'Trees_Ash_swamp' for file '/Server/PrefabList/Trees_Ash_swamp.json' has incorrect format! Expected: 'Trees_Ash_Swamp'
[2026/02/10 02:08:59   WARN]     [AssetStore|PrefabListAsset] Asset key 'Trees_Burnt_dead' for file '/Server/PrefabList/Trees_Burnt_dead.json' has incorrect format! Expected: 'Trees_Burnt_Dead'
[2026/02/10 02:08:59   WARN]     [AssetStore|PrefabListAsset] Asset key 'Trees_Ash_twisted_Large' for file '/Server/PrefabList/Trees_Ash_twisted_Large.json' has incorrect format! Expected: 'Trees_Ash_Twisted_Large'
[2026/02/10 02:08:59   WARN]  [AssetStore|ScriptedBrushAsset] Unused key(s) in 'FluidMaskExample' file /Server/ScriptedBrushes/Examples/FluidMaskExample.json: Description
[2026/02/10 02:08:59   WARN]  [AssetStore|ScriptedBrushAsset] Unused key(s) in 'Walls-Floors' file /Server/ScriptedBrushes/Archive/Walls-Floors.json: Operations.0.Offset
[2026/02/10 02:08:59   WARN]  [AssetStore|ScriptedBrushAsset] Asset key 'templePillars' for file '/Server/ScriptedBrushes/Archive/templePillars.json' has incorrect format! Expected: 'TemplePillars'
[2026/02/10 02:08:59   WARN]  [AssetStore|ScriptedBrushAsset] Asset key 'templeFloor' for file '/Server/ScriptedBrushes/Archive/templeFloor.json' has incorrect format! Expected: 'TempleFloor'
[2026/02/10 02:08:59   WARN]  [AssetStore|ScriptedBrushAsset] Asset key 'BoulderBrush_old' for file '/Server/ScriptedBrushes/Archive/BoulderBrush_old.json' has incorrect format! Expected: 'BoulderBrush_Old'
[2026/02/10 02:08:59   WARN]  [AssetStore|ScriptedBrushAsset] Asset key 'moltenBall' for file '/Server/ScriptedBrushes/Archive/moltenBall.json' has incorrect format! Expected: 'MoltenBall'
[2026/02/10 02:08:59   WARN]  [AssetStore|ScriptedBrushAsset] Unused key(s) in 'ReplaceWaterExample' file /Server/ScriptedBrushes/Examples/ReplaceWaterExample.json: Description
[2026/02/10 02:08:59   WARN]  [AssetStore|ScriptedBrushAsset] Asset key 'templeWalls' for file '/Server/ScriptedBrushes/Archive/templeWalls.json' has incorrect format! Expected: 'TempleWalls'
[2026/02/10 02:08:59   WARN]  [AssetStore|ScriptedBrushAsset] Asset key 'templeDestruction' for file '/Server/ScriptedBrushes/Archive/templeDestruction.json' has incorrect format! Expected: 'TempleDestruction'
[2026/02/10 02:08:59   WARN]  [AssetStore|ScriptedBrushAsset] Asset key 'keepDestruction' for file '/Server/ScriptedBrushes/Archive/keepDestruction.json' has incorrect format! Expected: 'KeepDestruction'
[2026/02/10 02:08:59   WARN]  [AssetStore|ScriptedBrushAsset] Asset key 'MountainBrush_old' for file '/Server/ScriptedBrushes/Archive/MountainBrush_old.json' has incorrect format! Expected: 'MountainBrush_Old'
[2026/02/10 02:08:59   WARN]  [AssetStore|ScriptedBrushAsset] Asset key 'templeRandom' for file '/Server/ScriptedBrushes/Archive/templeRandom.json' has incorrect format! Expected: 'TempleRandom'
[2026/02/10 02:08:59   WARN]          [AssetStore|BiomeAsset] Unused key(s) in 'Something' file /Server/HytaleGenerator/Biomes/Experimental/Something.json: Terrain.Density.Inputs.0.Inputs.0.Inputs.0.Inputs.0.CacheSize, Terrain.Density.Inputs.0.Inputs.0.Inputs.0.Inputs.1.Inputs.0.CacheSize, Terrain.Density.Inputs.0.Inputs.0.Inputs.1.Inputs.0.CacheSize, Terrain.Density.Inputs.0.Inputs.0.Inputs.1.Inputs.1.Inputs.0.Inputs.0.Inputs.0.Inputs.0.Sampled, Terrain.Density.Inputs.0.Inputs.0.Inputs.1.Inputs.3.Inputs.0.Inputs.0.CacheSize, Terrain.Density.Inputs.0.Inputs.1.Inputs.0.CacheSize, Terrain.Density.Inputs.0.Inputs.1.Inputs.1.Inputs.0.Inputs.0.CacheSize
[2026/02/10 02:08:59   WARN]                [HytaleGenerator] Duplicate export name for asset: pattern1
[2026/02/10 02:08:59   WARN]          [AssetStore|BiomeAsset] Unused key(s) in 'Example_Mixer_Gradient' file /Server/HytaleGenerator/Biomes/Examples/Example_Mixer_Gradient.json: Terrain.Density.Inputs.0.Inputs.0.Inputs.0.Inputs.0.Inputs.0.Inputs.0.CacheSize, Terrain.Density.Inputs.1.Inputs.0.Inputs.0.Inputs.0.Inputs.0.Inputs.0.CacheSize, Terrain.Density.Inputs.2.Inputs.0.CacheSize
[2026/02/10 02:08:59   WARN]                [HytaleGenerator] Duplicate export name for asset: werstjrtydkm,
[2026/02/10 02:08:59   WARN]          [AssetStore|BiomeAsset] Unused key(s) in 'Boreal1_Henges' file /Server/HytaleGenerator/Biomes/Boreal1/Boreal1_Henges.json: Terrain.Density.Inputs.0.Inputs.1.Inputs.0.Inputs.0.Inputs.0.Inputs.1.Inputs.0.Inputs.0.Inputs.0.Positions.Positions.OffsetX, Terrain.Density.Inputs.0.Inputs.1.Inputs.0.Inputs.0.Inputs.0.Inputs.1.Inputs.0.Inputs.0.Inputs.0.Positions.Positions.OffsetY, Terrain.Density.Inputs.0.Inputs.1.Inputs.0.Inputs.0.Inputs.0.Inputs.1.Inputs.0.Inputs.0.Inputs.0.Positions.Positions.OffsetZ, Terrain.Density.Inputs.0.Inputs.1.Inputs.0.Inputs.1.Inputs.0.Inputs.1.Inputs.0.Inputs.0.Inputs.0.Inputs.0.Positions.Positions.OffsetX, Terrain.Density.Inputs.0.Inputs.1.Inputs.0.Inputs.1.Inputs.0.Inputs.1.Inputs.0.Inputs.0.Inputs.0.Inputs.0.Positions.Positions.OffsetY, Terrain.Density.Inputs.0.Inputs.1.Inputs.0.Inputs.1.Inputs.0.Inputs.1.Inputs.0.Inputs.0.Inputs.0.Inputs.0.Positions.Positions.OffsetZ
[2026/02/10 02:08:59   WARN]          [AssetStore|BiomeAsset] Unused key(s) in 'Example_Fluid' file /Server/HytaleGenerator/Biomes/Examples/Example_Fluid.json: Terrain.Density.Inputs.0.CacheSize, MaterialProvider.Empty.Queue.0.BaseHeight
[2026/02/10 02:08:59   WARN]          [AssetStore|BiomeAsset] Unused key(s) in 'Example_Prop' file /Server/HytaleGenerator/Biomes/Examples/Example_Prop.json: Terrain.Density.Inputs.0.CacheSize
[2026/02/10 02:08:59   WARN]          [AssetStore|BiomeAsset] Unused key(s) in 'Fake3dNoise' file /Server/HytaleGenerator/Biomes/Examples/Fake3dNoise.json: Terrain.Density.Inputs.1.CacheSize, Terrain.Density.Inputs.2.Inputs.1.Inputs.0.Inputs.0.CacheSize, Terrain.Density.Inputs.2.Inputs.1.Inputs.0.Inputs.1.CacheSize, Terrain.Density.Inputs.2.Inputs.1.Inputs.0.Inputs.2.CacheSize, Terrain.Density.Inputs.2.Inputs.1.Inputs.0.Inputs.3.CacheSize, Terrain.Density.Inputs.2.Inputs.1.Inputs.0.Inputs.4.CacheSize, Terrain.Density.Inputs.2.Inputs.1.Inputs.0.Inputs.5.CacheSize
[2026/02/10 02:08:59   INFO]                [HytaleGenerator] Exported Scanner asset with name 'BasicForestTreeScanner' with asset id 'null
[2026/02/10 02:08:59   WARN]          [AssetStore|BiomeAsset] Unused key(s) in 'CursebreakerKeyartBiome' file /Server/HytaleGenerator/Biomes/Experimental/CursebreakerKeyartBiome.json: Terrain.Density.Inputs.0.Inputs.0.Inputs.0.Inputs.0.Inputs.0.Inputs.0.CacheSize, Terrain.Density.Inputs.0.Inputs.0.Inputs.0.Inputs.1.Inputs.0.Inputs.0.CacheSize, Terrain.Density.Inputs.0.Inputs.0.Inputs.1.Inputs.0.Inputs.0.Inputs.0.Inputs.0.CacheSize, Terrain.Density.Inputs.0.Inputs.1.Inputs.0.Inputs.0.Inputs.0.CacheSize
[2026/02/10 02:08:59   WARN]          [AssetStore|BiomeAsset] Unused key(s) in 'Example_Multi_Mixer_Horizontal' file /Server/HytaleGenerator/Biomes/Examples/Example_Multi_Mixer_Horizontal.json: Terrain.Density.Inputs.0.Inputs.0.Inputs.0.Inputs.0.CacheSize, Terrain.Density.Inputs.0.Inputs.0.Inputs.0.Inputs.1.CacheSize, Terrain.Density.Inputs.0.Inputs.0.Inputs.0.Inputs.2.CacheSize, Terrain.Density.Inputs.0.Inputs.0.Inputs.0.Inputs.3.CacheSize
[2026/02/10 02:08:59   WARN]                [HytaleGenerator] Duplicate export name for asset: Taiga1_Rewood_Trees_Mask
[2026/02/10 02:08:59   WARN]          [AssetStore|BiomeAsset] Unused key(s) in 'Plains1_Deeproot' file /Server/HytaleGenerator/Biomes/Plains1/Plains1_Deeproot.json: Props.5.Positions.OffsetX, Props.5.Positions.OffsetY, Props.5.Positions.OffsetZ
[2026/02/10 02:08:59   WARN]          [AssetStore|BiomeAsset] Unused key(s) in 'SingleInstance_Test' file /Server/HytaleGenerator/Biomes/Examples/SingleInstance_Test.json: Terrain.Density.Inputs.0.Inputs.1.SingleInstance
[2026/02/10 02:08:59   WARN]          [AssetStore|BiomeAsset] Unused key(s) in 'Example_Multi_Mixer_Curve' file /Server/HytaleGenerator/Biomes/Examples/Example_Multi_Mixer_Curve.json: Terrain.Density.Inputs.0.Inputs.0.Inputs.0.Inputs.0.CacheSize, Terrain.Density.Inputs.0.Inputs.1.Inputs.0.Inputs.0.Inputs.0.Inputs.0.CacheSize, Terrain.Density.Inputs.0.Inputs.1.Inputs.0.Inputs.0.Inputs.0.Inputs.1.CacheSize, Terrain.Density.Inputs.0.Inputs.1.Inputs.0.Inputs.0.Inputs.0.Inputs.2.CacheSize, Terrain.Density.Inputs.0.Inputs.1.Inputs.1.CacheSize, Terrain.Density.Inputs.1.Inputs.0.CacheSize
[2026/02/10 02:08:59   WARN]          [AssetStore|BiomeAsset] Unused key(s) in 'Arches' file /Server/HytaleGenerator/Biomes/Experimental/Arches.json: Terrain.Density.Inputs.0.Inputs.0.Inputs.0.Inputs.0.Inputs.0.CacheSize, Terrain.Density.Inputs.0.Inputs.1.Inputs.0.Inputs.0.Inputs.0.CacheSize, Terrain.Density.Inputs.0.Inputs.1.Inputs.0.Inputs.0.Inputs.0.Inputs.0.ReturnType.Density.CacheSize, Terrain.Density.Inputs.0.Inputs.1.Inputs.0.Inputs.1.Inputs.0.CacheSize, Terrain.Density.Inputs.0.Inputs.1.Inputs.0.Inputs.1.Inputs.0.Inputs.0.ReturnType.Density.Inputs.0.Inputs.0.Inputs.0.CacheSize, Terrain.Density.Inputs.0.Inputs.1.Inputs.0.Inputs.2.Inputs.0.CacheSize
[2026/02/10 02:08:59   WARN]          [AssetStore|BiomeAsset] Unused key(s) in 'Dunes' file /Server/HytaleGenerator/Biomes/Experimental/Dunes.json: Terrain.Density.Inputs.0.Inputs.0.Inputs.0.Inputs.0.Inputs.0.Inputs.1.Inputs.0.Inputs.0.Inputs.0.CacheSize, Terrain.Density.Inputs.0.Inputs.0.Inputs.0.Inputs.0.Inputs.0.Inputs.1.Inputs.0.Inputs.1.Inputs.0.CacheSize, Terrain.Density.Inputs.0.Inputs.0.Inputs.0.Inputs.1.Inputs.0.Inputs.0.Inputs.0.CacheSize, Terrain.Density.Inputs.0.Inputs.0.Inputs.0.Inputs.1.Inputs.0.Inputs.1.Inputs.0.CacheSize, Terrain.Density.Inputs.0.Inputs.0.Inputs.1.Inputs.0.Inputs.0.Inputs.1.Inputs.0.Inputs.0.Inputs.0.CacheSize, Terrain.Density.Inputs.0.Inputs.0.Inputs.1.Inputs.0.Inputs.0.Inputs.1.Inputs.0.Inputs.1.Inputs.0.CacheSize, Terrain.Density.Inputs.0.Inputs.0.Inputs.1.Inputs.1.Inputs.0.Inputs.0.CacheSize, Terrain.Density.Inputs.0.Inputs.0.Inputs.1.Inputs.1.Inputs.1.Inputs.0.CacheSize, Terrain.Density.Inputs.0.Inputs.1.Inputs.0.Inputs.0.Inputs.0.Inputs.0.CacheSize, Terrain.Density.Inputs.0.Inputs.1.Inputs.1.Inputs.0.CacheSize, MaterialProvider.Solid.Queue.0.FieldFunction.CacheSize
[2026/02/10 02:08:59   WARN]                [HytaleGenerator] Duplicate export name for asset: River-Boulders-Mask
[2026/02/10 02:08:59   WARN]          [AssetStore|BiomeAsset] Unused key(s) in 'Basic' file /Server/HytaleGenerator/Biomes/Basic.json: Props.0.Assignments.Prop.BoxBlockType
[2026/02/10 02:08:59   WARN]                [HytaleGenerator] Duplicate export name for asset: River-Boulders-Mask
[2026/02/10 02:08:59   WARN]                [HytaleGenerator] Duplicate export name for asset: Desert1_Rivers_Cliffs
[2026/02/10 02:08:59   WARN]                [HytaleGenerator] Duplicate export name for asset: River-Boulders-Mask
[2026/02/10 02:08:59 SEVERE]                           [SERR] Reallocate: 131072 to 1179648
[2026/02/10 02:08:59   WARN]          [AssetStore|BiomeAsset] Unused key(s) in 'Example_Mixer' file /Server/HytaleGenerator/Biomes/Examples/Example_Mixer.json: Terrain.Density.Inputs.0.CacheSize, Terrain.Density.Inputs.1.Inputs.2.Inputs.0.CacheSize
[2026/02/10 02:08:59   WARN]                [HytaleGenerator] Duplicate export name for asset: Plains1-Gorges-BaseTerrain
[2026/02/10 02:08:59   WARN]                [HytaleGenerator] Duplicate export name for asset: River-Boulders-Mask
[2026/02/10 02:08:59 SEVERE]                           [SERR] Reallocate: 131072 to 1179648
[2026/02/10 02:08:59   WARN]                [HytaleGenerator] Duplicate export name for asset: River-Boulders-Mask
[2026/02/10 02:08:59   WARN]                [HytaleGenerator] Duplicate export name for asset: River-Boulders-Mask
[2026/02/10 02:08:59   WARN]                [HytaleGenerator] Duplicate export name for asset: River-Boulders-Mask
[2026/02/10 02:08:59   WARN]                [HytaleGenerator] Duplicate export name for asset: River-Boulders-Mask
[2026/02/10 02:08:59   INFO]                [HytaleGenerator] Exported Scanner asset with name 'Desert1_Rocky_Trees_Dry_Scanner' with asset id 'null
[2026/02/10 02:08:59   INFO]                [HytaleGenerator] Exported Scanner asset with name 'Desert1_Rocky_Trees_Palm_Scanner' with asset id 'null
[2026/02/10 02:08:59   WARN]                [HytaleGenerator] Duplicate export name for asset: werstjrtydkm,
[2026/02/10 02:08:59   WARN]                [HytaleGenerator] Duplicate export name for asset: BasicForestTreeScanner
[2026/02/10 02:08:59   INFO]                [HytaleGenerator] Exported Scanner asset with name 'BasicForestTreeScanner' with asset id 'null
[2026/02/10 02:08:59   WARN]          [AssetStore|BiomeAsset] Unused key(s) in 'Volcanic1_Jungle' file /Server/HytaleGenerator/Biomes/Volcanic1/Volcanic1_Jungle.json: Props.1.Positions.OffsetX, Props.1.Positions.OffsetY, Props.1.Positions.OffsetZ, Props.2.Positions.OffsetX, Props.2.Positions.OffsetY, Props.2.Positions.OffsetZ, Props.3.Positions.OffsetX, Props.3.Positions.OffsetY, Props.3.Positions.OffsetZ
[2026/02/10 02:08:59   WARN]          [AssetStore|BiomeAsset] Unused key(s) in 'Generative_Buildings' file /Server/HytaleGenerator/Biomes/Generative/Generative_Buildings.json: Terrain.Density.Inputs.1.Inputs.0.Inputs.0.Inputs.0.Inputs.0.Inputs.0.Inputs.0.Inputs.0.Inputs.0.Positions.Positions.Positions.OffsetX, Terrain.Density.Inputs.1.Inputs.0.Inputs.0.Inputs.0.Inputs.0.Inputs.0.Inputs.0.Inputs.0.Inputs.0.Positions.Positions.Positions.OffsetY, Terrain.Density.Inputs.1.Inputs.0.Inputs.0.Inputs.0.Inputs.0.Inputs.0.Inputs.0.Inputs.0.Inputs.0.Positions.Positions.Positions.OffsetZ
[2026/02/10 02:08:59   WARN]          [AssetStore|BiomeAsset] Unused key(s) in 'Desert1_Oasis' file /Server/HytaleGenerator/Biomes/Desert1/Desert1_Oasis.json: Props.2.Positions.Positions.OffsetX, Props.2.Positions.Positions.OffsetY, Props.2.Positions.Positions.OffsetZ, Props.3.Positions.Positions.OffsetX, Props.3.Positions.Positions.OffsetY, Props.3.Positions.Positions.OffsetZ, Props.4.Positions.Positions.OffsetX, Props.4.Positions.Positions.OffsetY, Props.4.Positions.Positions.OffsetZ, Props.5.Positions.Positions.OffsetX, Props.5.Positions.Positions.OffsetY, Props.5.Positions.Positions.OffsetZ, Props.6.Positions.Positions.OffsetX, Props.6.Positions.Positions.OffsetY, Props.6.Positions.Positions.OffsetZ
[2026/02/10 02:08:59 SEVERE]                           [SERR] Reallocate: 131072 to 1179648
[2026/02/10 02:08:59   WARN]                [HytaleGenerator] Duplicate export name for asset: Peak
[2026/02/10 02:08:59   WARN]        [AssetStore|EntityEffect] Unused key(s) in 'Food_EffectCondition_Buff_Small' file /Server/Entity/Effects/Food/Buff/_Deprecated/Food_EffectCondition_Buff_Small.json: Type, EntityEffectIds, Match, Next, Failed
[2026/02/10 02:08:59   WARN]        [AssetStore|EntityEffect] Unused key(s) in 'Food_EffectCondition_Buff_Medium' file /Server/Entity/Effects/Food/Buff/_Deprecated/Food_EffectCondition_Buff_Medium.json: Type, EntityEffectIds, Match, Next, Failed
[2026/02/10 02:08:59   WARN]         [AssetStore|Interaction] Unused key(s) in 'Ice_Bolt_Miss' file /Server/Item/Interactions/Weapons/Staff/Ice/Ice_Bolt_Miss.json: Effects.WorldParticles
[2026/02/10 02:08:59   WARN]         [AssetStore|Interaction] Unused key(s) in 'Explode_Generic' file /Server/Item/Interactions/Explosions/Explode_Generic.json: Config.Knockback.VelocityConfig.Direction
[2026/02/10 02:08:59   WARN]         [AssetStore|Interaction] Unused key(s) in 'Weapon_Battleaxe_Primary_Downstrike_Force' file /Server/Item/Interactions/Weapons/Battleaxe/Primary/Downstrike/Weapon_Battleaxe_Primary_Downstrike_Force.json: MouseSensitivityAdjustmentTarget, MouseSensitivityAdjustmentDuration
[2026/02/10 02:08:59   WARN]         [AssetStore|Interaction] Unused key(s) in 'Weapon_Daggers_Primary_Pounce_Stab_Force' file /Server/Item/Interactions/Weapons/Daggers/Primary/Pounce/Stab/Weapon_Daggers_Primary_Pounce_Stab_Force.json: VelocityType
[2026/02/10 02:08:59   WARN]         [AssetStore|Interaction] Unused key(s) in 'Ice_Ball_Miss' file /Server/Item/Interactions/Weapons/Staff/Ice/Ice_Ball_Miss.json: Effects.WorldParticles
[2026/02/10 02:08:59   WARN]                         [Hytale] Missing interaction *DamageEntityParent_Next
[2026/02/10 02:08:59   WARN]                         [Hytale] Missing interaction *Stamina_Bar_Flash_Interactions_0
[2026/02/10 02:08:59   WARN]                         [Hytale] Missing interaction *Stamina_Broken_Check_Next
[2026/02/10 02:08:59   WARN]                         [Hytale] Missing interaction *Block_Break_Adventure_Next
[2026/02/10 02:08:59   WARN]                         [Hytale] Missing interaction *Block_Break_Adventure_Failed
[2026/02/10 02:08:59   WARN]                         [Hytale] Missing interaction *Weapon_Battleaxe_Secondary_Guard_Bash_Interactions_0
[2026/02/10 02:08:59   WARN]                         [Hytale] Missing interaction *Weapon_Battleaxe_Secondary_Guard_Bash_Interactions_1
[2026/02/10 02:08:59   WARN]                         [Hytale] Missing interaction *Weapon_Shortbow_Secondary_Guard_Bash_Interactions_0
[2026/02/10 02:08:59   WARN]                         [Hytale] Missing interaction *Weapon_Shortbow_Secondary_Guard_Bash_Interactions_1
[2026/02/10 02:08:59   WARN]                         [Hytale] Missing interaction *Weapon_Crossbow_Secondary_Guard_Bash_Interactions_0
[2026/02/10 02:08:59   WARN]                         [Hytale] Missing interaction *Weapon_Crossbow_Secondary_Guard_Bash_Interactions_1
[2026/02/10 02:08:59   WARN]                         [Hytale] Missing interaction *Weapon_Crossbow_Shot_Standard_Projectile_Next
[2026/02/10 02:08:59   WARN]                         [Hytale] Missing interaction *Common_Guard_Shove_Animation_Next
[2026/02/10 02:08:59   WARN]                         [Hytale] Missing interaction *Weapon_Daggers_Secondary_Guard_Bash_Interactions_0
[2026/02/10 02:08:59   WARN]                         [Hytale] Missing interaction *Weapon_Daggers_Secondary_Guard_Bash_Interactions_1
[2026/02/10 02:08:59   WARN]                         [Hytale] Missing interaction *Bow_Two_Handed_Ability1_Arrow_Volley_Interactions_0
[2026/02/10 02:08:59   WARN]                         [Hytale] Missing interaction *Weapon_Shield_Secondary_Guard_Bash_Interactions_0
[2026/02/10 02:08:59   WARN]                         [Hytale] Missing interaction *Weapon_Shield_Secondary_Guard_Bash_Interactions_1
[2026/02/10 02:08:59   WARN]                         [Hytale] Missing interaction *Stick_Attack_Next_0
[2026/02/10 02:08:59   WARN]                         [Hytale] Missing interaction *Stick_Attack_Next_0.8
[2026/02/10 02:08:59   WARN]                         [Hytale] Missing interaction *Weapon_Mace_Secondary_Guard_Bash_Interactions_0
[2026/02/10 02:08:59   WARN]                         [Hytale] Missing interaction *Weapon_Mace_Secondary_Guard_Bash_Interactions_1
[2026/02/10 02:08:59   WARN]                         [Hytale] Missing interaction *Weapon_Sword_Secondary_Guard_Bash_Interactions_0
[2026/02/10 02:08:59   WARN]                         [Hytale] Missing interaction *Weapon_Sword_Secondary_Guard_Bash_Interactions_1
[2026/02/10 02:08:59   WARN]                         [Hytale] Missing interaction *Bow_Two_Handed_Ability2_Arrow_Shoot_Interactions_0
[2026/02/10 02:08:59   WARN]                         [Hytale] Missing interaction *Bow_Two_Handed_Ability2_Arrow_Shoot_Interactions_1
[2026/02/10 02:08:59   WARN]                         [Hytale] Missing interaction *Daggers_Stab_Flurry_Left_Next
[2026/02/10 02:08:59   WARN]                         [Hytale] Missing interaction *Daggers_Stab_Flurry_Right_Next
[2026/02/10 02:08:59   WARN]                         [Hytale] Missing interaction *Simple_Next
[2026/02/10 02:08:59   WARN]                         [Hytale] Missing interaction *Shortbow_Volley_Shoot_Inner_Next
[2026/02/10 02:08:59   WARN]         [AssetStore|Interaction] Unused key(s) in '*Weapon_Sword_Signature_Vortexstrike_Spin_Selector_Next': Next
[2026/02/10 02:08:59   WARN]         [AssetStore|Interaction] Unused key(s) in '*Weapon_Daggers_Primary_Pounce_Stab_Selector_Next': Next
[2026/02/10 02:08:59   WARN]                         [Hytale] Missing interaction **DamageEntityParent_Next_Interactions_0
[2026/02/10 02:08:59   WARN]                         [Hytale] Missing interaction **DamageEntityParent_Next_Interactions_1
[2026/02/10 02:08:59   WARN]                         [Hytale] Missing interaction **DamageEntityParent_Next_Interactions_2
[2026/02/10 02:08:59   WARN]                         [Hytale] Missing interaction **DamageEntityParent_Next_Interactions_3
[2026/02/10 02:08:59   WARN]                         [Hytale] Missing interaction **Bow_Two_Handed_Ability1_Arrow_Volley_Interactions_0_Interactions_0
[2026/02/10 02:08:59   WARN]                         [Hytale] Missing interaction **Bow_Two_Handed_Ability1_Arrow_Volley_Interactions_0_Interactions_1
[2026/02/10 02:08:59   WARN]                         [Hytale] Missing interaction **Weapon_Daggers_Secondary_Guard_Bash_Interactions_1_Next
[2026/02/10 02:08:59   WARN]                         [Hytale] Missing interaction **Weapon_Shortbow_Secondary_Guard_Bash_Interactions_1_Next
[2026/02/10 02:08:59   WARN]                         [Hytale] Missing interaction **Weapon_Sword_Secondary_Guard_Bash_Interactions_1_Next
[2026/02/10 02:08:59   WARN]                         [Hytale] Missing interaction **Weapon_Shield_Secondary_Guard_Bash_Interactions_1_Next
[2026/02/10 02:08:59   WARN]                         [Hytale] Missing interaction **Weapon_Crossbow_Secondary_Guard_Bash_Interactions_1_Next
[2026/02/10 02:08:59   WARN]                         [Hytale] Missing interaction **Weapon_Crossbow_Shot_Standard_Projectile_Next_Next
[2026/02/10 02:08:59   WARN]                         [Hytale] Missing interaction **Stick_Attack_Next_0_Interactions_1
[2026/02/10 02:08:59   WARN]                         [Hytale] Missing interaction **Stick_Attack_Next_0.8_Interactions_1
[2026/02/10 02:08:59   WARN]                         [Hytale] Missing interaction **Weapon_Mace_Secondary_Guard_Bash_Interactions_1_Next
[2026/02/10 02:08:59   WARN]                         [Hytale] Missing interaction **Weapon_Battleaxe_Secondary_Guard_Bash_Interactions_1_Next
[2026/02/10 02:08:59   WARN]                         [Hytale] Missing interaction **Weapon_Mace_Primary_Swing_Right_Charged_Selector_Next_Next
[2026/02/10 02:08:59   WARN]                         [Hytale] Missing interaction **Weapon_Mace_Primary_Swing_Left_Charged_StaminaCondition_Next_Next
[2026/02/10 02:08:59   WARN]                         [Hytale] Missing interaction **Block_Break_Failed_Next
[2026/02/10 02:08:59   WARN]                         [Hytale] Missing interaction **Weapon_Daggers_Primary_Pounce_Sweep_Next_Interactions_0
[2026/02/10 02:08:59   WARN]                         [Hytale] Missing interaction **Weapon_Daggers_Primary_Pounce_Sweep_Next_Interactions_1
[2026/02/10 02:08:59   WARN]                         [Hytale] Missing interaction **Common_Guard_Shove_Selector_Next_Next
[2026/02/10 02:08:59   WARN]                         [Hytale] Missing interaction **Weapon_Battleaxe_Primary_Downstrike_StaminaCondition_Next_Next
[2026/02/10 02:08:59   WARN]                         [Hytale] Missing interaction **Weapon_Mace_Primary_Swing_Up_Left_Charged_Selector_Next_Next
[2026/02/10 02:08:59   WARN]                         [Hytale] Missing interaction **Weapon_Crossbow_Damage_Combo_Projectile_Next_Next
[2026/02/10 02:08:59   WARN]                         [Hytale] Missing interaction **Consume_Charge_Food_T2_Inner_Next_2.5_Next
[2026/02/10 02:08:59   WARN]                         [Hytale] Missing interaction **Consume_Charge_Food_T1_Inner_Next_2.0_Next
[2026/02/10 02:08:59   WARN]                         [Hytale] Missing interaction **Weapon_Mace_Primary_Swing_Right_Charged_StaminaCondition_Next_Next
[2026/02/10 02:08:59   WARN]                         [Hytale] Missing interaction **Weapon_Daggers_Primary_Pounce_StaminaCondition_Next_Next
[2026/02/10 02:08:59   WARN]                         [Hytale] Missing interaction **Weapon_Daggers_Primary_Pounce_Stab_Next_Interactions_0
[2026/02/10 02:08:59   WARN]                         [Hytale] Missing interaction **Weapon_Daggers_Primary_Pounce_Stab_Next_Interactions_1
[2026/02/10 02:08:59   WARN]                         [Hytale] Missing interaction **Weapon_Stick_Fire_Spawn_Trap_Next_Interactions_0
[2026/02/10 02:08:59   WARN]                         [Hytale] Missing interaction **Weapon_Stick_Fire_Spawn_Trap_Next_Interactions_1
[2026/02/10 02:08:59   WARN]                         [Hytale] Missing interaction **Weapon_Stick_Fire_Spawn_Trap_Failed_Interactions_0
[2026/02/10 02:08:59   WARN]                         [Hytale] Missing interaction **Weapon_Mace_Primary_Swing_Left_Charged_Selector_Next_Next
[2026/02/10 02:08:59   WARN]                         [Hytale] Missing interaction **Consume_Charge_Durability_Interactions_1_Next_3.0
[2026/02/10 02:08:59   WARN]                         [Hytale] Missing interaction **Consume_Charge_Durability_Interactions_1_Failed
[2026/02/10 02:08:59   WARN]                         [Hytale] Missing interaction **Weapon_Mace_Primary_Swing_Up_Left_Charged_StaminaCondition_Next_Next
[2026/02/10 02:08:59   WARN]                         [Hytale] Missing interaction **Weapon_Sword_Primary_Thrust_StaminaCondition_Next_Next
[2026/02/10 02:08:59   WARN]                         [Hytale] Missing interaction **Consume_Charge_Food_T3_Inner_Next_3.0_Next
[2026/02/10 02:08:59   WARN]                         [Hytale] Missing interaction ***Bow_Two_Handed_Ability1_Arrow_Volley_Interactions_0_Interactions_1_Next
[2026/02/10 02:08:59   WARN]                         [Hytale] Missing interaction ***Common_Guard_Shove_Selector_Next_Next_Next
[2026/02/10 02:08:59   WARN]                         [Hytale] Missing interaction ***Weapon_Daggers_Secondary_Guard_Bash_Interactions_1_Next_Next
[2026/02/10 02:08:59   WARN]                         [Hytale] Missing interaction ***Consume_Charge_Food_T3_Inner_Next_3.0_Next_Interactions_0
[2026/02/10 02:08:59   WARN]                         [Hytale] Missing interaction ***Consume_Charge_Food_T3_Inner_Next_3.0_Next_Interactions_1
[2026/02/10 02:08:59   WARN]                         [Hytale] Missing interaction ***Consume_Charge_Food_T3_Inner_Next_3.0_Next_Interactions_2
[2026/02/10 02:08:59   WARN]                         [Hytale] Missing interaction ***Weapon_Shortbow_Secondary_Guard_Bash_Interactions_1_Next_Next
[2026/02/10 02:08:59   WARN]                         [Hytale] Missing interaction ***Weapon_Mace_Primary_Swing_Up_Left_Charged_StaminaCondition_Next_Next_Next_0
[2026/02/10 02:08:59   WARN]                         [Hytale] Missing interaction ***Weapon_Mace_Primary_Swing_Up_Left_Charged_Next_2.0_Interactions_2_Next
[2026/02/10 02:08:59   WARN]                         [Hytale] Missing interaction ***Weapon_Mace_Primary_Swing_Right_Charged_StaminaCondition_Next_Next_Next_0
[2026/02/10 02:08:59   WARN]                         [Hytale] Missing interaction ***Weapon_Mace_Primary_Swing_Right_Charged_Next_2.0_Interactions_2_Next
[2026/02/10 02:08:59   WARN]                         [Hytale] Missing interaction ***Weapon_Sword_Secondary_Guard_Bash_Interactions_1_Next_Next
[2026/02/10 02:08:59   WARN]                         [Hytale] Missing interaction ***Weapon_Shield_Secondary_Guard_Bash_Interactions_1_Next_Next
[2026/02/10 02:08:59   WARN]                         [Hytale] Missing interaction ***Consume_Charge_Food_T1_Inner_Next_2.0_Next_Interactions_0
[2026/02/10 02:08:59   WARN]                         [Hytale] Missing interaction ***Consume_Charge_Food_T1_Inner_Next_2.0_Next_Interactions_1
[2026/02/10 02:08:59   WARN]                         [Hytale] Missing interaction ***Consume_Charge_Food_T1_Inner_Next_2.0_Next_Interactions_2
[2026/02/10 02:08:59   WARN]                         [Hytale] Missing interaction ***Weapon_Mace_Primary_Swing_Left_Charged_StaminaCondition_Next_Next_Next_0
[2026/02/10 02:08:59   WARN]                         [Hytale] Missing interaction ***Weapon_Mace_Primary_Swing_Left_Charged_Next_2.0_Interactions_2_Next
[2026/02/10 02:08:59   WARN]                         [Hytale] Missing interaction ***Consume_Charge_Durability_Interactions_1_Next_3.0_Interactions_0
[2026/02/10 02:08:59   WARN]                         [Hytale] Missing interaction ***Consume_Charge_Durability_Interactions_1_Next_3.0_Interactions_1
[2026/02/10 02:08:59   WARN]                         [Hytale] Missing interaction ***Consume_Charge_Durability_Interactions_1_Next_3.0_Interactions_2
[2026/02/10 02:08:59   WARN]                         [Hytale] Missing interaction ***Consume_Charge_Durability_Interactions_1_Next_3.0_Interactions_3
[2026/02/10 02:08:59   WARN]                         [Hytale] Missing interaction ***Consume_Charge_Durability_Interactions_1_Failed_Next
[2026/02/10 02:08:59   WARN]                         [Hytale] Missing interaction ***Weapon_Crossbow_Secondary_Guard_Bash_Interactions_1_Next_Next
[2026/02/10 02:08:59   WARN]                         [Hytale] Missing interaction ***Weapon_Mace_Secondary_Guard_Bash_Interactions_1_Next_Next
[2026/02/10 02:08:59   WARN]                         [Hytale] Missing interaction ***Consume_Charge_Food_T2_Inner_Next_2.5_Next_Interactions_0
[2026/02/10 02:08:59   WARN]                         [Hytale] Missing interaction ***Consume_Charge_Food_T2_Inner_Next_2.5_Next_Interactions_1
[2026/02/10 02:08:59   WARN]                         [Hytale] Missing interaction ***Consume_Charge_Food_T2_Inner_Next_2.5_Next_Interactions_2
[2026/02/10 02:08:59   WARN]                         [Hytale] Missing interaction ***Weapon_Battleaxe_Secondary_Guard_Bash_Interactions_1_Next_Next
[2026/02/10 02:08:59   WARN]                         [Hytale] Missing interaction ***Weapon_Battleaxe_Primary_Downstrike_Next_0.65_Interactions_2_Next
[2026/02/10 02:08:59   WARN]                         [Hytale] Missing interaction ***Weapon_Daggers_Primary_Pounce_Next_0.4_Interactions_1_Next
[2026/02/10 02:08:59   WARN]                         [Hytale] Missing interaction ***Weapon_Sword_Primary_Thrust_Next_0.65_Interactions_2_Next
[2026/02/10 02:08:59   WARN]                         [Hytale] Missing interaction ****Bow_Two_Handed_Ability1_Arrow_Volley_Interactions_0_Interactions_1_Next_Interactions_1
[2026/02/10 02:08:59   WARN]                         [Hytale] Missing interaction ****Bow_Two_Handed_Ability1_Arrow_Volley_Interactions_0_Interactions_1_Next_Interactions_2
[2026/02/10 02:08:59   WARN]                         [Hytale] Missing interaction ****Weapon_Mace_Primary_Swing_Up_Left_Charged_StaminaCondition_Next_Next_Next_0_Next
[2026/02/10 02:08:59   WARN]                         [Hytale] Missing interaction ****Weapon_Mace_Primary_Swing_Up_Left_Charged_Next_2.0_Interactions_2_Next_Interactions_0
[2026/02/10 02:08:59   WARN]                         [Hytale] Missing interaction ****Weapon_Mace_Primary_Swing_Right_Charged_StaminaCondition_Next_Next_Next_0_Next
[2026/02/10 02:08:59   WARN]                         [Hytale] Missing interaction ****Weapon_Mace_Primary_Swing_Right_Charged_Next_2.0_Interactions_2_Next_Interactions_0
[2026/02/10 02:08:59   WARN]                         [Hytale] Missing interaction ****Weapon_Mace_Primary_Swing_Left_Charged_StaminaCondition_Next_Next_Next_0_Next
[2026/02/10 02:08:59   WARN]                         [Hytale] Missing interaction ****Weapon_Mace_Primary_Swing_Left_Charged_Next_2.0_Interactions_2_Next_Interactions_0
[2026/02/10 02:08:59   WARN]                         [Hytale] Missing interaction ****Weapon_Battleaxe_Primary_Downstrike_Next_0.65_Interactions_2_Next_Interactions_0
[2026/02/10 02:08:59   WARN]                         [Hytale] Missing interaction ****Weapon_Battleaxe_Primary_Downstrike_Next_0.65_Interactions_2_Next_Interactions_1
[2026/02/10 02:08:59   WARN]                         [Hytale] Missing interaction ****Weapon_Sword_Primary_Thrust_Next_0.65_Interactions_2_Next_Interactions_0
[2026/02/10 02:08:59   WARN]                         [Hytale] Missing interaction ****Weapon_Sword_Primary_Thrust_Next_0.65_Interactions_2_Next_Interactions_1
[2026/02/10 02:08:59   WARN]                         [Hytale] Missing interaction ****Weapon_Daggers_Primary_Pounce_Next_0.4_Interactions_1_Next_Interactions_0
[2026/02/10 02:08:59   WARN]                         [Hytale] Missing interaction ****Weapon_Daggers_Primary_Pounce_Next_0.4_Interactions_1_Next_Interactions_1
[2026/02/10 02:09:00   WARN]                         [Hytale] Missing interaction *****Bow_Two_Handed_Ability1_Arrow_Volley_Interactions_0_Interactions_1_Next_Interactions_2_Next
[2026/02/10 02:09:00   WARN]         [AssetStore|Interaction] Unused key(s) in '**Projectile_Config_Scarak_Seeker_Spitball_Interactions_ProjectileMiss_Interactions_0': Effects.WorldParticles
[2026/02/10 02:09:00   WARN]         [AssetStore|Interaction] Unused key(s) in '**Projectile_Config_Ice_Bolt_Interactions_ProjectileMiss_Interactions_0': Effects.WorldParticles
[2026/02/10 02:09:00   WARN]         [AssetStore|Interaction] Unused key(s) in '**Projectile_Config_Ice_Ball_Interactions_ProjectileMiss_Interactions_0': Effects.WorldParticles
[2026/02/10 02:09:00   WARN]         [AssetStore|Interaction] Unused key(s) in '**Projectile_Config_Scarak_Seeker_Spitball_Interactions_ProjectileHit_Interactions_0': Entity
[2026/02/10 02:09:00   WARN]               [BlockSetModule|P] Creating block sets: Failed to find block name 'Furniture_Temple_Light_Statue'
[2026/02/10 02:09:00   WARN]               [BlockSetModule|P] Creating block sets: Failed to find block name 'Ingredient_Hay'
[2026/02/10 02:09:00   WARN]               [BlockSetModule|P] Creating block sets: Failed to find block name 'Wood_Softwood_Planks'
[2026/02/10 02:09:00   WARN]               [BlockSetModule|P] Creating block sets: Failed to find block name 'Furniture_Feran_Bed'
[2026/02/10 02:09:00   WARN]               [BlockSetModule|P] Creating block sets: Failed to find block name 'Coop_Chicken'
[2026/02/10 02:09:00   WARN]               [BlockSetModule|P] Creating block sets: Failed to find hitbox name 'Fence'
[2026/02/10 02:09:00   WARN]               [BlockSetModule|P] Creating block sets: Failed to find hitbox name 'Fence_Gate'
[2026/02/10 02:09:00   WARN]               [BlockSetModule|P] Creating block sets: Failed to find hitbox name 'Fence_Gate_Open_In'
[2026/02/10 02:09:00   WARN]               [BlockSetModule|P] Creating block sets: Failed to find hitbox name 'Fence_Gate_Open_Out'
[2026/02/10 02:09:00   WARN]               [BlockSetModule|P] Creating block sets: Failed to find hitbox name 'Fence_Thin'
[2026/02/10 02:09:00   WARN]               [BlockSetModule|P] Creating block sets: Failed to find hitbox name 'Fence_Thick'
[2026/02/10 02:09:00   WARN]               [BlockSetModule|P] Creating block sets: Failed to find hitbox name 'Fence_Corner'
[2026/02/10 02:09:00   WARN]               [BlockSetModule|P] Creating block sets: Failed to find hitbox name 'Fence_Corner_Thin'
[2026/02/10 02:09:00   WARN]               [BlockSetModule|P] Creating block sets: Failed to find hitbox name 'Fence_Corner_Thick'
[2026/02/10 02:09:00   WARN]               [BlockSetModule|P] Creating block sets: Failed to find block name 'Furniture_Crude_Bed'
[2026/02/10 02:09:00   WARN]               [BlockSetModule|P] Creating block sets: Failed to find block name 'Soil_Grass'
[2026/02/10 02:09:00   WARN]               [BlockSetModule|P] Creating block sets: Failed to find block name 'Soil_Dirt'
[2026/02/10 02:09:00   WARN]               [BlockSetModule|P] Creating block sets: Failed to find block name 'Soil_Dirt_Poisoned'
[2026/02/10 02:09:00   WARN]               [BlockSetModule|P] Creating block sets: Failed to find block name 'Soil_Mud'
[2026/02/10 02:09:00   WARN]               [BlockSetModule|P] Creating block sets: Failed to find block name 'Deco_Bone_Pile'
[2026/02/10 02:09:00   WARN]               [BlockSetModule|P] Creating block sets: Failed to find block name 'Deco_Bone_Skulls'
[2026/02/10 02:09:00   WARN]               [BlockSetModule|P] Creating block sets: Failed to find block name 'Soil_Gravel_Sand'
[2026/02/10 02:09:00   WARN]               [BlockSetModule|P] Creating block sets: Failed to find block name 'Soil_Dirt'
[2026/02/10 02:09:00   WARN]               [BlockSetModule|P] Creating block sets: Failed to find block name 'Soil_Clay'
[2026/02/10 02:09:00   WARN]               [BlockSetModule|P] Creating block sets: Failed to find block name 'Rock_Stone'
[2026/02/10 02:09:00   WARN]               [BlockSetModule|P] Creating block sets: Failed to find block name 'Rock_Marble'
[2026/02/10 02:09:00   WARN]               [BlockSetModule|P] Creating block sets: Failed to find block name 'Rock_Chalk'
[2026/02/10 02:09:00   WARN]                [AssetStore|Item] Failed to validate asset!
Id: Tool_Hatchet_Crude
Path: /Server/Item/Items/Tool/Hatchet/Tool_Hatchet_Crude.json
Key: Recipe
Results:
	WARNING: Bench Requirement in recipe for 'Fieldcraft' should not have a delay (TimeSeconds) set!

[2026/02/10 02:09:00   WARN]                [AssetStore|Item] Failed to validate asset!
Id: Bench_Builders
Path: /Server/Item/Items/Bench/Bench_Builders.json
Key: Recipe
Results:
	WARNING: Bench Requirement in recipe for 'Fieldcraft' should not have a delay (TimeSeconds) set!

[2026/02/10 02:09:00   WARN]                [AssetStore|Item] Failed to validate asset!
Id: Furniture_Crude_Torch
Path: /Server/Item/Items/Furniture/Crude/Unique/Furniture_Crude_Torch.json
Key: Recipe
Results:
	WARNING: Bench Requirement in recipe for 'Fieldcraft' should not have a delay (TimeSeconds) set!

[2026/02/10 02:09:00   WARN]                [AssetStore|Item] Failed to validate asset!
Id: Bench_Campfire
Path: /Server/Item/Items/Bench/Bench_Campfire.json
Key: Recipe
Results:
	WARNING: Bench Requirement in recipe for 'Fieldcraft' should not have a delay (TimeSeconds) set!

[2026/02/10 02:09:00   WARN]                [AssetStore|Item] Failed to validate asset!
Id: Tool_Pickaxe_Crude
Path: /Server/Item/Items/Tool/Pickaxe/Tool_Pickaxe_Crude.json
Key: Recipe
Results:
	WARNING: Bench Requirement in recipe for 'Fieldcraft' should not have a delay (TimeSeconds) set!

[2026/02/10 02:09:00   WARN]                [AssetStore|Item] Failed to validate asset!
Id: Furniture_Crude_Chest_Small
Path: /Server/Item/Items/Furniture/Crude/Furniture_Crude_Chest_Small.json
Key: Recipe
Results:
	WARNING: Bench Requirement in recipe for 'Fieldcraft' should not have a delay (TimeSeconds) set!

[2026/02/10 02:09:00   WARN]                [AssetStore|Item] Failed to validate asset!
Id: Furniture_Crude_Bed
Path: /Server/Item/Items/Furniture/Crude/Furniture_Crude_Bed.json
Key: Recipe
Results:
	WARNING: Bench Requirement in recipe for 'Fieldcraft' should not have a delay (TimeSeconds) set!

[2026/02/10 02:09:00   WARN]                [AssetStore|Item] Failed to validate asset!
Id: Weapon_Sword_Crude
Path: /Server/Item/Items/Weapon/Sword/Weapon_Sword_Crude.json
Key: Recipe
Results:
	WARNING: Bench Requirement in recipe for 'Fieldcraft' should not have a delay (TimeSeconds) set!

[2026/02/10 02:09:00   WARN]                [AssetStore|Item] Failed to find inherited parent asset Deco_Bucket (BlockType) for *Deco_Bucket_State_Filled_Mosshorn_Milk
[2026/02/10 02:09:00   WARN]                [AssetStore|Item] Failed to find inherited parent asset Deco_Tankard (BlockType) for *Deco_Tankard_State_Filled_Water
[2026/02/10 02:09:00   WARN]                [AssetStore|Item] Failed to find inherited parent asset Deco_Bucket (BlockType) for *Deco_Bucket_State_Filled_Water
[2026/02/10 02:09:00   WARN]                [AssetStore|Item] Failed to find inherited parent asset Deco_Bucket (BlockType) for *Deco_Bucket_State_Filled_Milk
[2026/02/10 02:09:00   WARN]                [AssetStore|Item] Failed to find inherited parent asset Container_Bucket (BlockType) for *Container_Bucket_State_Filled_Water
[2026/02/10 02:09:00   WARN]                [AssetStore|Item] Failed to find inherited parent asset Container_Bucket (BlockType) for *Container_Bucket_State_Filled_Mosshorn_Milk
[2026/02/10 02:09:00   WARN]                [AssetStore|Item] Failed to find inherited parent asset Deco_Mug (BlockType) for *Deco_Mug_State_Filled_Water
[2026/02/10 02:09:00   WARN]                [AssetStore|Item] Failed to find inherited parent asset Container_Bucket (BlockType) for *Container_Bucket_State_Filled_Milk
[2026/02/10 02:09:00   WARN]               [BlockSetModule|P] Creating block sets: Failed to find block name 'Furniture_Temple_Light_Statue'
[2026/02/10 02:09:00   WARN]               [BlockSetModule|P] Creating block sets: Failed to find block name 'Ingredient_Hay'
[2026/02/10 02:09:00   WARN]               [BlockSetModule|P] Creating block sets: Failed to find block name 'Wood_Softwood_Planks'
[2026/02/10 02:09:00   WARN]               [BlockSetModule|P] Creating block sets: Failed to find block name 'Furniture_Feran_Bed'
[2026/02/10 02:09:00   WARN]               [BlockSetModule|P] Creating block sets: Failed to find block name 'Coop_Chicken'
[2026/02/10 02:09:00   WARN]               [BlockSetModule|P] Creating block sets: Failed to find hitbox name 'Fence'
[2026/02/10 02:09:00   WARN]               [BlockSetModule|P] Creating block sets: Failed to find hitbox name 'Fence_Gate'
[2026/02/10 02:09:00   WARN]               [BlockSetModule|P] Creating block sets: Failed to find hitbox name 'Fence_Gate_Open_In'
[2026/02/10 02:09:00   WARN]               [BlockSetModule|P] Creating block sets: Failed to find hitbox name 'Fence_Gate_Open_Out'
[2026/02/10 02:09:00   WARN]               [BlockSetModule|P] Creating block sets: Failed to find hitbox name 'Fence_Thin'
[2026/02/10 02:09:00   WARN]               [BlockSetModule|P] Creating block sets: Failed to find hitbox name 'Fence_Thick'
[2026/02/10 02:09:00   WARN]               [BlockSetModule|P] Creating block sets: Failed to find hitbox name 'Fence_Corner'
[2026/02/10 02:09:00   WARN]               [BlockSetModule|P] Creating block sets: Failed to find hitbox name 'Fence_Corner_Thin'
[2026/02/10 02:09:00   WARN]               [BlockSetModule|P] Creating block sets: Failed to find hitbox name 'Fence_Corner_Thick'
[2026/02/10 02:09:00   WARN]               [BlockSetModule|P] Creating block sets: Failed to find block name 'Furniture_Crude_Bed'
[2026/02/10 02:09:00   WARN]               [BlockSetModule|P] Creating block sets: Failed to find block name 'Soil_Grass'
[2026/02/10 02:09:00   WARN]               [BlockSetModule|P] Creating block sets: Failed to find block name 'Soil_Dirt'
[2026/02/10 02:09:00   WARN]               [BlockSetModule|P] Creating block sets: Failed to find block name 'Soil_Dirt_Poisoned'
[2026/02/10 02:09:00   WARN]               [BlockSetModule|P] Creating block sets: Failed to find block name 'Soil_Mud'
[2026/02/10 02:09:00   WARN]               [BlockSetModule|P] Creating block sets: Failed to find block name 'Deco_Bone_Pile'
[2026/02/10 02:09:00   WARN]               [BlockSetModule|P] Creating block sets: Failed to find block name 'Deco_Bone_Skulls'
[2026/02/10 02:09:00   WARN]               [BlockSetModule|P] Creating block sets: Failed to find block name 'Soil_Gravel_Sand'
[2026/02/10 02:09:00   WARN]               [BlockSetModule|P] Creating block sets: Failed to find block name 'Soil_Dirt'
[2026/02/10 02:09:00   WARN]               [BlockSetModule|P] Creating block sets: Failed to find block name 'Soil_Clay'
[2026/02/10 02:09:00   WARN]               [BlockSetModule|P] Creating block sets: Failed to find block name 'Rock_Stone'
[2026/02/10 02:09:00   WARN]               [BlockSetModule|P] Creating block sets: Failed to find block name 'Rock_Marble'
[2026/02/10 02:09:00   WARN]               [BlockSetModule|P] Creating block sets: Failed to find block name 'Rock_Chalk'
[2026/02/10 02:09:00   WARN]         [AssetStore|Interaction] Unused key(s) in '**Template_Weapon_Crossbow_InteractionVars_Guard_Bash_Interactions_1': Effects, StatModifiers
[2026/02/10 02:09:00   WARN]         [AssetStore|Interaction] Unused key(s) in '**Weapon_Staff_Thorium_InteractionVars_Staff_Cast_Summon_Charged_Interactions_0': Costs
[2026/02/10 02:09:00   WARN]         [AssetStore|Interaction] Unused key(s) in '**Weapon_Staff_Iron_InteractionVars_Staff_Cast_Summon_Charged_Interactions_0': Costs
[2026/02/10 02:09:00   WARN]         [AssetStore|Interaction] Unused key(s) in '**Weapon_Staff_Bone_InteractionVars_Staff_Cast_Summon_Charged_Interactions_0': Costs
[2026/02/10 02:09:00   WARN]         [AssetStore|Interaction] Unused key(s) in '**Weapon_Staff_Copper_InteractionVars_Staff_Cast_Summon_Charged_Interactions_0': Costs
[2026/02/10 02:09:00   WARN]         [AssetStore|Interaction] Unused key(s) in '**Weapon_Staff_Cane_InteractionVars_Staff_Cast_Summon_Charged_Interactions_0': Costs
[2026/02/10 02:09:00   WARN]         [AssetStore|Interaction] Unused key(s) in '**Weapon_Staff_Wood_InteractionVars_Staff_Cast_Summon_Charged_Interactions_0': Costs
[2026/02/10 02:09:00   WARN]         [AssetStore|Interaction] Unused key(s) in '**Weapon_Staff_Onion_InteractionVars_Staff_Cast_Summon_Charged_Interactions_0': Costs
[2026/02/10 02:09:00   WARN]         [AssetStore|Interaction] Unused key(s) in '**Template_Weapon_Shield_InteractionVars_Guard_Bash_Interactions_1': Effects, StatModifiers
[2026/02/10 02:09:00   WARN]         [AssetStore|Interaction] Unused key(s) in '**Halloween_Broomstick_InteractionVars_Staff_Cast_Summon_Charged_Interactions_0': Costs
[2026/02/10 02:09:00   WARN]         [AssetStore|Interaction] Unused key(s) in '**Weapon_Staff_Cobalt_InteractionVars_Staff_Cast_Summon_Charged_Interactions_0': Costs
[2026/02/10 02:09:00   WARN]         [AssetStore|Interaction] Unused key(s) in '**Weapon_Staff_Doomed_InteractionVars_Staff_Cast_Summon_Charged_Interactions_0': Costs
[2026/02/10 02:09:00   WARN]         [AssetStore|Interaction] Unused key(s) in '**Weapon_Staff_Adamantite_InteractionVars_Staff_Cast_Summon_Charged_Interactions_0': Costs
[2026/02/10 02:09:00   WARN]         [AssetStore|Interaction] Unused key(s) in '**Weapon_Staff_Mithril_InteractionVars_Staff_Cast_Summon_Charged_Interactions_0': Costs
[2026/02/10 02:09:00   WARN]         [AssetStore|Interaction] Unused key(s) in '**Weapon_Staff_Bo_Bamboo_InteractionVars_Staff_Cast_Summon_Charged_Interactions_0': Costs
[2026/02/10 02:09:00   WARN]         [AssetStore|Interaction] Unused key(s) in '**Weapon_Staff_Wood_Kweebec_InteractionVars_Staff_Cast_Summon_Charged_Interactions_0': Costs
[2026/02/10 02:09:00   WARN]         [AssetStore|Interaction] Unused key(s) in '**Weapon_Staff_Wood_Rotten_InteractionVars_Staff_Cast_Summon_Charged_Interactions_0': Costs
[2026/02/10 02:09:00   WARN]         [AssetStore|Interaction] Unused key(s) in '**Weapon_Staff_Frost_InteractionVars_Staff_Cast_Summon_Charged_Interactions_0': Costs
[2026/02/10 02:09:00   WARN]         [AssetStore|Interaction] Unused key(s) in '**Template_Weapon_Shortbow_InteractionVars_Guard_Bash_Interactions_1': Effects, StatModifiers
[2026/02/10 02:09:00   WARN]         [AssetStore|Interaction] Unused key(s) in '**Weapon_Staff_Crystal_Purple_InteractionVars_Staff_Cast_Summon_Charged_Interactions_0': Costs
[2026/02/10 02:09:00   WARN]         [AssetStore|Interaction] Unused key(s) in '**Weapon_Staff_Crystal_Red_InteractionVars_Staff_Cast_Summon_Charged_Interactions_0': Costs
[2026/02/10 02:09:00   WARN]         [AssetStore|Interaction] Unused key(s) in '**Weapon_Staff_Wizard_InteractionVars_Staff_Cast_Summon_Charged_Interactions_0': Costs
[2026/02/10 02:09:00   WARN]         [AssetStore|Interaction] Unused key(s) in '**Weapon_Staff_Crystal_Fire_Trork_InteractionVars_Staff_Cast_Summon_Charged_Interactions_0': Costs
[2026/02/10 02:09:00   WARN]         [AssetStore|Interaction] Unused key(s) in '**Weapon_Staff_Bronze_InteractionVars_Staff_Cast_Summon_Charged_Interactions_0': Costs
[2026/02/10 02:09:00   WARN]         [AssetStore|Interaction] Unused key(s) in '**Weapon_Staff_Onyxium_InteractionVars_Staff_Cast_Summon_Charged_Interactions_0': Costs
[2026/02/10 02:09:00   WARN]         [AssetStore|Interaction] Unused key(s) in '**Weapon_Staff_Crystal_Flame_InteractionVars_Fireball_Impact_2_Interactions_0': EntityStatsOnHit
[2026/02/10 02:09:00   WARN]         [AssetStore|Interaction] Unused key(s) in '**Weapon_Staff_Bo_Wood_InteractionVars_Staff_Cast_Summon_Charged_Interactions_0': Costs
[2026/02/10 02:09:00   WARN]         [AssetStore|Interaction] Unused key(s) in '**Weapon_Shield_Copper_InteractionVars_Guard_Bash_Interactions_0': Effects, StatModifiers
[2026/02/10 02:09:00   WARN]         [AssetStore|Interaction] Unused key(s) in '**Weapon_Staff_Crystal_Flame_InteractionVars_Fireball_Impact_3_Interactions_0': EntityStatsOnHit
[2026/02/10 02:09:00   WARN]         [AssetStore|Interaction] Unused key(s) in '***Plant_Crop_Mushroom_Glowing_Red_Interactions_Secondary_Interactions_0_Next': Effects
[2026/02/10 02:09:00   WARN]         [AssetStore|Interaction] Unused key(s) in '***Plant_Crop_Mushroom_Glowing_Violet_Interactions_Secondary_Interactions_0_Next': Effects
[2026/02/10 02:09:00   WARN]         [AssetStore|Interaction] Unused key(s) in '***Plant_Crop_Mushroom_Glowing_Green_Interactions_Secondary_Interactions_0_Next': Effects
[2026/02/10 02:09:00   WARN]         [AssetStore|Interaction] Unused key(s) in '***Plant_Crop_Mushroom_Glowing_Orange_Interactions_Secondary_Interactions_0_Next': Effects
[2026/02/10 02:09:00   WARN]         [AssetStore|Interaction] Unused key(s) in '***Plant_Seaweed_Grass_Stack_Interactions_Secondary_Interactions_0_Next': Effects
[2026/02/10 02:09:00   WARN]         [AssetStore|Interaction] Unused key(s) in '***Plant_Crop_Mushroom_Glowing_Purple_Interactions_Secondary_Interactions_0_Next': Effects
[2026/02/10 02:09:00   WARN]         [AssetStore|Interaction] Unused key(s) in '***Plant_Crop_Mushroom_Glowing_Blue_Interactions_Secondary_Interactions_0_Next': Effects
[2026/02/10 02:09:00   WARN]                [AssetStore|Item] Failed to find inherited parent asset Template_Crop_Item (BlockType) for Plant_Crop_Wheat_Item
[2026/02/10 02:09:00   WARN]                [AssetStore|Item] Failed to find inherited parent asset Template_Crop_Item (BlockType) for Plant_Crop_Corn_Item
[2026/02/10 02:09:00   WARN]                [AssetStore|Item] Failed to find inherited parent asset Template_Crop_Item (BlockType) for Plant_Crop_Lettuce_Item
[2026/02/10 02:09:00   WARN]                [AssetStore|Item] Failed to find inherited parent asset Template_Crop_Item (BlockType) for Plant_Crop_Onion_Item
[2026/02/10 02:09:00   WARN]                [AssetStore|Item] Failed to find inherited parent asset Template_Crop_Item (BlockType) for Plant_Crop_Carrot_Item
[2026/02/10 02:09:00   WARN]                [AssetStore|Item] Failed to find inherited parent asset Template_Crop_Item (BlockType) for Plant_Crop_Aubergine_Item
[2026/02/10 02:09:00   WARN]                [AssetStore|Item] Failed to find inherited parent asset Template_Crop_Item (BlockType) for Plant_Crop_Turnip_Item
[2026/02/10 02:09:00   WARN]                [AssetStore|Item] Failed to find inherited parent asset Template_Crop_Item (BlockType) for Plant_Crop_Potato_Item
[2026/02/10 02:09:00   WARN]                [AssetStore|Item] Failed to find inherited parent asset Template_Crop_Item (BlockType) for Plant_Crop_Pumpkin_Item
[2026/02/10 02:09:00   WARN]                [AssetStore|Item] Failed to find inherited parent asset Template_Crop_Item (BlockType) for Plant_Crop_Tomato_Item
[2026/02/10 02:09:00   WARN]                [AssetStore|Item] Failed to find inherited parent asset Template_Crop_Item (BlockType) for Plant_Crop_Rice_Item
[2026/02/10 02:09:00   WARN]                [AssetStore|Item] Failed to find inherited parent asset Template_Crop_Item (BlockType) for Plant_Crop_Chilli_Item
[2026/02/10 02:09:00   WARN]                [AssetStore|Item] Failed to find inherited parent asset Template_Crop_Item (BlockType) for Plant_Crop_Cauliflower_Item
[2026/02/10 02:09:00   WARN]         [AssetStore|Interaction] Unused key(s) in '**Teleporter_Interactions_Use_Interactions_0': Page.WarpNameWordList
[2026/02/10 02:09:00   WARN]         [AssetStore|Interaction] Unused key(s) in '**Portal_Device_Interactions_Use_Interactions_0': Page.Config.GameplayConfig
[2026/02/10 02:09:00   WARN]           [AssetStore|BlockType] Unused key(s) in '*Prototype_Geyser_State_Definitions_Off': SoundEventId
[2026/02/10 02:09:00   WARN]           [AssetStore|BlockType] Unused key(s) in '*Prototype_Geyser_State_Definitions_On': SoundEventId
[2026/02/10 02:09:00   WARN]         [AssetStore|Interaction] Unused key(s) in '***Teleporter_State_Definitions_Active_Interactions_Use_Interactions_0': Page.WarpNameWordList
[2026/02/10 02:09:01   WARN]      [AssetStore|GameplayConfig] Unused key(s) in 'Default' file /Server/GameplayConfigs/Default.json: Ping
[2026/02/10 02:09:01   WARN]      [AssetStore|GameplayConfig] Unused key(s) in 'Default_Instance' file /Server/GameplayConfigs/Default_Instance.json: Death.LoseItems
[2026/02/10 02:09:01   INFO]              [HytaleGenerator|P] Loaded Settings asset.
[2026/02/10 02:09:01   INFO]            [AssetRegistryLoader] Took 3sec 892ms 944us 300ns to load all assets
[2026/02/10 02:09:01   INFO]                         [Hytale] Loading NPC assets phase...
[2026/02/10 02:09:01   INFO]                          [NPC|P] Starting to load NPC builders!
[2026/02/10 02:09:01   WARN]                          [NPC|P] Replacing asset 'Test_Patrol_Path' of file '/Server/NPC/Roles/_Core/Tests_Development/Test_Patrol_Path.json' with other file '/Server/NPC/Roles/_Core/Tests/Paths/Test_Patrol_Path.json'
[2026/02/10 02:09:02   INFO]                          [NPC|P] Validating loaded NPC configurations...
[2026/02/10 02:09:02   WARN]                          [NPC|P] Animation Eat does not exist for model Trillodon!
[2026/02/10 02:09:02   WARN]                          [NPC|P] Animation Curious does not exist for model Trillodon!
[2026/02/10 02:09:02   WARN]                          [NPC|P] Animation GreetAnimation does not exist for model Trillodon!
[2026/02/10 02:09:02   WARN]                          [NPC|P] Animation Eat does not exist for model Spark_Living!
[2026/02/10 02:09:02   WARN]                          [NPC|P] Animation Curious does not exist for model Spark_Living!
[2026/02/10 02:09:02   WARN]                          [NPC|P] Animation GreetAnimation does not exist for model Spark_Living!
[2026/02/10 02:09:02   WARN]                          [NPC|P] Animation GreetAnimation does not exist for model Tortoise!
[2026/02/10 02:09:02   WARN]                          [NPC|P] Animation Eat does not exist for model Lizard_Sand!
[2026/02/10 02:09:02   WARN]                          [NPC|P] Animation Curious does not exist for model Lizard_Sand!
[2026/02/10 02:09:02   WARN]                          [NPC|P] Animation GreetAnimation does not exist for model Lizard_Sand!
[2026/02/10 02:09:02   WARN]                          [NPC|P] Animation Wave does not exist for model Temple_Mithril_Guard!
[2026/02/10 02:09:02   WARN]                          [NPC|P] Animation Rally does not exist for model Outlander_Sorcerer!
[2026/02/10 02:09:02   WARN]                          [NPC|P] Animation Alerted does not exist for model Scarak_Broodmother!
[2026/02/10 02:09:02   WARN]                          [NPC|P] Animation Leap does not exist for model Goblin_Duke_Large!
[2026/02/10 02:09:02   WARN]                          [NPC|P] Animation Sleep does not exist for model Slug_Magma!
[2026/02/10 02:09:02   WARN]                          [NPC|P] Animation Alerted does not exist for model Slug_Magma!
[2026/02/10 02:09:02   WARN]                          [NPC|P] Animation Laydown does not exist for model Slug_Magma!
[2026/02/10 02:09:02   WARN]                          [NPC|P] Animation Wake does not exist for model Slug_Magma!
[2026/02/10 02:09:02   WARN]                          [NPC|P] Animation Eat does not exist for model Hatworm!
[2026/02/10 02:09:02   WARN]                          [NPC|P] Animation Curious does not exist for model Hatworm!
[2026/02/10 02:09:02   WARN]                          [NPC|P] Animation GreetAnimation does not exist for model Hatworm!
[2026/02/10 02:09:02   WARN]                          [NPC|P] Animation Leap does not exist for model Goblin_Duke!
[2026/02/10 02:09:02   WARN]                          [NPC|P] Animation Alerted does not exist for model Kweebec_Rootling!
[2026/02/10 02:09:02   WARN]                          [NPC|P] Animation Sleep does not exist for model Tuluk_Fisherman!
[2026/02/10 02:09:02   WARN]                          [NPC|P] Animation Alerted does not exist for model Tuluk_Fisherman!
[2026/02/10 02:09:02   WARN]                          [NPC|P] Animation Laydown does not exist for model Tuluk_Fisherman!
[2026/02/10 02:09:02   WARN]                          [NPC|P] Animation Wake does not exist for model Tuluk_Fisherman!
[2026/02/10 02:09:02   WARN]                          [NPC|P] Animation Alerted does not exist for model Scarak_Broodmother!
[2026/02/10 02:09:02   WARN]                          [NPC|P] Animation Wave does not exist for model Frog_Blue!
[2026/02/10 02:09:02   WARN]                          [NPC|P] Animation Wave does not exist for model Frog_Orange!
[2026/02/10 02:09:02   WARN]                          [NPC|P] Animation Alerted does not exist for model Scarak_Broodmother!
[2026/02/10 02:09:02   WARN]                          [NPC|P] Animation Leap does not exist for model Goblin_Duke!
[2026/02/10 02:09:02   WARN]                          [NPC|P] Animation Sleep does not exist for model Wraith_Lantern!
[2026/02/10 02:09:02   WARN]                          [NPC|P] Animation Alerted does not exist for model Wraith_Lantern!
[2026/02/10 02:09:02   WARN]                          [NPC|P] Animation Laydown does not exist for model Wraith_Lantern!
[2026/02/10 02:09:02   WARN]                          [NPC|P] Animation Wake does not exist for model Wraith_Lantern!
[2026/02/10 02:09:02   WARN]                          [NPC|P] Animation Rally does not exist for model Outlander_Priest!
[2026/02/10 02:09:02   INFO]                          [NPC|P] Validation complete.
[2026/02/10 02:09:02   INFO]                          [NPC|P] Loaded 897 NPC configurations, Test: 243, Component: 143, Abstract: 51, Variant: 418, Generic: 44
[2026/02/10 02:09:02   INFO]                         [Hytale] Loading NPC assets phase completed! Boot time 9sec 123ms 577us 400ns, Took 1sec 660ms 662us
[2026/02/10 02:09:02   INFO]                         [Hytale] Validating Spawn assets phase...
[2026/02/10 02:09:02   INFO]                         [Hytale] Spawn assets validation phase completed! Boot time 9sec 124ms 904us 800ns, Took 1ms 192us 300ns
[2026/02/10 02:09:02   INFO]                   [I18nModule|P] Loaded 7870 entries for 'en-US' from /Server/Languages
[2026/02/10 02:09:02   INFO]                   [I18nModule|P] Loaded 51 entries from /Server/Languages/fallback.lang
[2026/02/10 02:09:02   INFO]                   [HytaleServer] Starting plugin manager...
[2026/02/10 02:09:02   INFO]                  [PluginManager] Enabled plugin Hytale:WorldLocationCondition
[2026/02/10 02:09:02   INFO]                  [PluginManager] Enabled plugin Hytale:ServerManager
[2026/02/10 02:09:02   INFO]                  [PluginManager] Enabled plugin Hytale:SprintForce
[2026/02/10 02:09:02   INFO]                  [PluginManager] Enabled plugin Hytale:MigrationModule
[2026/02/10 02:09:02   INFO]                  [PluginManager] Enabled plugin Hytale:AssetModule
[2026/02/10 02:09:02   INFO]                  [PluginManager] Enabled plugin Hytale:ConsoleModule
[2026/02/10 02:09:02   INFO]                  [PluginManager] Enabled plugin Hytale:TimeModule
[2026/02/10 02:09:02   INFO]                  [PluginManager] Enabled plugin Hytale:CollisionModule
[2026/02/10 02:09:02   INFO]                  [PluginManager] Enabled plugin Hytale:DebugPlugin
[2026/02/10 02:09:02   INFO]                  [PluginManager] Enabled plugin Hytale:SplitVelocity
[2026/02/10 02:09:02   INFO]                  [PluginManager] Enabled plugin Hytale:Model
[2026/02/10 02:09:02   INFO]                  [PluginManager] Enabled plugin Hytale:CrouchSlide
[2026/02/10 02:09:02   INFO]                [ServerManager|P] Listening on /[0:0:0:0:0:0:0:0]:5520 and took 3ms 143us 400ns
[2026/02/10 02:09:02   INFO]                [ServerManager|P] Listening on /0.0.0.0:5520 and took 1ms 749us 900ns
[2026/02/10 02:09:02   INFO]                  [PluginManager] Enabled plugin Hytale:Universe
[2026/02/10 02:09:02   INFO]                  [PluginManager] Enabled plugin Hytale:TagSet
[2026/02/10 02:09:02   WARN]                   [UpdateModule] Update checker disabled: invalid folder layout. Expected to run from Server/ with Assets.zip and start.sh/bat in parent directory.
[2026/02/10 02:09:02   INFO]                  [PluginManager] Enabled plugin Hytale:UpdateModule
[2026/02/10 02:09:02   INFO]                [ServerManager|P] Listening on /[0:0:0:0:0:0:0:1]:5520 and took 5ms 258us 400ns
[2026/02/10 02:09:02   INFO]                  [PluginManager] Enabled plugin Hytale:AccessControlModule
[2026/02/10 02:09:02   INFO]                  [PluginManager] Enabled plugin Hytale:CommandMacro
[2026/02/10 02:09:02   INFO]                  [PluginManager] Enabled plugin Hytale:SafetyRoll
[2026/02/10 02:09:02   INFO]                  [PluginManager] Enabled plugin Hytale:HytaleGenerator
[2026/02/10 02:09:02   INFO]                  [PluginManager] Enabled plugin Hytale:ItemModule
[2026/02/10 02:09:02   INFO]                  [PluginManager] Enabled plugin Hytale:CommonAssetModule
[2026/02/10 02:09:02   INFO]                  [PluginManager] Enabled plugin Hytale:CosmeticsModule
[2026/02/10 02:09:02   INFO]                  [PluginManager] Enabled plugin Hytale:I18nModule
[2026/02/10 02:09:02   INFO]                  [PluginManager] Enabled plugin Hytale:LegacyModule
[2026/02/10 02:09:02   INFO]                  [PluginManager] Enabled plugin Hytale:LANDiscovery
[2026/02/10 02:09:02   INFO]                  [PluginManager] Enabled plugin Hytale:Mantling
[2026/02/10 02:09:02   INFO]                  [PluginManager] Enabled plugin Hytale:PermissionsModule
[2026/02/10 02:09:02   INFO]                  [PluginManager] Enabled plugin Hytale:Deployables
[2026/02/10 02:09:02   INFO]                  [PluginManager] Enabled plugin Hytale:BlockSetModule
[2026/02/10 02:09:02   INFO]                  [PluginManager] Enabled plugin Hytale:FlyCameraModule
[2026/02/10 02:09:02   INFO]                  [PluginManager] Enabled plugin Hytale:EntityModule
[2026/02/10 02:09:02   INFO]                  [PluginManager] Enabled plugin Hytale:BlockTick
[2026/02/10 02:09:02   INFO]                  [PluginManager] Enabled plugin Hytale:BlockHealthModule
[2026/02/10 02:09:02   INFO]                  [PluginManager] Enabled plugin Hytale:InteractionModule
[2026/02/10 02:09:02   INFO]                  [PluginManager] Enabled plugin Hytale:ServerPlayerListModule
[2026/02/10 02:09:02   INFO]                  [PluginManager] Enabled plugin Hytale:ConnectedBlocksModule
[2026/02/10 02:09:02   INFO]                  [PluginManager] Enabled plugin Hytale:BlockTypeModule
[2026/02/10 02:09:02   INFO]                  [PluginManager] Enabled plugin Hytale:BlockModule
[2026/02/10 02:09:02   INFO]                  [PluginManager] Enabled plugin Hytale:Weather
[2026/02/10 02:09:02   INFO]                  [PluginManager] Enabled plugin Hytale:Reputation
[2026/02/10 02:09:02   INFO]                  [PluginManager] Enabled plugin Hytale:Parkour
[2026/02/10 02:09:02   INFO]                  [PluginManager] Enabled plugin Hytale:ProjectileModule
[2026/02/10 02:09:02   INFO]                  [PluginManager] Enabled plugin Hytale:Teleport
[2026/02/10 02:09:02   INFO]                  [PluginManager] Enabled plugin Hytale:WorldGen
[2026/02/10 02:09:02   INFO]                  [PluginManager] Enabled plugin Hytale:BlockStateModule
[2026/02/10 02:09:02   INFO]                  [PluginManager] Enabled plugin Hytale:AssetEditor
[2026/02/10 02:09:02   INFO]                  [PluginManager] Enabled plugin Hytale:Ambience
[2026/02/10 02:09:02   INFO]                  [PluginManager] Enabled plugin Hytale:Teleporter
[2026/02/10 02:09:02   INFO]                  [PluginManager] Enabled plugin Hytale:BlockPhysics
[2026/02/10 02:09:02   INFO]                  [PluginManager] Enabled plugin Hytale:BuilderTools
[2026/02/10 02:09:02   INFO]                  [PluginManager] Enabled plugin Hytale:Farming
[2026/02/10 02:09:02   INFO]                  [PluginManager] Enabled plugin Hytale:Fluid
[2026/02/10 02:09:02   INFO]                  [World|default] Loading world 'default' with generator type: 'HytaleWorldGenProvider{name='Default', path='null'}' and chunk storage: 'DefaultChunkStorageProvider{DEFAULT=IndexedStorageChunkStorageProvider{}}'...
[2026/02/10 02:09:02   INFO]                [BarterShopState] Loaded barter shop state with 0 shops
[2026/02/10 02:09:02   INFO]                         [Shop|P] Barter shop state initialized
[2026/02/10 02:09:02   INFO]                  [PluginManager] Enabled plugin Hytale:Shop
[2026/02/10 02:09:02   INFO]                  [PluginManager] Enabled plugin Hytale:Crafting
[2026/02/10 02:09:02   INFO]                  [PluginManager] Enabled plugin Hytale:SingleplayerModule
[2026/02/10 02:09:02   INFO]                  [PluginManager] Enabled plugin Hytale:ShopReputation
[2026/02/10 02:09:02   INFO]                  [PluginManager] Enabled plugin Hytale:EntityStatsModule
[2026/02/10 02:09:02   INFO]                  [PluginManager] Enabled plugin Hytale:BlockSpawner
[2026/02/10 02:09:02   INFO]                  [PluginManager] Enabled plugin Hytale:PrefabSpawnerModule
[2026/02/10 02:09:02   INFO]                  [PluginManager] Enabled plugin Hytale:Instances
[2026/02/10 02:09:02   INFO]                  [PluginManager] Enabled plugin Hytale:Objectives
[2026/02/10 02:09:02   INFO]                  [PluginManager] Enabled plugin Hytale:Path
[2026/02/10 02:09:02   INFO]                  [PluginManager] Enabled plugin Hytale:EntityUIModule
[2026/02/10 02:09:02   INFO]                  [PluginManager] Enabled plugin Hytale:Stash
[2026/02/10 02:09:02   INFO]                  [PluginManager] Enabled plugin Hytale:StaminaModule
[2026/02/10 02:09:02   INFO]                  [PluginManager] Enabled plugin Hytale:ObjectiveShop
[2026/02/10 02:09:02   INFO]                  [PluginManager] Enabled plugin Hytale:ObjectiveReputation
[2026/02/10 02:09:02   INFO]                  [PluginManager] Enabled plugin Hytale:CreativeHub
[2026/02/10 02:09:02   INFO]                  [PluginManager] Enabled plugin Hytale:DamageModule
[2026/02/10 02:09:02   INFO]                  [PluginManager] Enabled plugin Hytale:Camera
[2026/02/10 02:09:02   INFO]                  [PluginManager] Enabled plugin Hytale:NPC
[2026/02/10 02:09:02   INFO]                  [PluginManager] Enabled plugin Hytale:Mounts
[2026/02/10 02:09:02   INFO]                  [PluginManager] Enabled plugin Hytale:Flock
[2026/02/10 02:09:02   INFO]                  [PluginManager] Enabled plugin Hytale:NPCEditor
[2026/02/10 02:09:02   INFO]                  [World|default] Added world 'default' - Seed: 1770609374184, GameTime: 0001-01-03T23:54:32.557795283Z
[2026/02/10 02:09:02   INFO]                  [PluginManager] Enabled plugin Hytale:Memories
[2026/02/10 02:09:02   INFO]                  [PluginManager] Enabled plugin Hytale:NPCShop
[2026/02/10 02:09:02   INFO]                  [PluginManager] Enabled plugin Hytale:Beds
[2026/02/10 02:09:02   INFO]                  [PluginManager] Enabled plugin Hytale:Portals
[2026/02/10 02:09:02   INFO]                  [PluginManager] Enabled plugin Hytale:NPCCombatActionEvaluator
[2026/02/10 02:09:02   INFO]                  [PluginManager] Enabled plugin Hytale:NPCReputation
[2026/02/10 02:09:02   INFO]                     [Spawning|P] Successfully set up 96 world spawn configurations
[2026/02/10 02:09:02   INFO]                     [Spawning|P] Successfully set up 75 beacon spawn configurations
[2026/02/10 02:09:02   INFO]                  [PluginManager] Enabled plugin Hytale:Spawning
[2026/02/10 02:09:02   INFO]                  [PluginManager] Enabled plugin Hytale:NPCObjectives
[2026/02/10 02:09:02   INFO]                   [HytaleServer] Plugin manager started! Startup time so far: 9sec 233ms 904us
[2026/02/10 02:09:02   INFO]                   [HytaleServer] Getting Hytale Universe ready...
[2026/02/10 02:09:03   INFO]                 [WorldGenerator] Set prefab-store to: ASSETS
[2026/02/10 02:09:03   INFO]                 [WorldGenerator] Initialized ChunkGenerator-0 executor
[2026/02/10 02:09:03   INFO]                 [WorldGenerator] Found location for unique zone 'Zone1_Spawn' -> Position: {-153, 127}, Score: 95.08%, Time: 1ms
[2026/02/10 02:09:03   INFO]                 [WorldGenerator] Found location for unique zone 'Zone1_Temple' -> Position: {-167, 376}, Score: 88.29%, Time: 1ms
[2026/02/10 02:09:04   INFO]                [World|default|M] Initializing world map generator: com.hypixel.hytale.server.worldgen.map.GeneratorChunkWorldMap@5dcff090
[2026/02/10 02:09:04   INFO]                [World|default|M] Generating Points of Interest...
[2026/02/10 02:09:04   INFO]                [World|default|M] Finished Generating Points of Interest!
[2026/02/10 02:09:04   INFO]                     [Teleport|P] Loaded 0 warps (No warps.json found)
[2026/02/10 02:09:04   INFO]                   [HytaleServer] Universe ready!
[2026/02/10 02:09:04   INFO]                  [AssetModule|P] Total Loaded Assets: Interaction: 7186, RootInteraction: 5376, BlockType: 3953, Item: 3005, CraftingRecipe: 1643, ParticleSpawner: 1584, SoundEvent: 1161, ItemDropList: 728, ParticleSystem: 535, ModelAsset: 434, SpawnMarker: 243, BlockBoundingBoxes: 234, Condition: 228, ItemPlayerAnimations: 183, EntityEffect: 175, AmbienceFX: 167, TagPattern: 126, ResourceType: 124, Environment: 117, AssignmentsAsset: 111, ProjectileConfig: 111, WorldNPCSpawn: 96, AudioCategory: 94, CombatActionOption: 87, Weather: 86, Projectile: 86, PrefabListAsset: 77, BeaconNPCSpawn: 75, NPCGroup: 71, BiomeAsset: 69, Trail: 59, FlockAsset: 58, BlockSet: 56, BlockSoundSet: 53, CameraShake: 49, CameraEffect: 49, BalanceAsset: 48, BlockSpawnerTable: 46, BlockGroup: 43, ScriptedBrushAsset: 38, ItemSoundSet: 36, ModelVFX: 33, BlockParticleSet: 30, AttitudeGroup: 27, ReverbEffect: 22, ItemToolSpec: 17, Fluid: 15, DamageCause: 15, WorldStructureAsset: 14, EntityStatType: 13, BlockTypeListAsset: 12, ViewBobbing: 12, ResponseCurve: 12, ObjectiveAsset: 12, ItemQuality: 12, CustomConnectedBlockTemplateAsset: 11, BlockMigration: 11, DensityAsset: 9, MacroCommandBuilder: 8, PortalType: 5, GameplayConfig: 5, FluidFX: 5, BlockBreakingDecal: 4, ObjectiveLocationMarkerAsset: 4, GrowthModifierAsset: 4, ItemCategory: 4, UnarmedInteractions: 3, ItemReticleConfig: 3, MovementConfig: 3, SpawnSuppression: 3, EqualizerEffect: 3, EntityUIComponent: 2, SoundSet: 2, RepulsionConfig: 2, BarterShopAsset: 2, GameModeType: 2, HitboxCollisionConfig: 2, ObjectiveLineAsset: 2, SettingsAsset: 1, BuilderToolItemReferenceAsset: 1, WordList: 1, ReachLocationMarkerAsset: 1, FieldcraftCategory: 1, ItemAttitudeGroup: 1, PrefabEditorCreationSettings: 1, FarmingCoopAsset: 1, ReputationRank: 0, ReputationGroup: 0, ShopAsset: 0, DeployableSpawner: 0, BlockMaskAsset: 0
[2026/02/10 02:09:04   INFO]                   [HytaleServer] ===============================================================================================
[2026/02/10 02:09:04   INFO]                   [HytaleServer]          Hytale Server Booted! [Multiplayer] took 10sec 813ms 893us 900ns
[2026/02/10 02:09:04   INFO]                   [HytaleServer] ===============================================================================================
[2026/02/10 02:09:04   WARN]                  [World|default] Task took 60ms 427us 900ns ns: com.hypixel.hytale.server.spawning.world.manager.WorldSpawnManager$$Lambda/0x000001c63ae64820@695668a6
[2026/02/10 02:10:01   INFO]                  [QUICTransport] Received connection from QuicConnectionAddress{connId=} (/25.9.60.222:56242) to QuicConnectionAddress{connId=1220767399a6d9972d269ab00f7dc3eeee7b64b3} (/0.0.0.0:5520)
[2026/02/10 02:10:02   INFO]                         [Hytale] Received stream QuicConnectionAddress{connId=1220767399a6d9972d269ab00f7dc3eeee7b64b3} (/25.9.60.222:56242, streamId=0) to QuicConnectionAddress{connId=1220767399a6d9972d269ab00f7dc3eeee7b64b3} (/0.0.0.0:5520, streamId=0)
[2026/02/10 02:10:02 FINEST]                    [LoginTiming] [{Initial(QuicConnectionAddress{connId=1220767399a6d9972d269ab00f7dc3eeee7b64b3} (/25.9.60.222:56242, streamId=0))}] Entering stage 'initial'
[2026/02/10 02:10:02   FINE]                    [LoginTiming] [{Initial(QuicConnectionAddress{connId=1220767399a6d9972d269ab00f7dc3eeee7b64b3} (/25.9.60.222:56242, streamId=0))}] Registered took 353us 600ns
[2026/02/10 02:10:02   FINE]                    [LoginTiming] [{Initial(QuicConnectionAddress{connId=1220767399a6d9972d269ab00f7dc3eeee7b64b3} (/25.9.60.222:56242, streamId=0))}] Connect took 130ms 417us 200ns
[2026/02/10 02:10:02   INFO]                         [Hytale] Starting development flow for xeNdok (93e8a8ed-d443-47a7-be67-97277b9ef260) from QuicConnectionAddress{connId=1220767399a6d9972d269ab00f7dc3eeee7b64b3} (/25.9.60.222:56242, streamId=0)
[2026/02/10 02:10:02   INFO]          [PasswordPacketHandler] Connection complete for xeNdok (93e8a8ed-d443-47a7-be67-97277b9ef260), transitioning to setup
[2026/02/10 02:10:02 FINEST]                    [LoginTiming] [{Setup(QuicConnectionAddress{connId=1220767399a6d9972d269ab00f7dc3eeee7b64b3} (/25.9.60.222:56242, streamId=0)), xeNdok, 93e8a8ed-d443-47a7-be67-97277b9ef260, SECURE}] Entering stage 'setup:world-settings' took 2ms 518us 700ns
[2026/02/10 02:10:02   FINE]                    [LoginTiming] [{Setup(QuicConnectionAddress{connId=1220767399a6d9972d269ab00f7dc3eeee7b64b3} (/25.9.60.222:56242, streamId=0)), xeNdok, 93e8a8ed-d443-47a7-be67-97277b9ef260, SECURE}] Load Player Config took 1ms 128us 800ns
[2026/02/10 02:10:02 FINEST]                    [LoginTiming] [{Setup(QuicConnectionAddress{connId=1220767399a6d9972d269ab00f7dc3eeee7b64b3} (/25.9.60.222:56242, streamId=0)), xeNdok, 93e8a8ed-d443-47a7-be67-97277b9ef260, SECURE}] Entering stage 'setup:assets-request' took 88ms 352us 700ns
[2026/02/10 02:10:02   FINE]                    [LoginTiming] [{Setup(QuicConnectionAddress{connId=1220767399a6d9972d269ab00f7dc3eeee7b64b3} (/25.9.60.222:56242, streamId=0)), xeNdok, 93e8a8ed-d443-47a7-be67-97277b9ef260, SECURE}] Request Assets took 259ms 890us 400ns
[2026/02/10 02:10:02 FINEST]                    [LoginTiming] [{Setup(QuicConnectionAddress{connId=1220767399a6d9972d269ab00f7dc3eeee7b64b3} (/25.9.60.222:56242, streamId=0)), xeNdok, 93e8a8ed-d443-47a7-be67-97277b9ef260, SECURE}] Entering stage 'setup:send-assets' took 1ms 257us 100ns
[2026/02/10 02:10:02   FINE]                    [LoginTiming] [{Setup(QuicConnectionAddress{connId=1220767399a6d9972d269ab00f7dc3eeee7b64b3} (/25.9.60.222:56242, streamId=0)), xeNdok, 93e8a8ed-d443-47a7-be67-97277b9ef260, SECURE}] Send Common Assets took 292us 100ns
[2026/02/10 02:10:02   WARN]                         [Hytale] Missing interaction Effect
[2026/02/10 02:10:03   FINE]                    [LoginTiming] [{Setup(QuicConnectionAddress{connId=1220767399a6d9972d269ab00f7dc3eeee7b64b3} (/25.9.60.222:56242, streamId=0)), xeNdok, 93e8a8ed-d443-47a7-be67-97277b9ef260, SECURE}] Send Config Assets took 444ms 634us 100ns
[2026/02/10 02:10:04   INFO]                  [QUICTransport] Received connection from QuicConnectionAddress{connId=} (/127.0.0.1:61208) to QuicConnectionAddress{connId=c900451119cfce2eeb4cfb0dcc5352edc7655aee} (/0.0.0.0:5520)
[2026/02/10 02:10:04   INFO]                         [Hytale] Received stream QuicConnectionAddress{connId=c900451119cfce2eeb4cfb0dcc5352edc7655aee} (/127.0.0.1:61208, streamId=0) to QuicConnectionAddress{connId=c900451119cfce2eeb4cfb0dcc5352edc7655aee} (/0.0.0.0:5520, streamId=0)
[2026/02/10 02:10:04 FINEST]                    [LoginTiming] [{Initial(QuicConnectionAddress{connId=c900451119cfce2eeb4cfb0dcc5352edc7655aee} (/127.0.0.1:61208, streamId=0))}] Entering stage 'initial'
[2026/02/10 02:10:04   FINE]                    [LoginTiming] [{Initial(QuicConnectionAddress{connId=c900451119cfce2eeb4cfb0dcc5352edc7655aee} (/127.0.0.1:61208, streamId=0))}] Registered took 100us 500ns
[2026/02/10 02:10:04   FINE]                    [LoginTiming] [{Initial(QuicConnectionAddress{connId=c900451119cfce2eeb4cfb0dcc5352edc7655aee} (/127.0.0.1:61208, streamId=0))}] Connect took 333us 300ns
[2026/02/10 02:10:04   INFO]                         [Hytale] Starting development flow for OFME (4c9340d7-46d4-4d07-a047-4709cc19480e) from QuicConnectionAddress{connId=c900451119cfce2eeb4cfb0dcc5352edc7655aee} (/127.0.0.1:61208, streamId=0)
[2026/02/10 02:10:04   INFO]          [PasswordPacketHandler] Connection complete for OFME (4c9340d7-46d4-4d07-a047-4709cc19480e), transitioning to setup
[2026/02/10 02:10:04 FINEST] [LoginTiming] [{Setup(QuicConnectionAddress{connId=c900451119cfce2eeb4cfb0dcc5352edc7655aee} (/127.0.0.1:61208, streamId=0)), OFME, 4c9340d7-46d4-4d07-a047-4709cc19480e, SECURE}] Entering stage 'setup:world-settings' took 500us 700ns
[2026/02/10 02:10:04   FINE] [LoginTiming] [{Setup(QuicConnectionAddress{connId=c900451119cfce2eeb4cfb0dcc5352edc7655aee} (/127.0.0.1:61208, streamId=0)), OFME, 4c9340d7-46d4-4d07-a047-4709cc19480e, SECURE}] Load Player Config took 159us 100ns
[2026/02/10 02:10:04 FINEST] [LoginTiming] [{Setup(QuicConnectionAddress{connId=c900451119cfce2eeb4cfb0dcc5352edc7655aee} (/127.0.0.1:61208, streamId=0)), OFME, 4c9340d7-46d4-4d07-a047-4709cc19480e, SECURE}] Entering stage 'setup:assets-request' took 39ms 894us
[2026/02/10 02:10:04   FINE] [LoginTiming] [{Setup(QuicConnectionAddress{connId=c900451119cfce2eeb4cfb0dcc5352edc7655aee} (/127.0.0.1:61208, streamId=0)), OFME, 4c9340d7-46d4-4d07-a047-4709cc19480e, SECURE}] Request Assets took 131ms 16us 600ns
[2026/02/10 02:10:04 FINEST] [LoginTiming] [{Setup(QuicConnectionAddress{connId=c900451119cfce2eeb4cfb0dcc5352edc7655aee} (/127.0.0.1:61208, streamId=0)), OFME, 4c9340d7-46d4-4d07-a047-4709cc19480e, SECURE}] Entering stage 'setup:send-assets' took 212us 300ns
[2026/02/10 02:10:04   FINE] [LoginTiming] [{Setup(QuicConnectionAddress{connId=c900451119cfce2eeb4cfb0dcc5352edc7655aee} (/127.0.0.1:61208, streamId=0)), OFME, 4c9340d7-46d4-4d07-a047-4709cc19480e, SECURE}] Send Common Assets took 105us 400ns
[2026/02/10 02:10:05   FINE] [LoginTiming] [{Setup(QuicConnectionAddress{connId=c900451119cfce2eeb4cfb0dcc5352edc7655aee} (/127.0.0.1:61208, streamId=0)), OFME, 4c9340d7-46d4-4d07-a047-4709cc19480e, SECURE}] Send Config Assets took 103ms 721us 200ns
[2026/02/10 02:10:05   FINE] [LoginTiming] [{Setup(QuicConnectionAddress{connId=1220767399a6d9972d269ab00f7dc3eeee7b64b3} (/25.9.60.222:56242, streamId=0)), xeNdok, 93e8a8ed-d443-47a7-be67-97277b9ef260, SECURE}] Player Options took 2sec 489ms 185us 700ns
[2026/02/10 02:10:05   INFO]  [Universe|P] Adding player 'xeNdok (93e8a8ed-d443-47a7-be67-97277b9ef260)
[2026/02/10 02:10:05 FINEST] [LoginTiming] [{Setup(QuicConnectionAddress{connId=1220767399a6d9972d269ab00f7dc3eeee7b64b3} (/25.9.60.222:56242, streamId=0)), xeNdok, 93e8a8ed-d443-47a7-be67-97277b9ef260, SECURE}] Entering stage 'setup:add-to-universe' took 9ms 148us 100ns
[2026/02/10 02:10:05 FINEST] [LoginTiming] [{Setup(QuicConnectionAddress{connId=1220767399a6d9972d269ab00f7dc3eeee7b64b3} (/25.9.60.222:56242, streamId=0)), xeNdok, 93e8a8ed-d443-47a7-be67-97277b9ef260, SECURE}] Load Player Config took 17ms 513us 600ns
[2026/02/10 02:10:05 FINEST] [LoginTiming] [{Playing(QuicConnectionAddress{connId=1220767399a6d9972d269ab00f7dc3eeee7b64b3} (/25.9.60.222:56242, streamId=0)), 93e8a8ed-d443-47a7-be67-97277b9ef260, xeNdok}] Processed Referral took 1ms 667us 400ns
[2026/02/10 02:10:05   WARN]      [Hytale] {Playing(QuicConnectionAddress{connId=1220767399a6d9972d269ab00f7dc3eeee7b64b3} (/25.9.60.222:56242, streamId=0)), 93e8a8ed-d443-47a7-be67-97277b9ef260, xeNdok} Added future for ClientReady packet?
[2026/02/10 02:10:05   INFO] [World|default] Adding player 'xeNdok' to world 'default' at location null (93e8a8ed-d443-47a7-be67-97277b9ef260)
[2026/02/10 02:10:05   INFO]        [Hytale] {Playing(QuicConnectionAddress{connId=1220767399a6d9972d269ab00f7dc3eeee7b64b3} (/25.9.60.222:56242, streamId=0)), 93e8a8ed-d443-47a7-be67-97277b9ef260, xeNdok}: Sent com.hypixel.hytale.protocol.packets.player.JoinWorld@16190f81
[2026/02/10 02:10:06   FINE]   [LoginTiming] [{Setup(QuicConnectionAddress{connId=c900451119cfce2eeb4cfb0dcc5352edc7655aee} (/127.0.0.1:61208, streamId=0)), OFME, 4c9340d7-46d4-4d07-a047-4709cc19480e, SECURE}] Player Options took 1sec 387ms 836us
[2026/02/10 02:10:06   INFO]    [Universe|P] Adding player 'OFME (4c9340d7-46d4-4d07-a047-4709cc19480e)
[2026/02/10 02:10:06 FINEST]   [LoginTiming] [{Setup(QuicConnectionAddress{connId=c900451119cfce2eeb4cfb0dcc5352edc7655aee} (/127.0.0.1:61208, streamId=0)), OFME, 4c9340d7-46d4-4d07-a047-4709cc19480e, SECURE}] Entering stage 'setup:add-to-universe' took 524us 500ns
[2026/02/10 02:10:06 FINEST]   [LoginTiming] [{Setup(QuicConnectionAddress{connId=c900451119cfce2eeb4cfb0dcc5352edc7655aee} (/127.0.0.1:61208, streamId=0)), OFME, 4c9340d7-46d4-4d07-a047-4709cc19480e, SECURE}] Load Player Config took 14ms 179us
[2026/02/10 02:10:06 FINEST]   [LoginTiming] [{Playing(QuicConnectionAddress{connId=c900451119cfce2eeb4cfb0dcc5352edc7655aee} (/127.0.0.1:61208, streamId=0)), 4c9340d7-46d4-4d07-a047-4709cc19480e, OFME}] Processed Referral took 999us 200ns
[2026/02/10 02:10:06   WARN]        [Hytale] {Playing(QuicConnectionAddress{connId=c900451119cfce2eeb4cfb0dcc5352edc7655aee} (/127.0.0.1:61208, streamId=0)), 4c9340d7-46d4-4d07-a047-4709cc19480e, OFME} Added future for ClientReady packet?
[2026/02/10 02:10:06   INFO] [World|default] Adding player 'OFME' to world 'default' at location null (4c9340d7-46d4-4d07-a047-4709cc19480e)
[2026/02/10 02:10:06   INFO]        [Hytale] {Playing(QuicConnectionAddress{connId=c900451119cfce2eeb4cfb0dcc5352edc7655aee} (/127.0.0.1:61208, streamId=0)), 4c9340d7-46d4-4d07-a047-4709cc19480e, OFME}: Sent com.hypixel.hytale.protocol.packets.player.JoinWorld@16190f81
[2026/02/10 02:10:06   WARN]        [Hytale] {Playing(QuicConnectionAddress{connId=1220767399a6d9972d269ab00f7dc3eeee7b64b3} (/25.9.60.222:56242, streamId=0)), 93e8a8ed-d443-47a7-be67-97277b9ef260, xeNdok}: Received com.hypixel.hytale.protocol.packets.player.ClientReady@9da7
[2026/02/10 02:10:06   INFO] [World|default] Player 'xeNdok' joined world 'default' at location Vector3d{x=-128.48638916015625, y=119.0, z=-19.980575561523438} (93e8a8ed-d443-47a7-be67-97277b9ef260)
[2026/02/10 02:10:06 FINEST]   [LoginTiming] [{Playing(QuicConnectionAddress{connId=1220767399a6d9972d269ab00f7dc3eeee7b64b3} (/25.9.60.222:56242, streamId=0)), 93e8a8ed-d443-47a7-be67-97277b9ef260, xeNdok}] Add to World took 690ms 188us
[2026/02/10 02:10:06   FINE]   [LoginTiming] [{Playing(QuicConnectionAddress{connId=1220767399a6d9972d269ab00f7dc3eeee7b64b3} (/25.9.60.222:56242, streamId=0)), 93e8a8ed-d443-47a7-be67-97277b9ef260, xeNdok}] Add To Universe took 126us 400ns
[2026/02/10 02:10:06   INFO] [WorldMapTracker] Started Generating Map!
[2026/02/10 02:10:06   WARN]          [Entity] getPositionComponent called async [CONTEXT ratelimit_period="5 MINUTES" ]
java.lang.Throwable
	at com.hypixel.hytale.server.core.entity.Entity.getTransformComponent(Entity.java:278)
	at com.hypixel.hytale.server.core.universe.world.WorldMapTracker.tick(WorldMapTracker.java:138)
	at com.hypixel.hytale.server.core.universe.world.worldmap.WorldMapManager.tick(WorldMapManager.java:148)
	at com.hypixel.hytale.server.core.util.thread.TickingThread.run(TickingThread.java:89)
	at java.base/java.lang.Thread.run(Thread.java:1583)

[2026/02/10 02:10:06   WARN]   [World|default] Task took 117ms 457us 500ns ns: java.util.concurrent.CompletableFuture$AsyncSupply@5f1f859a
[2026/02/10 02:10:06   WARN]   [World|default] Task took 48ms 259us 900ns ns: java.util.concurrent.CompletableFuture$AsyncSupply@7de29bca
[2026/02/10 02:10:07   WARN]          [Hytale] {Playing(QuicConnectionAddress{connId=c900451119cfce2eeb4cfb0dcc5352edc7655aee} (/127.0.0.1:61208, streamId=0)), 4c9340d7-46d4-4d07-a047-4709cc19480e, OFME}: Received com.hypixel.hytale.protocol.packets.player.ClientReady@9da7
[2026/02/10 02:10:07   INFO]   [World|default] Player 'OFME' joined world 'default' at location Vector3d{x=-89.00101470947266, y=116.0, z=-15.688660621643066} (4c9340d7-46d4-4d07-a047-4709cc19480e)
[2026/02/10 02:10:07 FINEST]     [LoginTiming] [{Playing(QuicConnectionAddress{connId=c900451119cfce2eeb4cfb0dcc5352edc7655aee} (/127.0.0.1:61208, streamId=0)), 4c9340d7-46d4-4d07-a047-4709cc19480e, OFME}] Add to World took 883ms 309us 300ns
[2026/02/10 02:10:07   FINE]     [LoginTiming] [{Playing(QuicConnectionAddress{connId=c900451119cfce2eeb4cfb0dcc5352edc7655aee} (/127.0.0.1:61208, streamId=0)), 4c9340d7-46d4-4d07-a047-4709cc19480e, OFME}] Add To Universe took 101us 900ns
[2026/02/10 02:10:07   INFO] [WorldMapTracker] Started Generating Map!
[2026/02/10 02:10:07   WARN]   [World|default] Task took 71ms 765us 600ns ns: java.util.concurrent.CompletableFuture$AsyncSupply@78a0e732
[2026/02/10 02:10:07   WARN] [SpawnMarkerSystems] Connection with NPC from marker at Vector3d{x=-105.51970863342285, y=65.0, z=-68.35238099098206} lost due to being invalid/already unloaded
[2026/02/10 02:10:09   WARN] [SpawnMarkerSystems] Connection with NPC from marker at Vector3d{x=30.328704833984375, y=65.15721130371094, z=-147.90080571174622} lost due to being invalid/already unloaded
[2026/02/10 02:10:09   WARN] [SpawnMarkerSystems] Connection with NPC from marker at Vector3d{x=23.565887451171875, y=68.0, z=-128.01775550842285} lost due to being invalid/already unloaded
[2026/02/10 02:10:10   WARN]             [Hytale] {Playing(QuicConnectionAddress{connId=1220767399a6d9972d269ab00f7dc3eeee7b64b3} (/25.9.60.222:56242, streamId=0)), 93e8a8ed-d443-47a7-be67-97277b9ef260, xeNdok}: Received com.hypixel.hytale.protocol.packets.player.ClientReady@9da1
[2026/02/10 02:10:13   WARN]             [Hytale] {Playing(QuicConnectionAddress{connId=c900451119cfce2eeb4cfb0dcc5352edc7655aee} (/127.0.0.1:61208, streamId=0)), 4c9340d7-46d4-4d07-a047-4709cc19480e, OFME}: Received com.hypixel.hytale.protocol.packets.player.ClientReady@9da1
[2026/02/10 02:10:14   WARN]      [World|default] Task took 37ms 728us 500ns ns: java.util.concurrent.CompletableFuture$UniApply@6d6c0c46
[2026/02/10 02:10:44   WARN]         [Spawning|P] Removing NPC of type Owl_Brown due to overpopulation (expected: 0.686877, actual: 5)
[2026/02/10 02:11:42   INFO]             [Hytale] 4c9340d7-46d4-4d07-a047-4709cc19480e - OFME at QuicConnectionAddress{connId=c900451119cfce2eeb4cfb0dcc5352edc7655aee} (/127.0.0.1:61208, streamId=0) left with reason: Disconnect - Player leave
[2026/02/10 02:11:42   INFO]             [Hytale] {Playing(null (null, streamId=0)), 4c9340d7-46d4-4d07-a047-4709cc19480e, OFME} was closed.
[2026/02/10 02:11:42   INFO]         [Universe|P] Removing player 'OFME' (4c9340d7-46d4-4d07-a047-4709cc19480e)
[2026/02/10 02:11:42   INFO]      [QUICTransport] Connection closed: QuicheQuicConnectionStats[recv=15020, sent=42713, lost=0, retrans=3, sentBytes=41154114, recvBytes=1343074, lostBytes=0, streamRetransBytes=2331, pathsCount=1]
[2026/02/10 02:11:42   INFO]       [Objectives|P] Checking objectives for disconnecting player 'OFME' (4c9340d7-46d4-4d07-a047-4709cc19480e)
[2026/02/10 02:11:42   INFO]       [Objectives|P] Processing 0 active objectives for 'OFME' (4c9340d7-46d4-4d07-a047-4709cc19480e)
[2026/02/10 02:11:42   INFO]      [PlayerSystems] Removing player 'OFME (OFME)' from world 'default' (4c9340d7-46d4-4d07-a047-4709cc19480e)
[2026/02/10 02:12:00   INFO]      [QUICTransport] Received connection from QuicConnectionAddress{connId=} (/127.0.0.1:55581) to QuicConnectionAddress{connId=342c20f0a75ce9ab568e4b12b3ac8842a15c8240} (/0.0.0.0:5520)
[2026/02/10 02:12:01   INFO]             [Hytale] Received stream QuicConnectionAddress{connId=342c20f0a75ce9ab568e4b12b3ac8842a15c8240} (/127.0.0.1:55581, streamId=0) to QuicConnectionAddress{connId=342c20f0a75ce9ab568e4b12b3ac8842a15c8240} (/0.0.0.0:5520, streamId=0)
[2026/02/10 02:12:01 FINEST]        [LoginTiming] [{Initial(QuicConnectionAddress{connId=342c20f0a75ce9ab568e4b12b3ac8842a15c8240} (/127.0.0.1:55581, streamId=0))}] Entering stage 'initial'
[2026/02/10 02:12:01   FINE]        [LoginTiming] [{Initial(QuicConnectionAddress{connId=342c20f0a75ce9ab568e4b12b3ac8842a15c8240} (/127.0.0.1:55581, streamId=0))}] Registered took 158us 500ns
[2026/02/10 02:12:01   FINE]        [LoginTiming] [{Initial(QuicConnectionAddress{connId=342c20f0a75ce9ab568e4b12b3ac8842a15c8240} (/127.0.0.1:55581, streamId=0))}] Connect took 245us 300ns
[2026/02/10 02:12:01   INFO]             [Hytale] Starting development flow for OFME (4c9340d7-46d4-4d07-a047-4709cc19480e) from QuicConnectionAddress{connId=342c20f0a75ce9ab568e4b12b3ac8842a15c8240} (/127.0.0.1:55581, streamId=0)
[2026/02/10 02:12:01   INFO] [PasswordPacketHandler] Connection complete for OFME (4c9340d7-46d4-4d07-a047-4709cc19480e), transitioning to setup
[2026/02/10 02:12:01 FINEST]           [LoginTiming] [{Setup(QuicConnectionAddress{connId=342c20f0a75ce9ab568e4b12b3ac8842a15c8240} (/127.0.0.1:55581, streamId=0)), OFME, 4c9340d7-46d4-4d07-a047-4709cc19480e, SECURE}] Entering stage 'setup:world-settings' took 630us 600ns
[2026/02/10 02:12:01   FINE]           [LoginTiming] [{Setup(QuicConnectionAddress{connId=342c20f0a75ce9ab568e4b12b3ac8842a15c8240} (/127.0.0.1:55581, streamId=0)), OFME, 4c9340d7-46d4-4d07-a047-4709cc19480e, SECURE}] Load Player Config took 195us 900ns
[2026/02/10 02:12:01 FINEST]           [LoginTiming] [{Setup(QuicConnectionAddress{connId=342c20f0a75ce9ab568e4b12b3ac8842a15c8240} (/127.0.0.1:55581, streamId=0)), OFME, 4c9340d7-46d4-4d07-a047-4709cc19480e, SECURE}] Entering stage 'setup:assets-request' took 44ms 929us 900ns
[2026/02/10 02:12:01   FINE]           [LoginTiming] [{Setup(QuicConnectionAddress{connId=342c20f0a75ce9ab568e4b12b3ac8842a15c8240} (/127.0.0.1:55581, streamId=0)), OFME, 4c9340d7-46d4-4d07-a047-4709cc19480e, SECURE}] Request Assets took 104ms 100us 100ns
[2026/02/10 02:12:01 FINEST]           [LoginTiming] [{Setup(QuicConnectionAddress{connId=342c20f0a75ce9ab568e4b12b3ac8842a15c8240} (/127.0.0.1:55581, streamId=0)), OFME, 4c9340d7-46d4-4d07-a047-4709cc19480e, SECURE}] Entering stage 'setup:send-assets' took 182us 500ns
[2026/02/10 02:12:01   FINE]           [LoginTiming] [{Setup(QuicConnectionAddress{connId=342c20f0a75ce9ab568e4b12b3ac8842a15c8240} (/127.0.0.1:55581, streamId=0)), OFME, 4c9340d7-46d4-4d07-a047-4709cc19480e, SECURE}] Send Common Assets took 171us 600ns
[2026/02/10 02:12:01   FINE]           [LoginTiming] [{Setup(QuicConnectionAddress{connId=342c20f0a75ce9ab568e4b12b3ac8842a15c8240} (/127.0.0.1:55581, streamId=0)), OFME, 4c9340d7-46d4-4d07-a047-4709cc19480e, SECURE}] Send Config Assets took 201ms 740us 400ns
[2026/02/10 02:12:02   FINE]           [LoginTiming] [{Setup(QuicConnectionAddress{connId=342c20f0a75ce9ab568e4b12b3ac8842a15c8240} (/127.0.0.1:55581, streamId=0)), OFME, 4c9340d7-46d4-4d07-a047-4709cc19480e, SECURE}] Player Options took 1sec 254ms 175us 600ns
[2026/02/10 02:12:02   INFO]            [Universe|P] Adding player 'OFME (4c9340d7-46d4-4d07-a047-4709cc19480e)
[2026/02/10 02:12:02 FINEST]           [LoginTiming] [{Setup(QuicConnectionAddress{connId=342c20f0a75ce9ab568e4b12b3ac8842a15c8240} (/127.0.0.1:55581, streamId=0)), OFME, 4c9340d7-46d4-4d07-a047-4709cc19480e, SECURE}] Entering stage 'setup:add-to-universe' took 1ms 208us
[2026/02/10 02:12:02 FINEST]           [LoginTiming] [{Setup(QuicConnectionAddress{connId=342c20f0a75ce9ab568e4b12b3ac8842a15c8240} (/127.0.0.1:55581, streamId=0)), OFME, 4c9340d7-46d4-4d07-a047-4709cc19480e, SECURE}] Load Player Config took 18ms 217us 700ns
[2026/02/10 02:12:02 FINEST]           [LoginTiming] [{Playing(QuicConnectionAddress{connId=342c20f0a75ce9ab568e4b12b3ac8842a15c8240} (/127.0.0.1:55581, streamId=0)), 4c9340d7-46d4-4d07-a047-4709cc19480e, OFME}] Processed Referral took 625us 600ns
[2026/02/10 02:12:02   WARN]                [Hytale] {Playing(QuicConnectionAddress{connId=342c20f0a75ce9ab568e4b12b3ac8842a15c8240} (/127.0.0.1:55581, streamId=0)), 4c9340d7-46d4-4d07-a047-4709cc19480e, OFME} Added future for ClientReady packet?
[2026/02/10 02:12:02   INFO]         [World|default] Adding player 'OFME' to world 'default' at location null (4c9340d7-46d4-4d07-a047-4709cc19480e)
[2026/02/10 02:12:02   INFO]                [Hytale] {Playing(QuicConnectionAddress{connId=342c20f0a75ce9ab568e4b12b3ac8842a15c8240} (/127.0.0.1:55581, streamId=0)), 4c9340d7-46d4-4d07-a047-4709cc19480e, OFME}: Sent com.hypixel.hytale.protocol.packets.player.JoinWorld@16190f81
[2026/02/10 02:12:03   WARN]                [Hytale] {Playing(QuicConnectionAddress{connId=342c20f0a75ce9ab568e4b12b3ac8842a15c8240} (/127.0.0.1:55581, streamId=0)), 4c9340d7-46d4-4d07-a047-4709cc19480e, OFME}: Received com.hypixel.hytale.protocol.packets.player.ClientReady@9da7
[2026/02/10 02:12:03   INFO]         [World|default] Player 'OFME' joined world 'default' at location Vector3d{x=-109.67262268066406, y=118.0, z=-19.923294067382812} (4c9340d7-46d4-4d07-a047-4709cc19480e)
[2026/02/10 02:12:03 FINEST]           [LoginTiming] [{Playing(QuicConnectionAddress{connId=342c20f0a75ce9ab568e4b12b3ac8842a15c8240} (/127.0.0.1:55581, streamId=0)), 4c9340d7-46d4-4d07-a047-4709cc19480e, OFME}] Add to World took 446ms 303us 400ns
[2026/02/10 02:12:03   FINE]           [LoginTiming] [{Playing(QuicConnectionAddress{connId=342c20f0a75ce9ab568e4b12b3ac8842a15c8240} (/127.0.0.1:55581, streamId=0)), 4c9340d7-46d4-4d07-a047-4709cc19480e, OFME}] Add To Universe took 71us 500ns
[2026/02/10 02:12:03   INFO]       [WorldMapTracker] Started Generating Map!
[2026/02/10 02:12:05   WARN]                [Hytale] {Playing(QuicConnectionAddress{connId=342c20f0a75ce9ab568e4b12b3ac8842a15c8240} (/127.0.0.1:55581, streamId=0)), 4c9340d7-46d4-4d07-a047-4709cc19480e, OFME}: Received com.hypixel.hytale.protocol.packets.player.ClientReady@9da1
[2026/02/10 02:14:36 SEVERE]                [Hytale] Missing replacement interactions for interaction: **Weapon_Shortbow_Primary_Shoot_Charge_Next_1.2_Failed for var No_Ammo_Effects on item ItemStack{itemId=Weapon_Shortbow_Crude, quantity=1, maxDurability=80.0, durability=75.36000000000001, metadata=null} [CONTEXT ratelimit_period="1 MINUTES" ]
[2026/02/10 02:16:12   WARN]            [Spawning|P] Removing NPC of type Bear_Grizzly due to overpopulation (expected: 2.191133, actual: 7)
[2026/02/10 02:16:35   WARN]            [Spawning|P] Removing NPC of type Trout_Rainbow due to overpopulation (expected: 3.054620, actual: 8)
[2026/02/10 02:19:34   WARN]            [Spawning|P] Marker 54d5e0d1-8539-3378-8c14-d7f4f813265c at Vector3d{x=142.789169128418, y=70.00177083740229, z=318.0740602783203} removed due to repeated spawning fails of Goblin_Scrapper with reason: NO_ROOM
[2026/02/10 02:19:49   WARN]            [Spawning|P] Removing NPC of type Sparrow due to overpopulation (expected: 2.243161, actual: 7)
[2026/02/10 02:19:54   WARN]            [Spawning|P] Marker 02716f71-ea57-338d-a5dc-e69b2ff253e7 at Vector3d{x=-38.14299011230469, y=37.0, z=415.02877044677734} removed due to repeated spawning fails of Skeleton_Incandescent_Fighter with reason: TOO_HIGH
[2026/02/10 02:20:43   WARN]            [Spawning|P] Removing NPC of type Owl_Brown due to overpopulation (expected: 0.738575, actual: 5)
[2026/02/10 02:22:22   WARN]            [Spawning|P] Marker 6c36bd6d-1bbc-336a-b270-b8fd034fa846 at Vector3d{x=-233.1429901123047, y=37.0, z=414.02877044677734} removed due to repeated spawning fails of Skeleton_Incandescent_Fighter with reason: TOO_HIGH
[2026/02/10 02:23:16   WARN]            [Spawning|P] Marker cc1b630f-5589-3b62-bd36-a8db0701b6d0 at Vector3d{x=-129.02326202392578, y=36.0, z=476.9926471710205} removed due to repeated spawning fails of Skeleton_Incandescent_Mage with reason: TOO_HIGH
[2026/02/10 02:23:21   WARN]            [Spawning|P] Marker b82bd359-1005-3939-927a-114135ae2f55 at Vector3d{x=-130.1429901123047, y=37.0, z=500.02877044677734} removed due to repeated spawning fails of Skeleton_Incandescent_Fighter with reason: NO_ROOM
[2026/02/10 02:23:21   WARN]            [Spawning|P] Marker 90eef092-6935-32a5-a33a-7ff81cdca9de at Vector3d{x=-108.67129516601562, y=65.15721130371094, z=459.0991942882538} removed due to repeated spawning fails of Goblin_Miner with reason: NO_ROOM
[2026/02/10 02:23:25   WARN]            [Spawning|P] Marker 09ea0745-3f4f-35cf-831b-73c6ac81b4be at Vector3d{x=-379.1429901123047, y=37.0, z=410.02877044677734} removed due to repeated spawning fails of Skeleton_Incandescent_Fighter with reason: NO_ROOM
[2026/02/10 02:23:25   WARN]            [Spawning|P] Marker 2ac66878-dbde-3220-bf61-5cc8f9ffe532 at Vector3d{x=-329.1429901123047, y=37.0, z=417.02877044677734} removed due to repeated spawning fails of Skeleton_Incandescent_Fighter with reason: TOO_HIGH
[2026/02/10 02:23:40   WARN]            [Spawning|P] Marker ee61ad1d-68c4-375b-a614-126d2e7ba4c4 at Vector3d{x=-291.07949447631836, y=37.0, z=458.01558113098145} removed due to repeated spawning fails of Golem_Firesteel with reason: NO_ROOM
[2026/02/10 02:23:40   WARN]            [Spawning|P] Marker 6edaf167-60b4-3cf0-b97f-de75b86fa1b3 at Vector3d{x=-419.1474461555481, y=35.0, z=261.3782539367676} removed due to repeated spawning fails of Skeleton_Incandescent_Fighter with reason: TOO_HIGH
[2026/02/10 02:23:40   WARN]            [Spawning|P] Marker 56b308ce-847b-3020-8b9f-b22cd527ac85 at Vector3d{x=-375.5921962036133, y=67.00064376220698, z=443.5414897216798} removed due to repeated spawning fails of Goblin_Lobber with reason: NO_ROOM
[2026/02/10 02:23:50   INFO] [PrefabPathSystems$AddOrRemove] Migrating path marker from path Kweebec_Camp_Bath_001~2 to use new UUID 492607d2-e012-3273-a93c-faf6096652c0
[2026/02/10 02:23:50   WARN]                    [Spawning|P] Marker b2c01108-87cf-3931-a2a9-d3f0dcb59fd6 at Vector3d{x=-195.07949447631836, y=37.0, z=516.0155811309814} removed due to repeated spawning fails of Golem_Firesteel with reason: NO_ROOM
[2026/02/10 02:23:50   WARN]                    [Spawning|P] Marker b7698fa5-9d56-31f9-a5d5-b673e3d79ce2 at Vector3d{x=-431.85665130615234, y=124.73054504394531, z=317.9066162109375} removed due to repeated spawning fails of Kweebec_Sproutling_Patrol with reason: NO_ROOM
[2026/02/10 02:23:56 SEVERE]                    [ChunkStore] Took too long to pre-load process chunk: 54ms 841us 200ns > TICK_STEP, Has GC Run: true, WorldChunk{x=-7, z=34, flags=00000000000000000000000000000100}
[2026/02/10 02:24:07 SEVERE]                 [World|default] Took too long to run pre-load process hook for chunk: 48ms 925us 700ns > TICK_STEP, Has GC Run: true, WorldChunk{x=-3, z=34, flags=00000000000000000000000000000100}, Hook: com.hypixel.hytale.server.core.modules.block.BlockModule$$Lambda/0x000001c63a9d9848@6067e7c1
[2026/02/10 02:24:09   WARN]                    [Spawning|P] Marker ab1cb280-b92f-34e4-aded-40ba7342416a at Vector3d{x=-201.2139434814453, y=42.0, z=568.8982963562012} removed due to repeated spawning fails of Skeleton_Incandescent_Mage with reason: NO_ROOM
[2026/02/10 02:24:23 SEVERE]                    [ChunkStore] Took too long to pre-load process chunk: 40ms 759us 600ns > TICK_STEP, Has GC Run: true, WorldChunk{x=11, z=31, flags=00000000000000000000000000000100}
[2026/02/10 02:24:24 SEVERE]                 [World|default] Took too long to run pre-load process hook for chunk: 41ms 265us 300ns > TICK_STEP, WorldChunk{x=-2, z=35, flags=00000000000000000000000000000100}, Hook: com.hypixel.hytale.server.core.modules.block.BlockModule$$Lambda/0x000001c63a9d9848@6067e7c1
[2026/02/10 02:24:30   INFO]                        [Hytale] 93e8a8ed-d443-47a7-be67-97277b9ef260 - xeNdok at QuicConnectionAddress{connId=1220767399a6d9972d269ab00f7dc3eeee7b64b3} (/25.9.60.222:56242, streamId=0) left with reason: Disconnect - Player leave
[2026/02/10 02:24:30   INFO]                        [Hytale] {Playing(null (null, streamId=0)), 93e8a8ed-d443-47a7-be67-97277b9ef260, xeNdok} was closed.
[2026/02/10 02:24:30   INFO]                    [Universe|P] Removing player 'xeNdok' (93e8a8ed-d443-47a7-be67-97277b9ef260)
[2026/02/10 02:24:30   INFO]                 [QUICTransport] Connection closed: QuicheQuicConnectionStats[recv=106110, sent=258440, lost=10032, retrans=10044, sentBytes=162142511, recvBytes=12915026, lostBytes=11583903, streamRetransBytes=11338629, pathsCount=1]
[2026/02/10 02:24:30   INFO]                  [Objectives|P] Checking objectives for disconnecting player 'xeNdok' (93e8a8ed-d443-47a7-be67-97277b9ef260)
[2026/02/10 02:24:30   INFO]                  [Objectives|P] Processing 0 active objectives for 'xeNdok' (93e8a8ed-d443-47a7-be67-97277b9ef260)
[2026/02/10 02:24:30   INFO]                 [PlayerSystems] Removing player 'xeNdok (OFME)' from world 'default' (93e8a8ed-d443-47a7-be67-97277b9ef260)
[2026/02/10 02:26:37   INFO]                 [QUICTransport] Received connection from QuicConnectionAddress{connId=} (/25.9.60.222:57216) to QuicConnectionAddress{connId=00d25748077a393384758844d0a3a592446e00b9} (/0.0.0.0:5520)
[2026/02/10 02:26:37   INFO]                        [Hytale] Received stream QuicConnectionAddress{connId=00d25748077a393384758844d0a3a592446e00b9} (/25.9.60.222:57216, streamId=0) to QuicConnectionAddress{connId=00d25748077a393384758844d0a3a592446e00b9} (/0.0.0.0:5520, streamId=0)
[2026/02/10 02:26:37 FINEST]                   [LoginTiming] [{Initial(QuicConnectionAddress{connId=00d25748077a393384758844d0a3a592446e00b9} (/25.9.60.222:57216, streamId=0))}] Entering stage 'initial'
[2026/02/10 02:26:37   FINE]                   [LoginTiming] [{Initial(QuicConnectionAddress{connId=00d25748077a393384758844d0a3a592446e00b9} (/25.9.60.222:57216, streamId=0))}] Registered took 184us 800ns
[2026/02/10 02:26:37   FINE]                   [LoginTiming] [{Initial(QuicConnectionAddress{connId=00d25748077a393384758844d0a3a592446e00b9} (/25.9.60.222:57216, streamId=0))}] Connect took 263us 400ns
[2026/02/10 02:26:37   INFO]                        [Hytale] Starting development flow for xeNdok (93e8a8ed-d443-47a7-be67-97277b9ef260) from QuicConnectionAddress{connId=00d25748077a393384758844d0a3a592446e00b9} (/25.9.60.222:57216, streamId=0)
[2026/02/10 02:26:37   INFO]         [PasswordPacketHandler] Connection complete for xeNdok (93e8a8ed-d443-47a7-be67-97277b9ef260), transitioning to setup
[2026/02/10 02:26:37 FINEST]                   [LoginTiming] [{Setup(QuicConnectionAddress{connId=00d25748077a393384758844d0a3a592446e00b9} (/25.9.60.222:57216, streamId=0)), xeNdok, 93e8a8ed-d443-47a7-be67-97277b9ef260, SECURE}] Entering stage 'setup:world-settings' took 1ms 101us
[2026/02/10 02:26:37   FINE]                   [LoginTiming] [{Setup(QuicConnectionAddress{connId=00d25748077a393384758844d0a3a592446e00b9} (/25.9.60.222:57216, streamId=0)), xeNdok, 93e8a8ed-d443-47a7-be67-97277b9ef260, SECURE}] Load Player Config took 241us 800ns
[2026/02/10 02:26:37 FINEST]                   [LoginTiming] [{Setup(QuicConnectionAddress{connId=00d25748077a393384758844d0a3a592446e00b9} (/25.9.60.222:57216, streamId=0)), xeNdok, 93e8a8ed-d443-47a7-be67-97277b9ef260, SECURE}] Entering stage 'setup:assets-request' took 46ms 731us 200ns
[2026/02/10 02:26:37   FINE]                   [LoginTiming] [{Setup(QuicConnectionAddress{connId=00d25748077a393384758844d0a3a592446e00b9} (/25.9.60.222:57216, streamId=0)), xeNdok, 93e8a8ed-d443-47a7-be67-97277b9ef260, SECURE}] Request Assets took 173ms 185us 800ns
[2026/02/10 02:26:37 FINEST]                   [LoginTiming] [{Setup(QuicConnectionAddress{connId=00d25748077a393384758844d0a3a592446e00b9} (/25.9.60.222:57216, streamId=0)), xeNdok, 93e8a8ed-d443-47a7-be67-97277b9ef260, SECURE}] Entering stage 'setup:send-assets' took 254us 400ns
[2026/02/10 02:26:37   FINE]                   [LoginTiming] [{Setup(QuicConnectionAddress{connId=00d25748077a393384758844d0a3a592446e00b9} (/25.9.60.222:57216, streamId=0)), xeNdok, 93e8a8ed-d443-47a7-be67-97277b9ef260, SECURE}] Send Common Assets took 268us 200ns
[2026/02/10 02:26:38   FINE]                   [LoginTiming] [{Setup(QuicConnectionAddress{connId=00d25748077a393384758844d0a3a592446e00b9} (/25.9.60.222:57216, streamId=0)), xeNdok, 93e8a8ed-d443-47a7-be67-97277b9ef260, SECURE}] Send Config Assets took 196ms 92us
[2026/02/10 02:26:39   FINE]                   [LoginTiming] [{Setup(QuicConnectionAddress{connId=00d25748077a393384758844d0a3a592446e00b9} (/25.9.60.222:57216, streamId=0)), xeNdok, 93e8a8ed-d443-47a7-be67-97277b9ef260, SECURE}] Player Options took 1sec 379ms 161us
[2026/02/10 02:26:39   INFO]                    [Universe|P] Adding player 'xeNdok (93e8a8ed-d443-47a7-be67-97277b9ef260)
[2026/02/10 02:26:39 FINEST]                   [LoginTiming] [{Setup(QuicConnectionAddress{connId=00d25748077a393384758844d0a3a592446e00b9} (/25.9.60.222:57216, streamId=0)), xeNdok, 93e8a8ed-d443-47a7-be67-97277b9ef260, SECURE}] Entering stage 'setup:add-to-universe' took 718us 600ns
[2026/02/10 02:26:39 FINEST]                   [LoginTiming] [{Setup(QuicConnectionAddress{connId=00d25748077a393384758844d0a3a592446e00b9} (/25.9.60.222:57216, streamId=0)), xeNdok, 93e8a8ed-d443-47a7-be67-97277b9ef260, SECURE}] Load Player Config took 13ms 585us 400ns
[2026/02/10 02:26:39 FINEST]                   [LoginTiming] [{Playing(QuicConnectionAddress{connId=00d25748077a393384758844d0a3a592446e00b9} (/25.9.60.222:57216, streamId=0)), 93e8a8ed-d443-47a7-be67-97277b9ef260, xeNdok}] Processed Referral took 573us 700ns
[2026/02/10 02:26:39   WARN]                        [Hytale] {Playing(QuicConnectionAddress{connId=00d25748077a393384758844d0a3a592446e00b9} (/25.9.60.222:57216, streamId=0)), 93e8a8ed-d443-47a7-be67-97277b9ef260, xeNdok} Added future for ClientReady packet?
[2026/02/10 02:26:39   INFO]                 [World|default] Adding player 'xeNdok' to world 'default' at location null (93e8a8ed-d443-47a7-be67-97277b9ef260)
[2026/02/10 02:26:39   INFO]                        [Hytale] {Playing(QuicConnectionAddress{connId=00d25748077a393384758844d0a3a592446e00b9} (/25.9.60.222:57216, streamId=0)), 93e8a8ed-d443-47a7-be67-97277b9ef260, xeNdok}: Sent com.hypixel.hytale.protocol.packets.player.JoinWorld@16190f81
[2026/02/10 02:26:39   WARN]                        [Hytale] {Playing(QuicConnectionAddress{connId=00d25748077a393384758844d0a3a592446e00b9} (/25.9.60.222:57216, streamId=0)), 93e8a8ed-d443-47a7-be67-97277b9ef260, xeNdok}: Received com.hypixel.hytale.protocol.packets.player.ClientReady@9da7
[2026/02/10 02:26:39   INFO]                 [World|default] Player 'xeNdok' joined world 'default' at location Vector3d{x=-80.6233139038086, y=124.0, z=325.1864013671875} (93e8a8ed-d443-47a7-be67-97277b9ef260)
[2026/02/10 02:26:39 FINEST]                   [LoginTiming] [{Playing(QuicConnectionAddress{connId=00d25748077a393384758844d0a3a592446e00b9} (/25.9.60.222:57216, streamId=0)), 93e8a8ed-d443-47a7-be67-97277b9ef260, xeNdok}] Add to World took 450ms 263us
[2026/02/10 02:26:39   FINE]                   [LoginTiming] [{Playing(QuicConnectionAddress{connId=00d25748077a393384758844d0a3a592446e00b9} (/25.9.60.222:57216, streamId=0)), 93e8a8ed-d443-47a7-be67-97277b9ef260, xeNdok}] Add To Universe took 85us 300ns
[2026/02/10 02:26:39   INFO]               [WorldMapTracker] Started Generating Map!
[2026/02/10 02:26:39   WARN]                        [Entity] getPositionComponent called async [CONTEXT ratelimit_period="5 MINUTES [skipped: 2]" ]
java.lang.Throwable
	at com.hypixel.hytale.server.core.entity.Entity.getTransformComponent(Entity.java:278)
	at com.hypixel.hytale.server.core.universe.world.WorldMapTracker.tick(WorldMapTracker.java:138)
	at com.hypixel.hytale.server.core.universe.world.worldmap.WorldMapManager.tick(WorldMapManager.java:148)
	at com.hypixel.hytale.server.core.util.thread.TickingThread.run(TickingThread.java:89)
	at java.base/java.lang.Thread.run(Thread.java:1583)

[2026/02/10 02:26:45   WARN]                        [Hytale] {Playing(QuicConnectionAddress{connId=00d25748077a393384758844d0a3a592446e00b9} (/25.9.60.222:57216, streamId=0)), 93e8a8ed-d443-47a7-be67-97277b9ef260, xeNdok}: Received com.hypixel.hytale.protocol.packets.player.ClientReady@9da1
[2026/02/10 02:27:53 SEVERE]                 [World|default] Took too long to run pre-load process hook for chunk: 45ms 399us > TICK_STEP, Has GC Run: true, WorldChunk{x=-18, z=32, flags=00000000000000000000000000000100}, Hook: com.hypixel.hytale.server.core.modules.block.BlockModule$$Lambda/0x000001c63a9d9848@6067e7c1
[2026/02/10 02:28:00   INFO] [PrefabPathSystems$AddOrRemove] Migrating path marker from path Kweebec_Camp_Patrol_004~1 to use new UUID 06383b50-dcc4-323b-850d-3059dc4ad5b7
[2026/02/10 02:28:00   INFO] [PrefabPathSystems$AddOrRemove] Migrating path marker from path Kweebec_Camp_Patrol_004~1 to use new UUID 06383b50-dcc4-323b-850d-3059dc4ad5b7
[2026/02/10 02:28:00   INFO] [PrefabPathSystems$AddOrRemove] Migrating path marker from path Kweebec_Camp_Patrol_004~1 to use new UUID 06383b50-dcc4-323b-850d-3059dc4ad5b7
[2026/02/10 02:28:00   WARN]                    [Spawning|P] Marker e3629306-c5ed-3b34-9577-47ea1b83c4c7 at Vector3d{x=-172.0381622314453, y=37.0, z=612.0682144165039} removed due to repeated spawning fails of Skeleton_Incandescent_Fighter with reason: TOO_HIGH
[2026/02/10 02:28:00   WARN]                    [Spawning|P] Marker c037d283-080b-31e8-8286-2477a7279806 at Vector3d{x=-173.1474461555481, y=35.0, z=610.3782539367676} removed due to repeated spawning fails of Skeleton_Incandescent_Fighter with reason: TOO_HIGH
[2026/02/10 02:28:01 SEVERE]                 [World|default] Took too long to run pre-load process hook for chunk: 37ms 946us 700ns > TICK_STEP, Has GC Run: true, WorldChunk{x=-18, z=33, flags=00000000000000000000000000000100}, Hook: com.hypixel.hytale.server.core.modules.block.BlockModule$$Lambda/0x000001c63a9d9848@6067e7c1
[2026/02/10 02:28:01 SEVERE]                 [World|default] Took too long to run pre-load process hook for chunk: 39ms 134us 100ns > TICK_STEP, Has GC Run: true, WorldChunk{x=-10, z=35, flags=00000000000000000000000000000100}, Hook: com.hypixel.hytale.server.core.modules.block.BlockModule$$Lambda/0x000001c63a9d9848@6067e7c1
[2026/02/10 02:28:01 SEVERE]                 [World|default] Took too long to run pre-load process hook for chunk: 64ms 476us 400ns > TICK_STEP, WorldChunk{x=-7, z=36, flags=00000000000000000000000000000100}, Hook: com.hypixel.hytale.server.core.modules.block.BlockModule$$Lambda/0x000001c63a9d9848@6067e7c1
[2026/02/10 02:28:04   WARN]                    [Spawning|P] Marker a57a949a-6f97-385b-972f-0f79c8b12e35 at Vector3d{x=-377.1429901123047, y=37.0, z=549.0287704467773} removed due to repeated spawning fails of Skeleton_Incandescent_Fighter with reason: TOO_HIGH
[2026/02/10 02:28:04   WARN]                    [Spawning|P] Marker 2170239c-5d9e-3674-b52d-728afc3cde11 at Vector3d{x=-461.1474461555481, y=35.0, z=371.3782539367676} removed due to repeated spawning fails of Skeleton_Incandescent_Fighter with reason: NO_ROOM
[2026/02/10 02:28:08   WARN]                    [Spawning|P] Marker 26572dd1-2e8c-3ae6-9441-f5c7cb5f0f92 at Vector3d{x=-421.0381622314453, y=37.0, z=497.0682144165039} removed due to repeated spawning fails of Skeleton_Incandescent_Fighter with reason: NO_ROOM
[2026/02/10 02:30:44   WARN]                    [Spawning|P] Marker 32d85dce-6fc4-388f-8174-7383add747e0 at Vector3d{x=8.763381958007812, y=38.000099182128906, z=579.7242126464844} removed due to repeated spawning fails of Skeleton_Incandescent_Fighter with reason: NO_ROOM
[2026/02/10 02:35:41   WARN]                    [Spawning|P] Removing NPC of type Boar due to overpopulation (expected: 9.149781, actual: 16)
[2026/02/10 02:35:51   WARN]                    [Spawning|P] Removing NPC of type Minnow due to overpopulation (expected: 5.252249, actual: 12)
[2026/02/10 02:36:00   WARN]                    [Spawning|P] Removing NPC of type Minnow due to overpopulation (expected: 4.893751, actual: 11)
[2026/02/10 02:36:20   WARN]                    [Spawning|P] Removing NPC of type Trout_Rainbow due to overpopulation (expected: 4.887755, actual: 14)
[2026/02/10 02:36:21   WARN]                    [Spawning|P] Removing NPC of type Trout_Rainbow due to overpopulation (expected: 4.608319, actual: 13)
[2026/02/10 02:36:21   WARN]                    [Spawning|P] Removing NPC of type Trout_Rainbow due to overpopulation (expected: 4.608319, actual: 12)
[2026/02/10 02:36:23   WARN]                    [Spawning|P] Removing NPC of type Trout_Rainbow due to overpopulation (expected: 4.608319, actual: 11)
[2026/02/10 02:36:23   WARN]                    [Spawning|P] Removing NPC of type Trout_Rainbow due to overpopulation (expected: 4.608319, actual: 10)
[2026/02/10 02:39:42   INFO]                        [Hytale] 4c9340d7-46d4-4d07-a047-4709cc19480e - OFME at QuicConnectionAddress{connId=342c20f0a75ce9ab568e4b12b3ac8842a15c8240} (/127.0.0.1:55581, streamId=0) left with reason: Disconnect - Player leave
[2026/02/10 02:39:42   INFO]                        [Hytale] {Playing(null (null, streamId=0)), 4c9340d7-46d4-4d07-a047-4709cc19480e, OFME} was closed.
[2026/02/10 02:39:42   INFO]                    [Universe|P] Removing player 'OFME' (4c9340d7-46d4-4d07-a047-4709cc19480e)
[2026/02/10 02:39:42   INFO]                 [QUICTransport] Connection closed: QuicheQuicConnectionStats[recv=99742, sent=228669, lost=0, retrans=30, sentBytes=114748888, recvBytes=7903631, lostBytes=0, streamRetransBytes=27911, pathsCount=1]
[2026/02/10 02:39:42   INFO]                  [Objectives|P] Checking objectives for disconnecting player 'OFME' (4c9340d7-46d4-4d07-a047-4709cc19480e)
[2026/02/10 02:39:42   INFO]                  [Objectives|P] Processing 0 active objectives for 'OFME' (4c9340d7-46d4-4d07-a047-4709cc19480e)
[2026/02/10 02:39:42   INFO]                 [PlayerSystems] Removing player 'OFME (OFME)' from world 'default' (4c9340d7-46d4-4d07-a047-4709cc19480e)
[2026/02/10 02:55:23   INFO]                        [Hytale] 93e8a8ed-d443-47a7-be67-97277b9ef260 - xeNdok at QuicConnectionAddress{connId=00d25748077a393384758844d0a3a592446e00b9} (/25.9.60.222:57216, streamId=0) left with reason: Disconnect - Player leave
[2026/02/10 02:55:23   INFO]                        [Hytale] {Playing(null (null, streamId=0)), 93e8a8ed-d443-47a7-be67-97277b9ef260, xeNdok} was closed.
[2026/02/10 02:55:23   INFO]                    [Universe|P] Removing player 'xeNdok' (93e8a8ed-d443-47a7-be67-97277b9ef260)
[2026/02/10 02:55:23   INFO]                 [QUICTransport] Connection closed: QuicheQuicConnectionStats[recv=137372, sent=313931, lost=16787, retrans=16835, sentBytes=172201345, recvBytes=17473703, lostBytes=19086519, streamRetransBytes=18688960, pathsCount=1]
[2026/02/10 02:55:23   INFO]                  [Objectives|P] Checking objectives for disconnecting player 'xeNdok' (93e8a8ed-d443-47a7-be67-97277b9ef260)
[2026/02/10 02:55:23   INFO]                  [Objectives|P] Processing 0 active objectives for 'xeNdok' (93e8a8ed-d443-47a7-be67-97277b9ef260)
[2026/02/10 02:55:23   INFO]                 [PlayerSystems] Removing player 'xeNdok (OFME)' from world 'default' (93e8a8ed-d443-47a7-be67-97277b9ef260)
[2026/02/10 03:11:28   INFO]                 [QUICTransport] Received connection from QuicConnectionAddress{connId=} (/25.0.42.25:51174) to QuicConnectionAddress{connId=f418e9a165d5367165a4ea84180be7f75bf27f90} (/0.0.0.0:5520)
[2026/02/10 03:11:30   INFO]                        [Hytale] Received stream QuicConnectionAddress{connId=f418e9a165d5367165a4ea84180be7f75bf27f90} (/25.0.42.25:51174, streamId=0) to QuicConnectionAddress{connId=f418e9a165d5367165a4ea84180be7f75bf27f90} (/0.0.0.0:5520, streamId=0)
[2026/02/10 03:11:30 FINEST]                   [LoginTiming] [{Initial(QuicConnectionAddress{connId=f418e9a165d5367165a4ea84180be7f75bf27f90} (/25.0.42.25:51174, streamId=0))}] Entering stage 'initial'
[2026/02/10 03:11:30   FINE]                   [LoginTiming] [{Initial(QuicConnectionAddress{connId=f418e9a165d5367165a4ea84180be7f75bf27f90} (/25.0.42.25:51174, streamId=0))}] Registered took 100us 200ns
[2026/02/10 03:11:30   FINE]                   [LoginTiming] [{Initial(QuicConnectionAddress{connId=f418e9a165d5367165a4ea84180be7f75bf27f90} (/25.0.42.25:51174, streamId=0))}] Connect took 111us 400ns
[2026/02/10 03:11:30   INFO]                        [Hytale] Starting development flow for OFME (ff1f556e-dc78-47d2-b59c-7fb039304d55) from QuicConnectionAddress{connId=f418e9a165d5367165a4ea84180be7f75bf27f90} (/25.0.42.25:51174, streamId=0)
[2026/02/10 03:11:30   INFO]         [PasswordPacketHandler] Connection complete for OFME (ff1f556e-dc78-47d2-b59c-7fb039304d55), transitioning to setup
[2026/02/10 03:11:30 FINEST]                   [LoginTiming] [{Setup(QuicConnectionAddress{connId=f418e9a165d5367165a4ea84180be7f75bf27f90} (/25.0.42.25:51174, streamId=0)), OFME, ff1f556e-dc78-47d2-b59c-7fb039304d55, SECURE}] Entering stage 'setup:world-settings' took 430us 700ns
[2026/02/10 03:11:30   FINE]                   [LoginTiming] [{Setup(QuicConnectionAddress{connId=f418e9a165d5367165a4ea84180be7f75bf27f90} (/25.0.42.25:51174, streamId=0)), OFME, ff1f556e-dc78-47d2-b59c-7fb039304d55, SECURE}] Load Player Config took 231us 900ns
[2026/02/10 03:11:30 FINEST]                   [LoginTiming] [{Setup(QuicConnectionAddress{connId=f418e9a165d5367165a4ea84180be7f75bf27f90} (/25.0.42.25:51174, streamId=0)), OFME, ff1f556e-dc78-47d2-b59c-7fb039304d55, SECURE}] Entering stage 'setup:assets-request' took 44ms 951us 600ns
[2026/02/10 03:11:32   FINE]                   [LoginTiming] [{Setup(QuicConnectionAddress{connId=f418e9a165d5367165a4ea84180be7f75bf27f90} (/25.0.42.25:51174, streamId=0)), OFME, ff1f556e-dc78-47d2-b59c-7fb039304d55, SECURE}] Request Assets took 1sec 623ms 48us 400ns
[2026/02/10 03:11:32 FINEST]                   [LoginTiming] [{Setup(QuicConnectionAddress{connId=f418e9a165d5367165a4ea84180be7f75bf27f90} (/25.0.42.25:51174, streamId=0)), OFME, ff1f556e-dc78-47d2-b59c-7fb039304d55, SECURE}] Entering stage 'setup:send-assets' took 231us 300ns
[2026/02/10 03:11:32   FINE]                   [LoginTiming] [{Setup(QuicConnectionAddress{connId=f418e9a165d5367165a4ea84180be7f75bf27f90} (/25.0.42.25:51174, streamId=0)), OFME, ff1f556e-dc78-47d2-b59c-7fb039304d55, SECURE}] Send Common Assets took 116us 200ns
[2026/02/10 03:11:32   FINE]                   [LoginTiming] [{Setup(QuicConnectionAddress{connId=f418e9a165d5367165a4ea84180be7f75bf27f90} (/25.0.42.25:51174, streamId=0)), OFME, ff1f556e-dc78-47d2-b59c-7fb039304d55, SECURE}] Send Config Assets took 89ms 281us 700ns
[2026/02/10 03:11:43   FINE]                   [LoginTiming] [{Setup(QuicConnectionAddress{connId=f418e9a165d5367165a4ea84180be7f75bf27f90} (/25.0.42.25:51174, streamId=0)), OFME, ff1f556e-dc78-47d2-b59c-7fb039304d55, SECURE}] Player Options took 10sec 663ms 946us 400ns
[2026/02/10 03:11:43   INFO]                    [Universe|P] Adding player 'OFME (ff1f556e-dc78-47d2-b59c-7fb039304d55)
[2026/02/10 03:11:43 FINEST]                   [LoginTiming] [{Setup(QuicConnectionAddress{connId=f418e9a165d5367165a4ea84180be7f75bf27f90} (/25.0.42.25:51174, streamId=0)), OFME, ff1f556e-dc78-47d2-b59c-7fb039304d55, SECURE}] Load Player Config took 1ms 786us 500ns
[2026/02/10 03:11:43 FINEST]                   [LoginTiming] [{Playing(QuicConnectionAddress{connId=f418e9a165d5367165a4ea84180be7f75bf27f90} (/25.0.42.25:51174, streamId=0)), ff1f556e-dc78-47d2-b59c-7fb039304d55, OFME}] Processed Referral took 587us 100ns
[2026/02/10 03:11:43   WARN]                        [Hytale] {Playing(QuicConnectionAddress{connId=f418e9a165d5367165a4ea84180be7f75bf27f90} (/25.0.42.25:51174, streamId=0)), ff1f556e-dc78-47d2-b59c-7fb039304d55, OFME} Added future for ClientReady packet?
[2026/02/10 03:11:43   INFO]                 [World|default] Adding player 'OFME' to world 'default' at location null (ff1f556e-dc78-47d2-b59c-7fb039304d55)
[2026/02/10 03:11:43 FINEST]                   [LoginTiming] [{Playing(QuicConnectionAddress{connId=f418e9a165d5367165a4ea84180be7f75bf27f90} (/25.0.42.25:51174, streamId=0)), ff1f556e-dc78-47d2-b59c-7fb039304d55, OFME}] Entering stage 'setup:add-to-universe' took 1ms 359us 500ns
[2026/02/10 03:11:43   INFO]                        [Hytale] {Playing(QuicConnectionAddress{connId=f418e9a165d5367165a4ea84180be7f75bf27f90} (/25.0.42.25:51174, streamId=0)), ff1f556e-dc78-47d2-b59c-7fb039304d55, OFME}: Sent com.hypixel.hytale.protocol.packets.player.JoinWorld@16190f81
[2026/02/10 03:11:46   WARN]                        [Hytale] {Playing(QuicConnectionAddress{connId=f418e9a165d5367165a4ea84180be7f75bf27f90} (/25.0.42.25:51174, streamId=0)), ff1f556e-dc78-47d2-b59c-7fb039304d55, OFME}: Received com.hypixel.hytale.protocol.packets.player.ClientReady@9da7
[2026/02/10 03:11:46   INFO]                        [Entity] Assigning default gamemode Adventure to player!
[2026/02/10 03:11:46   INFO]                 [World|default] Player 'OFME' joined world 'default' at location Vector3d{x=-161.5, y=120.10000002384186, z=127.5} (ff1f556e-dc78-47d2-b59c-7fb039304d55)
[2026/02/10 03:11:46 FINEST]                   [LoginTiming] [{Playing(QuicConnectionAddress{connId=f418e9a165d5367165a4ea84180be7f75bf27f90} (/25.0.42.25:51174, streamId=0)), ff1f556e-dc78-47d2-b59c-7fb039304d55, OFME}] Add to World took 3sec 31ms 507us 900ns
[2026/02/10 03:11:46   FINE]                   [LoginTiming] [{Playing(QuicConnectionAddress{connId=f418e9a165d5367165a4ea84180be7f75bf27f90} (/25.0.42.25:51174, streamId=0)), ff1f556e-dc78-47d2-b59c-7fb039304d55, OFME}] Add To Universe took 51us 700ns
[2026/02/10 03:11:46   INFO]               [WorldMapTracker] Started Generating Map!
[2026/02/10 03:11:46   WARN]                        [Entity] getPositionComponent called async [CONTEXT ratelimit_period="5 MINUTES" ]
java.lang.Throwable
	at com.hypixel.hytale.server.core.entity.Entity.getTransformComponent(Entity.java:278)
	at com.hypixel.hytale.server.core.universe.world.WorldMapTracker.tick(WorldMapTracker.java:138)
	at com.hypixel.hytale.server.core.universe.world.worldmap.WorldMapManager.tick(WorldMapManager.java:148)
	at com.hypixel.hytale.server.core.util.thread.TickingThread.run(TickingThread.java:89)
	at java.base/java.lang.Thread.run(Thread.java:1583)

[2026/02/10 03:11:50   WARN]                        [Hytale] {Playing(QuicConnectionAddress{connId=f418e9a165d5367165a4ea84180be7f75bf27f90} (/25.0.42.25:51174, streamId=0)), ff1f556e-dc78-47d2-b59c-7fb039304d55, OFME}: Received com.hypixel.hytale.protocol.packets.player.ClientReady@9da1
[2026/02/10 03:11:52   WARN]                    [Spawning|P] Removing NPC of type Boar due to overpopulation (expected: 4.094191, actual: 10)
[2026/02/10 03:12:22   WARN]                    [Spawning|P] Removing NPC of type Woodpecker due to overpopulation (expected: 0.761629, actual: 5)
[2026/02/10 03:12:24   WARN]                    [Spawning|P] Removing NPC of type Catfish due to overpopulation (expected: 3.808147, actual: 9)
[2026/02/10 03:12:48   WARN]                    [Spawning|P] Removing NPC of type Minnow due to overpopulation (expected: 4.621333, actual: 10)
[2026/02/10 03:12:55   WARN]                    [Spawning|P] Removing NPC of type Bunny due to overpopulation (expected: 3.740470, actual: 9)
[2026/02/10 03:13:56   WARN]                    [Spawning|P] Removing NPC of type Spider due to overpopulation (expected: 1.559054, actual: 6)
[2026/02/10 03:14:51   WARN]                    [Spawning|P] Removing NPC of type Minnow due to overpopulation (expected: 4.384715, actual: 10)
[2026/02/10 03:14:58   WARN]                    [Spawning|P] Removing NPC of type Finch_Green due to overpopulation (expected: 1.532076, actual: 6)
[2026/02/10 03:15:04   WARN]                    [Spawning|P] Removing NPC of type Sparrow due to overpopulation (expected: 1.592516, actual: 6)
[2026/02/10 03:15:14   WARN]                    [Spawning|P] Removing NPC of type Minnow due to overpopulation (expected: 3.976165, actual: 9)
[2026/02/10 03:15:22   WARN]                    [Spawning|P] Removing NPC of type Minnow due to overpopulation (expected: 3.865326, actual: 9)
[2026/02/10 03:16:25   WARN]                    [Spawning|P] Removing NPC of type Boar due to overpopulation (expected: 4.595881, actual: 10)
[2026/02/10 03:16:27   WARN]                    [Spawning|P] Removing NPC of type Trout_Rainbow due to overpopulation (expected: 2.297940, actual: 7)
[2026/02/10 03:17:31   INFO]                 [QUICTransport] Received connection from QuicConnectionAddress{connId=} (/25.9.60.222:59684) to QuicConnectionAddress{connId=a07b350971693dcc8d2363b4c38b7e7e336edee3} (/0.0.0.0:5520)
[2026/02/10 03:17:32   INFO]                        [Hytale] Received stream QuicConnectionAddress{connId=a07b350971693dcc8d2363b4c38b7e7e336edee3} (/25.9.60.222:59684, streamId=0) to QuicConnectionAddress{connId=a07b350971693dcc8d2363b4c38b7e7e336edee3} (/0.0.0.0:5520, streamId=0)
[2026/02/10 03:17:32 FINEST]                   [LoginTiming] [{Initial(QuicConnectionAddress{connId=a07b350971693dcc8d2363b4c38b7e7e336edee3} (/25.9.60.222:59684, streamId=0))}] Entering stage 'initial'
[2026/02/10 03:17:32   FINE]                   [LoginTiming] [{Initial(QuicConnectionAddress{connId=a07b350971693dcc8d2363b4c38b7e7e336edee3} (/25.9.60.222:59684, streamId=0))}] Registered took 639us 500ns
[2026/02/10 03:17:32   FINE]                   [LoginTiming] [{Initial(QuicConnectionAddress{connId=a07b350971693dcc8d2363b4c38b7e7e336edee3} (/25.9.60.222:59684, streamId=0))}] Connect took 107us 600ns
[2026/02/10 03:17:32   INFO]                        [Hytale] Starting development flow for xeNdok (93e8a8ed-d443-47a7-be67-97277b9ef260) from QuicConnectionAddress{connId=a07b350971693dcc8d2363b4c38b7e7e336edee3} (/25.9.60.222:59684, streamId=0)
[2026/02/10 03:17:32   INFO]         [PasswordPacketHandler] Connection complete for xeNdok (93e8a8ed-d443-47a7-be67-97277b9ef260), transitioning to setup
[2026/02/10 03:17:32 FINEST]                   [LoginTiming] [{Setup(QuicConnectionAddress{connId=a07b350971693dcc8d2363b4c38b7e7e336edee3} (/25.9.60.222:59684, streamId=0)), xeNdok, 93e8a8ed-d443-47a7-be67-97277b9ef260, SECURE}] Entering stage 'setup:world-settings' took 450us 700ns
[2026/02/10 03:17:32   FINE]                   [LoginTiming] [{Setup(QuicConnectionAddress{connId=a07b350971693dcc8d2363b4c38b7e7e336edee3} (/25.9.60.222:59684, streamId=0)), xeNdok, 93e8a8ed-d443-47a7-be67-97277b9ef260, SECURE}] Load Player Config took 110us
[2026/02/10 03:17:32 FINEST]                   [LoginTiming] [{Setup(QuicConnectionAddress{connId=a07b350971693dcc8d2363b4c38b7e7e336edee3} (/25.9.60.222:59684, streamId=0)), xeNdok, 93e8a8ed-d443-47a7-be67-97277b9ef260, SECURE}] Entering stage 'setup:assets-request' took 56ms 140us 800ns
[2026/02/10 03:17:32   FINE]                   [LoginTiming] [{Setup(QuicConnectionAddress{connId=a07b350971693dcc8d2363b4c38b7e7e336edee3} (/25.9.60.222:59684, streamId=0)), xeNdok, 93e8a8ed-d443-47a7-be67-97277b9ef260, SECURE}] Request Assets took 171ms 960us 100ns
[2026/02/10 03:17:32 FINEST]                   [LoginTiming] [{Setup(QuicConnectionAddress{connId=a07b350971693dcc8d2363b4c38b7e7e336edee3} (/25.9.60.222:59684, streamId=0)), xeNdok, 93e8a8ed-d443-47a7-be67-97277b9ef260, SECURE}] Entering stage 'setup:send-assets' took 235us 500ns
[2026/02/10 03:17:32   FINE]                   [LoginTiming] [{Setup(QuicConnectionAddress{connId=a07b350971693dcc8d2363b4c38b7e7e336edee3} (/25.9.60.222:59684, streamId=0)), xeNdok, 93e8a8ed-d443-47a7-be67-97277b9ef260, SECURE}] Send Common Assets took 185us 900ns
[2026/02/10 03:17:32   FINE]                   [LoginTiming] [{Setup(QuicConnectionAddress{connId=a07b350971693dcc8d2363b4c38b7e7e336edee3} (/25.9.60.222:59684, streamId=0)), xeNdok, 93e8a8ed-d443-47a7-be67-97277b9ef260, SECURE}] Send Config Assets took 116ms 912us 600ns
[2026/02/10 03:17:34   FINE]                   [LoginTiming] [{Setup(QuicConnectionAddress{connId=a07b350971693dcc8d2363b4c38b7e7e336edee3} (/25.9.60.222:59684, streamId=0)), xeNdok, 93e8a8ed-d443-47a7-be67-97277b9ef260, SECURE}] Player Options took 2sec 51ms 215us
[2026/02/10 03:17:34   INFO]                    [Universe|P] Adding player 'xeNdok (93e8a8ed-d443-47a7-be67-97277b9ef260)
[2026/02/10 03:17:34 FINEST]                   [LoginTiming] [{Setup(QuicConnectionAddress{connId=a07b350971693dcc8d2363b4c38b7e7e336edee3} (/25.9.60.222:59684, streamId=0)), xeNdok, 93e8a8ed-d443-47a7-be67-97277b9ef260, SECURE}] Entering stage 'setup:add-to-universe' took 741us 800ns
[2026/02/10 03:17:34 FINEST]                   [LoginTiming] [{Setup(QuicConnectionAddress{connId=a07b350971693dcc8d2363b4c38b7e7e336edee3} (/25.9.60.222:59684, streamId=0)), xeNdok, 93e8a8ed-d443-47a7-be67-97277b9ef260, SECURE}] Load Player Config took 14ms 79us 700ns
[2026/02/10 03:17:34 FINEST]                   [LoginTiming] [{Playing(QuicConnectionAddress{connId=a07b350971693dcc8d2363b4c38b7e7e336edee3} (/25.9.60.222:59684, streamId=0)), 93e8a8ed-d443-47a7-be67-97277b9ef260, xeNdok}] Processed Referral took 430us 700ns
[2026/02/10 03:17:34   WARN]                        [Hytale] {Playing(QuicConnectionAddress{connId=a07b350971693dcc8d2363b4c38b7e7e336edee3} (/25.9.60.222:59684, streamId=0)), 93e8a8ed-d443-47a7-be67-97277b9ef260, xeNdok} Added future for ClientReady packet?
[2026/02/10 03:17:34   INFO]                 [World|default] Adding player 'xeNdok' to world 'default' at location null (93e8a8ed-d443-47a7-be67-97277b9ef260)
[2026/02/10 03:17:34   INFO]                        [Hytale] {Playing(QuicConnectionAddress{connId=a07b350971693dcc8d2363b4c38b7e7e336edee3} (/25.9.60.222:59684, streamId=0)), 93e8a8ed-d443-47a7-be67-97277b9ef260, xeNdok}: Sent com.hypixel.hytale.protocol.packets.player.JoinWorld@16190f81
[2026/02/10 03:17:35   WARN]                        [Hytale] {Playing(QuicConnectionAddress{connId=a07b350971693dcc8d2363b4c38b7e7e336edee3} (/25.9.60.222:59684, streamId=0)), 93e8a8ed-d443-47a7-be67-97277b9ef260, xeNdok}: Received com.hypixel.hytale.protocol.packets.player.ClientReady@9da7
[2026/02/10 03:17:35   INFO]                 [World|default] Player 'xeNdok' joined world 'default' at location Vector3d{x=-101.51838684082031, y=115.0, z=-27.71539306640625} (93e8a8ed-d443-47a7-be67-97277b9ef260)
[2026/02/10 03:17:35 FINEST]                   [LoginTiming] [{Playing(QuicConnectionAddress{connId=a07b350971693dcc8d2363b4c38b7e7e336edee3} (/25.9.60.222:59684, streamId=0)), 93e8a8ed-d443-47a7-be67-97277b9ef260, xeNdok}] Add to World took 498ms 132us
[2026/02/10 03:17:35   FINE]                   [LoginTiming] [{Playing(QuicConnectionAddress{connId=a07b350971693dcc8d2363b4c38b7e7e336edee3} (/25.9.60.222:59684, streamId=0)), 93e8a8ed-d443-47a7-be67-97277b9ef260, xeNdok}] Add To Universe took 77us 900ns
[2026/02/10 03:17:35   INFO]               [WorldMapTracker] Started Generating Map!
[2026/02/10 03:17:35   WARN]                        [Entity] getPositionComponent called async [CONTEXT ratelimit_period="5 MINUTES" ]
java.lang.Throwable
	at com.hypixel.hytale.server.core.entity.Entity.getTransformComponent(Entity.java:278)
	at com.hypixel.hytale.server.core.universe.world.WorldMapTracker.tick(WorldMapTracker.java:138)
	at com.hypixel.hytale.server.core.universe.world.worldmap.WorldMapManager.tick(WorldMapManager.java:148)
	at com.hypixel.hytale.server.core.util.thread.TickingThread.run(TickingThread.java:89)
	at java.base/java.lang.Thread.run(Thread.java:1583)

[2026/02/10 03:17:43   WARN]                        [Hytale] {Playing(QuicConnectionAddress{connId=a07b350971693dcc8d2363b4c38b7e7e336edee3} (/25.9.60.222:59684, streamId=0)), 93e8a8ed-d443-47a7-be67-97277b9ef260, xeNdok}: Received com.hypixel.hytale.protocol.packets.player.ClientReady@9da1
[2026/02/10 03:19:09   WARN]          [ProcessingBenchState] No FuelDropItemId defined for Furnace fuel value of 0.0 will be lost!
[2026/02/10 03:29:14   WARN]                    [Spawning|P] Removing NPC of type Bunny due to overpopulation (expected: 4.556460, actual: 10)
[2026/02/10 03:31:53 SEVERE]                        [Hytale] Missing replacement interactions for interaction: **Goblin_Scrapper_Swing_Down_Selector_HitEntity_Interactions_0 for var Melee_Damage on item ItemStack{itemId=Tool_Pickaxe_Scrap, quantity=1, maxDurability=60.0, durability=60.0, metadata=null} [CONTEXT ratelimit_period="1 MINUTES [skipped: 2]" ]
[2026/02/10 03:32:25   WARN]                    [Spawning|P] Removing NPC of type Sparrow due to overpopulation (expected: 1.401477, actual: 6)
[2026/02/10 03:34:47   WARN]                    [Spawning|P] Removing NPC of type Snake_Marsh due to overpopulation (expected: 0.072208, actual: 6)
[2026/02/10 03:35:07   INFO]                        [Hytale] BreakBlockInteraction requires a Player but was used for: Ref{store=class com.hypixel.hytale.component.Store@782270732, index=303} [CONTEXT ratelimit_period="5 MINUTES" ]
[2026/02/10 03:35:37   WARN]                    [Spawning|P] Removing NPC of type Snake_Marsh due to overpopulation (expected: 0.132171, actual: 7)
[2026/02/10 03:35:39   WARN]                    [Spawning|P] Removing NPC of type Snake_Marsh due to overpopulation (expected: 0.132171, actual: 6)
[2026/02/10 03:36:10   WARN]                    [Spawning|P] Removing NPC of type Snake_Marsh due to overpopulation (expected: 0.245641, actual: 5)
[2026/02/10 03:36:12 SEVERE]                        [Hytale] Missing replacement interactions for interaction: **Goblin_Scavenger_Swing_Right_Selector_HitEntity_Interactions_0 for var Melee_Damage on item null [CONTEXT ratelimit_period="1 MINUTES [skipped: 1]" ]
[2026/02/10 03:36:24   WARN]                    [Spawning|P] Marker a4e9c606-5a85-35d9-99cd-eca54950f6e3 at Vector3d{x=30.857009887695312, y=37.0, z=-444.97122955322266} removed due to repeated spawning fails of Skeleton_Incandescent_Fighter with reason: NO_ROOM
[2026/02/10 03:36:24   WARN]                    [Spawning|P] Marker 64e2166c-4af5-392d-8e29-5f13c401cf2d at Vector3d{x=116.30936622619629, y=34.0, z=-399.34469985961914} removed due to repeated spawning fails of Skeleton_Incandescent_Head with reason: TOO_HIGH
[2026/02/10 03:36:24   WARN]                    [Spawning|P] Marker f0f27672-fdc8-32ad-ac5e-09d66ef42b98 at Vector3d{x=79.85700988769531, y=37.0, z=-387.97122955322266} removed due to repeated spawning fails of Skeleton_Incandescent_Fighter with reason: NO_ROOM
[2026/02/10 03:38:32 SEVERE]                        [Hytale] Missing replacement interactions for interaction: *Root_NPC_Attack_Melee_Interactions_0 for var Melee_Start on item null [CONTEXT ratelimit_period="1 MINUTES [skipped: 4]" ]
[2026/02/10 03:39:10   WARN]                    [Spawning|P] Marker cad9f4fe-f452-3d8f-ad3c-687179615505 at Vector3d{x=317.5906567871094, y=64.99942705078125, z=-178.6435335693359} removed due to repeated spawning fails of Goblin_Scrapper with reason: TOO_HIGH
[2026/02/10 03:40:08 SEVERE]                        [Hytale] Missing replacement interactions for interaction: *Root_NPC_Attack_Melee_Interactions_0 for var Melee_Start on item null [CONTEXT ratelimit_period="1 MINUTES [skipped: 6]" ]
[2026/02/10 03:42:38   WARN]                 [World|default] Task took 49ms 234us 100ns ns: java.util.concurrent.CompletableFuture$AsyncSupply@346f03c0
[2026/02/10 03:43:23   WARN]                    [Spawning|P] Removing NPC of type Boar due to overpopulation (expected: 10.912756, actual: 21)
[2026/02/10 03:43:25   WARN]                    [Spawning|P] Removing NPC of type Boar due to overpopulation (expected: 14.384727, actual: 25)
[2026/02/10 03:43:26   WARN]                    [Spawning|P] Removing NPC of type Woodpecker due to overpopulation (expected: 1.616675, actual: 7)
[2026/02/10 03:43:27   WARN]                    [Spawning|P] Removing NPC of type Bunny due to overpopulation (expected: 8.083376, actual: 16)
[2026/02/10 03:43:27   WARN]                    [Spawning|P] Removing NPC of type Tetrabird due to overpopulation (expected: 2.779837, actual: 8)
[2026/02/10 03:43:28   WARN]                    [Spawning|P] Removing NPC of type Bunny due to overpopulation (expected: 8.083376, actual: 15)
[2026/02/10 03:43:28   WARN]                    [Spawning|P] Removing NPC of type Bunny due to overpopulation (expected: 8.083376, actual: 15)
[2026/02/10 03:43:36   WARN]                    [Spawning|P] Removing NPC of type Skeleton_Fighter_Wander due to overpopulation (expected: 0.570567, actual: 5)
[2026/02/10 03:43:43   WARN]                    [Spawning|P] Removing NPC of type Spider due to overpopulation (expected: 4.205945, actual: 10)
[2026/02/10 03:44:51   WARN]                    [Spawning|P] Removing NPC of type Tetrabird due to overpopulation (expected: 2.342146, actual: 7)
[2026/02/10 03:50:25   WARN]                    [Spawning|P] Removing NPC of type Minnow due to overpopulation (expected: 5.487530, actual: 11)
[2026/02/10 04:03:29   INFO]                 [QUICTransport] Received connection from QuicConnectionAddress{connId=} (/25.48.236.63:59670) to QuicConnectionAddress{connId=afc0715d9d2338f239222de48c52ee2883bdcaa9} (/0.0.0.0:5520)
[2026/02/10 04:03:31   INFO]                        [Hytale] Received stream QuicConnectionAddress{connId=afc0715d9d2338f239222de48c52ee2883bdcaa9} (/25.48.236.63:59670, streamId=0) to QuicConnectionAddress{connId=afc0715d9d2338f239222de48c52ee2883bdcaa9} (/0.0.0.0:5520, streamId=0)
[2026/02/10 04:03:31 FINEST]                   [LoginTiming] [{Initial(QuicConnectionAddress{connId=afc0715d9d2338f239222de48c52ee2883bdcaa9} (/25.48.236.63:59670, streamId=0))}] Entering stage 'initial'
[2026/02/10 04:03:31   FINE]                   [LoginTiming] [{Initial(QuicConnectionAddress{connId=afc0715d9d2338f239222de48c52ee2883bdcaa9} (/25.48.236.63:59670, streamId=0))}] Registered took 449us 800ns
[2026/02/10 04:03:31   FINE]                   [LoginTiming] [{Initial(QuicConnectionAddress{connId=afc0715d9d2338f239222de48c52ee2883bdcaa9} (/25.48.236.63:59670, streamId=0))}] Connect took 172us 900ns
[2026/02/10 04:03:31   INFO]                        [Hytale] Starting development flow for OFME (dcb9540e-f7be-4437-bd27-ffb6217edef6) from QuicConnectionAddress{connId=afc0715d9d2338f239222de48c52ee2883bdcaa9} (/25.48.236.63:59670, streamId=0)
[2026/02/10 04:03:31   INFO]         [PasswordPacketHandler] Connection complete for OFME (dcb9540e-f7be-4437-bd27-ffb6217edef6), transitioning to setup
[2026/02/10 04:03:31 FINEST]                   [LoginTiming] [{Setup(QuicConnectionAddress{connId=afc0715d9d2338f239222de48c52ee2883bdcaa9} (/25.48.236.63:59670, streamId=0)), OFME, dcb9540e-f7be-4437-bd27-ffb6217edef6, SECURE}] Entering stage 'setup:world-settings' took 1ms 175us 500ns
[2026/02/10 04:03:31   FINE]                   [LoginTiming] [{Setup(QuicConnectionAddress{connId=afc0715d9d2338f239222de48c52ee2883bdcaa9} (/25.48.236.63:59670, streamId=0)), OFME, dcb9540e-f7be-4437-bd27-ffb6217edef6, SECURE}] Load Player Config took 1ms 434us 400ns
[2026/02/10 04:03:31 FINEST]                   [LoginTiming] [{Setup(QuicConnectionAddress{connId=afc0715d9d2338f239222de48c52ee2883bdcaa9} (/25.48.236.63:59670, streamId=0)), OFME, dcb9540e-f7be-4437-bd27-ffb6217edef6, SECURE}] Entering stage 'setup:assets-request' took 34ms 758us 800ns
[2026/02/10 04:03:33   FINE]                   [LoginTiming] [{Setup(QuicConnectionAddress{connId=afc0715d9d2338f239222de48c52ee2883bdcaa9} (/25.48.236.63:59670, streamId=0)), OFME, dcb9540e-f7be-4437-bd27-ffb6217edef6, SECURE}] Request Assets took 1sec 807ms 792us
[2026/02/10 04:03:33 FINEST]                   [LoginTiming] [{Setup(QuicConnectionAddress{connId=afc0715d9d2338f239222de48c52ee2883bdcaa9} (/25.48.236.63:59670, streamId=0)), OFME, dcb9540e-f7be-4437-bd27-ffb6217edef6, SECURE}] Entering stage 'setup:send-assets' took 746us 800ns
[2026/02/10 04:03:33   FINE]                   [LoginTiming] [{Setup(QuicConnectionAddress{connId=afc0715d9d2338f239222de48c52ee2883bdcaa9} (/25.48.236.63:59670, streamId=0)), OFME, dcb9540e-f7be-4437-bd27-ffb6217edef6, SECURE}] Send Common Assets took 111us 400ns
[2026/02/10 04:03:33   FINE]                   [LoginTiming] [{Setup(QuicConnectionAddress{connId=afc0715d9d2338f239222de48c52ee2883bdcaa9} (/25.48.236.63:59670, streamId=0)), OFME, dcb9540e-f7be-4437-bd27-ffb6217edef6, SECURE}] Send Config Assets took 62ms 803us 300ns
[2026/02/10 04:03:36   FINE]                   [LoginTiming] [{Setup(QuicConnectionAddress{connId=afc0715d9d2338f239222de48c52ee2883bdcaa9} (/25.48.236.63:59670, streamId=0)), OFME, dcb9540e-f7be-4437-bd27-ffb6217edef6, SECURE}] Player Options took 2sec 438ms 687us 400ns
[2026/02/10 04:03:36   INFO]                    [Universe|P] Adding player 'OFME (dcb9540e-f7be-4437-bd27-ffb6217edef6)
[2026/02/10 04:03:36 FINEST]                   [LoginTiming] [{Setup(QuicConnectionAddress{connId=afc0715d9d2338f239222de48c52ee2883bdcaa9} (/25.48.236.63:59670, streamId=0)), OFME, dcb9540e-f7be-4437-bd27-ffb6217edef6, SECURE}] Load Player Config took 2ms 430us 800ns
[2026/02/10 04:03:36 FINEST]                   [LoginTiming] [{Playing(QuicConnectionAddress{connId=afc0715d9d2338f239222de48c52ee2883bdcaa9} (/25.48.236.63:59670, streamId=0)), dcb9540e-f7be-4437-bd27-ffb6217edef6, OFME}] Processed Referral took 2ms 783us 200ns
[2026/02/10 04:03:36   WARN]                        [Hytale] {Playing(QuicConnectionAddress{connId=afc0715d9d2338f239222de48c52ee2883bdcaa9} (/25.48.236.63:59670, streamId=0)), dcb9540e-f7be-4437-bd27-ffb6217edef6, OFME} Added future for ClientReady packet?
[2026/02/10 04:03:36   INFO]                 [World|default] Adding player 'OFME' to world 'default' at location null (dcb9540e-f7be-4437-bd27-ffb6217edef6)
[2026/02/10 04:03:36 FINEST]                   [LoginTiming] [{Playing(QuicConnectionAddress{connId=afc0715d9d2338f239222de48c52ee2883bdcaa9} (/25.48.236.63:59670, streamId=0)), dcb9540e-f7be-4437-bd27-ffb6217edef6, OFME}] Entering stage 'setup:add-to-universe' took 1ms 566us 300ns
[2026/02/10 04:03:36   INFO]                        [Hytale] {Playing(QuicConnectionAddress{connId=afc0715d9d2338f239222de48c52ee2883bdcaa9} (/25.48.236.63:59670, streamId=0)), dcb9540e-f7be-4437-bd27-ffb6217edef6, OFME}: Sent com.hypixel.hytale.protocol.packets.player.JoinWorld@16190f81
[2026/02/10 04:03:36   WARN]                        [Hytale] {Playing(QuicConnectionAddress{connId=afc0715d9d2338f239222de48c52ee2883bdcaa9} (/25.48.236.63:59670, streamId=0)), dcb9540e-f7be-4437-bd27-ffb6217edef6, OFME}: Received com.hypixel.hytale.protocol.packets.player.ClientReady@9da7
[2026/02/10 04:03:36   INFO]                        [Entity] Assigning default gamemode Adventure to player!
[2026/02/10 04:03:36   INFO]                 [World|default] Player 'OFME' joined world 'default' at location Vector3d{x=-161.5, y=120.10000002384186, z=127.5} (dcb9540e-f7be-4437-bd27-ffb6217edef6)
[2026/02/10 04:03:36 FINEST]                   [LoginTiming] [{Playing(QuicConnectionAddress{connId=afc0715d9d2338f239222de48c52ee2883bdcaa9} (/25.48.236.63:59670, streamId=0)), dcb9540e-f7be-4437-bd27-ffb6217edef6, OFME}] Add to World took 457ms 899us 400ns
[2026/02/10 04:03:36   FINE]                   [LoginTiming] [{Playing(QuicConnectionAddress{connId=afc0715d9d2338f239222de48c52ee2883bdcaa9} (/25.48.236.63:59670, streamId=0)), dcb9540e-f7be-4437-bd27-ffb6217edef6, OFME}] Add To Universe took 43us 200ns
[2026/02/10 04:03:36   INFO]               [WorldMapTracker] Started Generating Map!
[2026/02/10 04:03:36   WARN]                        [Entity] getPositionComponent called async [CONTEXT ratelimit_period="5 MINUTES" ]
java.lang.Throwable
	at com.hypixel.hytale.server.core.entity.Entity.getTransformComponent(Entity.java:278)
	at com.hypixel.hytale.server.core.universe.world.WorldMapTracker.tick(WorldMapTracker.java:138)
	at com.hypixel.hytale.server.core.universe.world.worldmap.WorldMapManager.tick(WorldMapManager.java:148)
	at com.hypixel.hytale.server.core.util.thread.TickingThread.run(TickingThread.java:89)
	at java.base/java.lang.Thread.run(Thread.java:1583)

[2026/02/10 04:03:48   WARN]                        [Hytale] {Playing(QuicConnectionAddress{connId=afc0715d9d2338f239222de48c52ee2883bdcaa9} (/25.48.236.63:59670, streamId=0)), dcb9540e-f7be-4437-bd27-ffb6217edef6, OFME}: Received com.hypixel.hytale.protocol.packets.player.ClientReady@9da1
[2026/02/10 04:04:40   WARN]                    [Spawning|P] Removing NPC of type Skeleton_Fighter_Wander due to overpopulation (expected: 0.708018, actual: 5)
[2026/02/10 04:04:42   INFO]                 [QUICTransport] Received connection from QuicConnectionAddress{connId=} (/127.0.0.1:63506) to QuicConnectionAddress{connId=29b1ab92b911756c11f5a646aa624e2ea870eb0a} (/0.0.0.0:5520)
[2026/02/10 04:04:43   INFO]                        [Hytale] Received stream QuicConnectionAddress{connId=29b1ab92b911756c11f5a646aa624e2ea870eb0a} (/127.0.0.1:63506, streamId=0) to QuicConnectionAddress{connId=29b1ab92b911756c11f5a646aa624e2ea870eb0a} (/0.0.0.0:5520, streamId=0)
[2026/02/10 04:04:43 FINEST]                   [LoginTiming] [{Initial(QuicConnectionAddress{connId=29b1ab92b911756c11f5a646aa624e2ea870eb0a} (/127.0.0.1:63506, streamId=0))}] Entering stage 'initial'
[2026/02/10 04:04:43   FINE]                   [LoginTiming] [{Initial(QuicConnectionAddress{connId=29b1ab92b911756c11f5a646aa624e2ea870eb0a} (/127.0.0.1:63506, streamId=0))}] Registered took 85us 600ns
[2026/02/10 04:04:43   FINE]                   [LoginTiming] [{Initial(QuicConnectionAddress{connId=29b1ab92b911756c11f5a646aa624e2ea870eb0a} (/127.0.0.1:63506, streamId=0))}] Connect took 125us 500ns
[2026/02/10 04:04:43   INFO]                        [Hytale] Starting development flow for OFME (4c9340d7-46d4-4d07-a047-4709cc19480e) from QuicConnectionAddress{connId=29b1ab92b911756c11f5a646aa624e2ea870eb0a} (/127.0.0.1:63506, streamId=0)
[2026/02/10 04:04:43   INFO]         [PasswordPacketHandler] Connection complete for OFME (4c9340d7-46d4-4d07-a047-4709cc19480e), transitioning to setup
[2026/02/10 04:04:43 FINEST]                   [LoginTiming] [{Setup(QuicConnectionAddress{connId=29b1ab92b911756c11f5a646aa624e2ea870eb0a} (/127.0.0.1:63506, streamId=0)), OFME, 4c9340d7-46d4-4d07-a047-4709cc19480e, SECURE}] Entering stage 'setup:world-settings' took 466us 600ns
[2026/02/10 04:04:43   FINE]                   [LoginTiming] [{Setup(QuicConnectionAddress{connId=29b1ab92b911756c11f5a646aa624e2ea870eb0a} (/127.0.0.1:63506, streamId=0)), OFME, 4c9340d7-46d4-4d07-a047-4709cc19480e, SECURE}] Load Player Config took 140us 900ns
[2026/02/10 04:04:43 FINEST]                   [LoginTiming] [{Setup(QuicConnectionAddress{connId=29b1ab92b911756c11f5a646aa624e2ea870eb0a} (/127.0.0.1:63506, streamId=0)), OFME, 4c9340d7-46d4-4d07-a047-4709cc19480e, SECURE}] Entering stage 'setup:assets-request' took 32ms 905us 600ns
[2026/02/10 04:04:43   FINE]                   [LoginTiming] [{Setup(QuicConnectionAddress{connId=29b1ab92b911756c11f5a646aa624e2ea870eb0a} (/127.0.0.1:63506, streamId=0)), OFME, 4c9340d7-46d4-4d07-a047-4709cc19480e, SECURE}] Request Assets took 118ms 345us 900ns
[2026/02/10 04:04:43 FINEST]                   [LoginTiming] [{Setup(QuicConnectionAddress{connId=29b1ab92b911756c11f5a646aa624e2ea870eb0a} (/127.0.0.1:63506, streamId=0)), OFME, 4c9340d7-46d4-4d07-a047-4709cc19480e, SECURE}] Entering stage 'setup:send-assets' took 164us 500ns
[2026/02/10 04:04:43   FINE]                   [LoginTiming] [{Setup(QuicConnectionAddress{connId=29b1ab92b911756c11f5a646aa624e2ea870eb0a} (/127.0.0.1:63506, streamId=0)), OFME, 4c9340d7-46d4-4d07-a047-4709cc19480e, SECURE}] Send Common Assets took 105us 300ns
[2026/02/10 04:04:43   FINE]                   [LoginTiming] [{Setup(QuicConnectionAddress{connId=29b1ab92b911756c11f5a646aa624e2ea870eb0a} (/127.0.0.1:63506, streamId=0)), OFME, 4c9340d7-46d4-4d07-a047-4709cc19480e, SECURE}] Send Config Assets took 59ms 242us 900ns
[2026/02/10 04:04:44   FINE]                   [LoginTiming] [{Setup(QuicConnectionAddress{connId=29b1ab92b911756c11f5a646aa624e2ea870eb0a} (/127.0.0.1:63506, streamId=0)), OFME, 4c9340d7-46d4-4d07-a047-4709cc19480e, SECURE}] Player Options took 1sec 553ms 202us 100ns
[2026/02/10 04:04:44   INFO]                    [Universe|P] Adding player 'OFME (4c9340d7-46d4-4d07-a047-4709cc19480e)
[2026/02/10 04:04:44 FINEST]                   [LoginTiming] [{Setup(QuicConnectionAddress{connId=29b1ab92b911756c11f5a646aa624e2ea870eb0a} (/127.0.0.1:63506, streamId=0)), OFME, 4c9340d7-46d4-4d07-a047-4709cc19480e, SECURE}] Entering stage 'setup:add-to-universe' took 1ms 123us 500ns
[2026/02/10 04:04:44 FINEST]                   [LoginTiming] [{Setup(QuicConnectionAddress{connId=29b1ab92b911756c11f5a646aa624e2ea870eb0a} (/127.0.0.1:63506, streamId=0)), OFME, 4c9340d7-46d4-4d07-a047-4709cc19480e, SECURE}] Load Player Config took 19ms 373us 500ns
[2026/02/10 04:04:44 FINEST]                   [LoginTiming] [{Playing(QuicConnectionAddress{connId=29b1ab92b911756c11f5a646aa624e2ea870eb0a} (/127.0.0.1:63506, streamId=0)), 4c9340d7-46d4-4d07-a047-4709cc19480e, OFME}] Processed Referral took 497us 200ns
[2026/02/10 04:04:44   WARN]                        [Hytale] {Playing(QuicConnectionAddress{connId=29b1ab92b911756c11f5a646aa624e2ea870eb0a} (/127.0.0.1:63506, streamId=0)), 4c9340d7-46d4-4d07-a047-4709cc19480e, OFME} Added future for ClientReady packet?
[2026/02/10 04:04:44   INFO]                 [World|default] Adding player 'OFME' to world 'default' at location null (4c9340d7-46d4-4d07-a047-4709cc19480e)
[2026/02/10 04:04:44   INFO]                        [Hytale] {Playing(QuicConnectionAddress{connId=29b1ab92b911756c11f5a646aa624e2ea870eb0a} (/127.0.0.1:63506, streamId=0)), 4c9340d7-46d4-4d07-a047-4709cc19480e, OFME}: Sent com.hypixel.hytale.protocol.packets.player.JoinWorld@16190f81
[2026/02/10 04:04:45   WARN]                        [Hytale] {Playing(QuicConnectionAddress{connId=29b1ab92b911756c11f5a646aa624e2ea870eb0a} (/127.0.0.1:63506, streamId=0)), 4c9340d7-46d4-4d07-a047-4709cc19480e, OFME}: Received com.hypixel.hytale.protocol.packets.player.ClientReady@9da7
[2026/02/10 04:04:45   INFO]                 [World|default] Player 'OFME' joined world 'default' at location Vector3d{x=-99.53437042236328, y=117.0, z=-17.022184371948242} (4c9340d7-46d4-4d07-a047-4709cc19480e)
[2026/02/10 04:04:45 FINEST]                   [LoginTiming] [{Playing(QuicConnectionAddress{connId=29b1ab92b911756c11f5a646aa624e2ea870eb0a} (/127.0.0.1:63506, streamId=0)), 4c9340d7-46d4-4d07-a047-4709cc19480e, OFME}] Add to World took 544ms 80us 500ns
[2026/02/10 04:04:45   FINE]                   [LoginTiming] [{Playing(QuicConnectionAddress{connId=29b1ab92b911756c11f5a646aa624e2ea870eb0a} (/127.0.0.1:63506, streamId=0)), 4c9340d7-46d4-4d07-a047-4709cc19480e, OFME}] Add To Universe took 87us 100ns
[2026/02/10 04:04:45   INFO]               [WorldMapTracker] Started Generating Map!
[2026/02/10 04:04:47   WARN]                        [Hytale] {Playing(QuicConnectionAddress{connId=29b1ab92b911756c11f5a646aa624e2ea870eb0a} (/127.0.0.1:63506, streamId=0)), 4c9340d7-46d4-4d07-a047-4709cc19480e, OFME}: Received com.hypixel.hytale.protocol.packets.player.ClientReady@9da1
[2026/02/10 04:05:54   WARN]                    [Spawning|P] Removing NPC of type Spider due to overpopulation (expected: 3.919429, actual: 9)
[2026/02/10 04:06:57   WARN]                    [Spawning|P] Removing NPC of type Spider due to overpopulation (expected: 3.731601, actual: 9)
[2026/02/10 04:10:33   WARN]                    [Spawning|P] Removing NPC of type Spider due to overpopulation (expected: 3.941781, actual: 9)
[2026/02/10 04:17:01   INFO]                        [Hytale] {Playing(null (null, streamId=0)), dcb9540e-f7be-4437-bd27-ffb6217edef6, OFME} was closed.
[2026/02/10 04:17:01   INFO]                    [Universe|P] Removing player 'OFME' (dcb9540e-f7be-4437-bd27-ffb6217edef6)
[2026/02/10 04:17:01   INFO]                 [QUICTransport] Connection closed: QuicheQuicConnectionStats[recv=85807, sent=246441, lost=86, retrans=160, sentBytes=128105963, recvBytes=15859319, lostBytes=58889, streamRetransBytes=120158, pathsCount=1]
[2026/02/10 04:17:01   INFO]                  [Objectives|P] Checking objectives for disconnecting player 'OFME' (dcb9540e-f7be-4437-bd27-ffb6217edef6)
[2026/02/10 04:17:01   INFO]                  [Objectives|P] Processing 0 active objectives for 'OFME' (dcb9540e-f7be-4437-bd27-ffb6217edef6)
[2026/02/10 04:17:01   INFO]                 [PlayerSystems] Removing player 'OFME (OFME)' from world 'default' (dcb9540e-f7be-4437-bd27-ffb6217edef6)
[2026/02/10 04:17:06   INFO]                 [QUICTransport] Received connection from QuicConnectionAddress{connId=} (/25.48.236.63:61004) to QuicConnectionAddress{connId=182b17fe127618024f701d569c561262a4ec26bc} (/0.0.0.0:5520)
[2026/02/10 04:17:06   INFO]                        [Hytale] Received stream QuicConnectionAddress{connId=182b17fe127618024f701d569c561262a4ec26bc} (/25.48.236.63:61004, streamId=0) to QuicConnectionAddress{connId=182b17fe127618024f701d569c561262a4ec26bc} (/0.0.0.0:5520, streamId=0)
[2026/02/10 04:17:06 FINEST]                   [LoginTiming] [{Initial(QuicConnectionAddress{connId=182b17fe127618024f701d569c561262a4ec26bc} (/25.48.236.63:61004, streamId=0))}] Entering stage 'initial'
[2026/02/10 04:17:06   FINE]                   [LoginTiming] [{Initial(QuicConnectionAddress{connId=182b17fe127618024f701d569c561262a4ec26bc} (/25.48.236.63:61004, streamId=0))}] Registered took 309us 500ns
[2026/02/10 04:17:06   FINE]                   [LoginTiming] [{Initial(QuicConnectionAddress{connId=182b17fe127618024f701d569c561262a4ec26bc} (/25.48.236.63:61004, streamId=0))}] Connect took 245us 800ns
[2026/02/10 04:17:06   INFO]                        [Hytale] Starting development flow for OFME (dcb9540e-f7be-4437-bd27-ffb6217edef6) from QuicConnectionAddress{connId=182b17fe127618024f701d569c561262a4ec26bc} (/25.48.236.63:61004, streamId=0)
[2026/02/10 04:17:06   INFO]         [PasswordPacketHandler] Connection complete for OFME (dcb9540e-f7be-4437-bd27-ffb6217edef6), transitioning to setup
[2026/02/10 04:17:06 FINEST]                   [LoginTiming] [{Setup(QuicConnectionAddress{connId=182b17fe127618024f701d569c561262a4ec26bc} (/25.48.236.63:61004, streamId=0)), OFME, dcb9540e-f7be-4437-bd27-ffb6217edef6, SECURE}] Entering stage 'setup:world-settings' took 912us 800ns
[2026/02/10 04:17:06   FINE]                   [LoginTiming] [{Setup(QuicConnectionAddress{connId=182b17fe127618024f701d569c561262a4ec26bc} (/25.48.236.63:61004, streamId=0)), OFME, dcb9540e-f7be-4437-bd27-ffb6217edef6, SECURE}] Load Player Config took 205us 300ns
[2026/02/10 04:17:06 FINEST]                   [LoginTiming] [{Setup(QuicConnectionAddress{connId=182b17fe127618024f701d569c561262a4ec26bc} (/25.48.236.63:61004, streamId=0)), OFME, dcb9540e-f7be-4437-bd27-ffb6217edef6, SECURE}] Entering stage 'setup:assets-request' took 54ms 424us
[2026/02/10 04:17:07   FINE]                   [LoginTiming] [{Setup(QuicConnectionAddress{connId=182b17fe127618024f701d569c561262a4ec26bc} (/25.48.236.63:61004, streamId=0)), OFME, dcb9540e-f7be-4437-bd27-ffb6217edef6, SECURE}] Request Assets took 970ms 624us 900ns
[2026/02/10 04:17:07 FINEST]                   [LoginTiming] [{Setup(QuicConnectionAddress{connId=182b17fe127618024f701d569c561262a4ec26bc} (/25.48.236.63:61004, streamId=0)), OFME, dcb9540e-f7be-4437-bd27-ffb6217edef6, SECURE}] Entering stage 'setup:send-assets' took 295us 700ns
[2026/02/10 04:17:07   FINE]                   [LoginTiming] [{Setup(QuicConnectionAddress{connId=182b17fe127618024f701d569c561262a4ec26bc} (/25.48.236.63:61004, streamId=0)), OFME, dcb9540e-f7be-4437-bd27-ffb6217edef6, SECURE}] Send Common Assets took 125us 800ns
[2026/02/10 04:17:07   FINE]                   [LoginTiming] [{Setup(QuicConnectionAddress{connId=182b17fe127618024f701d569c561262a4ec26bc} (/25.48.236.63:61004, streamId=0)), OFME, dcb9540e-f7be-4437-bd27-ffb6217edef6, SECURE}] Send Config Assets took 70ms 642us 500ns
[2026/02/10 04:17:09   FINE]                   [LoginTiming] [{Setup(QuicConnectionAddress{connId=182b17fe127618024f701d569c561262a4ec26bc} (/25.48.236.63:61004, streamId=0)), OFME, dcb9540e-f7be-4437-bd27-ffb6217edef6, SECURE}] Player Options took 1sec 701ms 162us 400ns
[2026/02/10 04:17:09   INFO]                    [Universe|P] Adding player 'OFME (dcb9540e-f7be-4437-bd27-ffb6217edef6)
[2026/02/10 04:17:09 FINEST]                   [LoginTiming] [{Setup(QuicConnectionAddress{connId=182b17fe127618024f701d569c561262a4ec26bc} (/25.48.236.63:61004, streamId=0)), OFME, dcb9540e-f7be-4437-bd27-ffb6217edef6, SECURE}] Entering stage 'setup:add-to-universe' took 831us 800ns
[2026/02/10 04:17:09 FINEST]                   [LoginTiming] [{Setup(QuicConnectionAddress{connId=182b17fe127618024f701d569c561262a4ec26bc} (/25.48.236.63:61004, streamId=0)), OFME, dcb9540e-f7be-4437-bd27-ffb6217edef6, SECURE}] Load Player Config took 13ms 439us 500ns
[2026/02/10 04:17:09 FINEST]                   [LoginTiming] [{Playing(QuicConnectionAddress{connId=182b17fe127618024f701d569c561262a4ec26bc} (/25.48.236.63:61004, streamId=0)), dcb9540e-f7be-4437-bd27-ffb6217edef6, OFME}] Processed Referral took 391us 300ns
[2026/02/10 04:17:09   WARN]                        [Hytale] {Playing(QuicConnectionAddress{connId=182b17fe127618024f701d569c561262a4ec26bc} (/25.48.236.63:61004, streamId=0)), dcb9540e-f7be-4437-bd27-ffb6217edef6, OFME} Added future for ClientReady packet?
[2026/02/10 04:17:09   INFO]                 [World|default] Adding player 'OFME' to world 'default' at location null (dcb9540e-f7be-4437-bd27-ffb6217edef6)
[2026/02/10 04:17:09   INFO]                        [Hytale] {Playing(QuicConnectionAddress{connId=182b17fe127618024f701d569c561262a4ec26bc} (/25.48.236.63:61004, streamId=0)), dcb9540e-f7be-4437-bd27-ffb6217edef6, OFME}: Sent com.hypixel.hytale.protocol.packets.player.JoinWorld@16190f81
[2026/02/10 04:17:09   WARN]                        [Hytale] {Playing(QuicConnectionAddress{connId=182b17fe127618024f701d569c561262a4ec26bc} (/25.48.236.63:61004, streamId=0)), dcb9540e-f7be-4437-bd27-ffb6217edef6, OFME}: Received com.hypixel.hytale.protocol.packets.player.ClientReady@9da7
[2026/02/10 04:17:09   INFO]                 [World|default] Player 'OFME' joined world 'default' at location Vector3d{x=3.894399881362915, y=115.0, z=-27.93522071838379} (dcb9540e-f7be-4437-bd27-ffb6217edef6)
[2026/02/10 04:17:09 FINEST]                   [LoginTiming] [{Playing(QuicConnectionAddress{connId=182b17fe127618024f701d569c561262a4ec26bc} (/25.48.236.63:61004, streamId=0)), dcb9540e-f7be-4437-bd27-ffb6217edef6, OFME}] Add to World took 310ms 454us 800ns
[2026/02/10 04:17:09   FINE]                   [LoginTiming] [{Playing(QuicConnectionAddress{connId=182b17fe127618024f701d569c561262a4ec26bc} (/25.48.236.63:61004, streamId=0)), dcb9540e-f7be-4437-bd27-ffb6217edef6, OFME}] Add To Universe took 61us 800ns
[2026/02/10 04:17:09   INFO]               [WorldMapTracker] Started Generating Map!
[2026/02/10 04:17:09   WARN]                        [Entity] getPositionComponent called async [CONTEXT ratelimit_period="5 MINUTES [skipped: 1]" ]
java.lang.Throwable
	at com.hypixel.hytale.server.core.entity.Entity.getTransformComponent(Entity.java:278)
	at com.hypixel.hytale.server.core.universe.world.WorldMapTracker.tick(WorldMapTracker.java:138)
	at com.hypixel.hytale.server.core.universe.world.worldmap.WorldMapManager.tick(WorldMapManager.java:148)
	at com.hypixel.hytale.server.core.util.thread.TickingThread.run(TickingThread.java:89)
	at java.base/java.lang.Thread.run(Thread.java:1583)

[2026/02/10 04:17:18   WARN]                        [Hytale] {Playing(QuicConnectionAddress{connId=182b17fe127618024f701d569c561262a4ec26bc} (/25.48.236.63:61004, streamId=0)), dcb9540e-f7be-4437-bd27-ffb6217edef6, OFME}: Received com.hypixel.hytale.protocol.packets.player.ClientReady@9da1
[2026/02/10 04:22:01   INFO]                        [Hytale] OFME: kawodkawodk
[2026/02/10 04:24:41 SEVERE]                        [Hytale] Missing replacement interactions for interaction: **Goblin_Scavenger_Swing_Right_Selector_HitEntity_Interactions_0 for var Melee_Damage on item null [CONTEXT ratelimit_period="1 MINUTES [skipped: 7]" ]
[2026/02/10 04:29:24 SEVERE]                        [Hytale] Missing replacement interactions for interaction: **Goblin_Scrapper_Swing_Down_Selector_HitEntity_Interactions_0 for var Melee_Damage on item ItemStack{itemId=Tool_Pickaxe_Scrap, quantity=1, maxDurability=60.0, durability=60.0, metadata=null} [CONTEXT ratelimit_period="1 MINUTES [skipped: 7]" ]
[2026/02/10 04:33:13   WARN]                    [Spawning|P] Removing NPC of type Sparrow due to overpopulation (expected: 2.716744, actual: 8)
[2026/02/10 04:33:36   WARN]                    [Spawning|P] Removing NPC of type Skeleton_Fighter_Wander due to overpopulation (expected: 0.710374, actual: 5)
[2026/02/10 04:33:53   WARN] [EntityTrackerSystems$SendPackets] Removed 1 invalid updates for removed entities.
[2026/02/10 04:33:53   WARN] [EntityTrackerSystems$SendPackets] Removed 1 invalid updates for removed entities.
[2026/02/10 04:34:23   WARN] [EntityTrackerSystems$SendPackets] Removed 1 invalid updates for removed entities.
[2026/02/10 04:34:23   WARN] [EntityTrackerSystems$SendPackets] Removed 1 invalid updates for removed entities.
[2026/02/10 04:34:23   WARN] [EntityTrackerSystems$SendPackets] Removed 1 invalid updates for removed entities.
[2026/02/10 04:34:23   WARN] [EntityTrackerSystems$SendPackets] Removed 1 invalid updates for removed entities.
[2026/02/10 04:34:47 SEVERE]                    [ChunkStore] Took too long to post-load process chunk: 35ms 99us 300ns > TICK_STEP, Has GC Run: true, WorldChunk{x=23, z=9, flags=00000000000000000000000000000011}
[2026/02/10 04:34:47   WARN]                 [World|default] Task took 35ms 895us 400ns ns: java.util.concurrent.CompletableFuture$UniApply@42d3273e
[2026/02/10 04:43:03   INFO]                        [Hytale] {Playing(null (null, streamId=0)), dcb9540e-f7be-4437-bd27-ffb6217edef6, OFME} was closed.
[2026/02/10 04:43:03   INFO]                    [Universe|P] Removing player 'OFME' (dcb9540e-f7be-4437-bd27-ffb6217edef6)
[2026/02/10 04:43:03   INFO]                 [QUICTransport] Connection closed: QuicheQuicConnectionStats[recv=145392, sent=397200, lost=10, retrans=82, sentBytes=208213235, recvBytes=24844472, lostBytes=9727, streamRetransBytes=67354, pathsCount=1]
[2026/02/10 04:43:03   INFO]                  [Objectives|P] Checking objectives for disconnecting player 'OFME' (dcb9540e-f7be-4437-bd27-ffb6217edef6)
[2026/02/10 04:43:03   INFO]                  [Objectives|P] Processing 0 active objectives for 'OFME' (dcb9540e-f7be-4437-bd27-ffb6217edef6)
[2026/02/10 04:43:03   INFO]                 [PlayerSystems] Removing player 'OFME (OFME)' from world 'default' (dcb9540e-f7be-4437-bd27-ffb6217edef6)
[2026/02/10 04:43:37   INFO]                 [QUICTransport] Received connection from QuicConnectionAddress{connId=} (/25.48.236.63:64884) to QuicConnectionAddress{connId=12ffb2f32dc5b9a65187613a73350f29285864bb} (/0.0.0.0:5520)
[2026/02/10 04:43:38   INFO]                        [Hytale] Received stream QuicConnectionAddress{connId=12ffb2f32dc5b9a65187613a73350f29285864bb} (/25.48.236.63:64884, streamId=0) to QuicConnectionAddress{connId=12ffb2f32dc5b9a65187613a73350f29285864bb} (/0.0.0.0:5520, streamId=0)
[2026/02/10 04:43:38 FINEST]                   [LoginTiming] [{Initial(QuicConnectionAddress{connId=12ffb2f32dc5b9a65187613a73350f29285864bb} (/25.48.236.63:64884, streamId=0))}] Entering stage 'initial'
[2026/02/10 04:43:38   FINE]                   [LoginTiming] [{Initial(QuicConnectionAddress{connId=12ffb2f32dc5b9a65187613a73350f29285864bb} (/25.48.236.63:64884, streamId=0))}] Registered took 116us 900ns
[2026/02/10 04:43:38   FINE]                   [LoginTiming] [{Initial(QuicConnectionAddress{connId=12ffb2f32dc5b9a65187613a73350f29285864bb} (/25.48.236.63:64884, streamId=0))}] Connect took 169us 500ns
[2026/02/10 04:43:38   INFO]                        [Hytale] Starting development flow for OFME (dcb9540e-f7be-4437-bd27-ffb6217edef6) from QuicConnectionAddress{connId=12ffb2f32dc5b9a65187613a73350f29285864bb} (/25.48.236.63:64884, streamId=0)
[2026/02/10 04:43:38   INFO]         [PasswordPacketHandler] Connection complete for OFME (dcb9540e-f7be-4437-bd27-ffb6217edef6), transitioning to setup
[2026/02/10 04:43:38 FINEST]                   [LoginTiming] [{Setup(QuicConnectionAddress{connId=12ffb2f32dc5b9a65187613a73350f29285864bb} (/25.48.236.63:64884, streamId=0)), OFME, dcb9540e-f7be-4437-bd27-ffb6217edef6, SECURE}] Entering stage 'setup:world-settings' took 890us 600ns
[2026/02/10 04:43:38   FINE]                   [LoginTiming] [{Setup(QuicConnectionAddress{connId=12ffb2f32dc5b9a65187613a73350f29285864bb} (/25.48.236.63:64884, streamId=0)), OFME, dcb9540e-f7be-4437-bd27-ffb6217edef6, SECURE}] Load Player Config took 148us 800ns
[2026/02/10 04:43:38 FINEST]                   [LoginTiming] [{Setup(QuicConnectionAddress{connId=12ffb2f32dc5b9a65187613a73350f29285864bb} (/25.48.236.63:64884, streamId=0)), OFME, dcb9540e-f7be-4437-bd27-ffb6217edef6, SECURE}] Entering stage 'setup:assets-request' took 56ms 312us 600ns
[2026/02/10 04:43:39   FINE]                   [LoginTiming] [{Setup(QuicConnectionAddress{connId=12ffb2f32dc5b9a65187613a73350f29285864bb} (/25.48.236.63:64884, streamId=0)), OFME, dcb9540e-f7be-4437-bd27-ffb6217edef6, SECURE}] Request Assets took 568ms 897us
[2026/02/10 04:43:39 FINEST]                   [LoginTiming] [{Setup(QuicConnectionAddress{connId=12ffb2f32dc5b9a65187613a73350f29285864bb} (/25.48.236.63:64884, streamId=0)), OFME, dcb9540e-f7be-4437-bd27-ffb6217edef6, SECURE}] Entering stage 'setup:send-assets' took 287us 900ns
[2026/02/10 04:43:39   FINE]                   [LoginTiming] [{Setup(QuicConnectionAddress{connId=12ffb2f32dc5b9a65187613a73350f29285864bb} (/25.48.236.63:64884, streamId=0)), OFME, dcb9540e-f7be-4437-bd27-ffb6217edef6, SECURE}] Send Common Assets took 123us 900ns
[2026/02/10 04:43:39   FINE]                   [LoginTiming] [{Setup(QuicConnectionAddress{connId=12ffb2f32dc5b9a65187613a73350f29285864bb} (/25.48.236.63:64884, streamId=0)), OFME, dcb9540e-f7be-4437-bd27-ffb6217edef6, SECURE}] Send Config Assets took 45ms 236us 200ns
[2026/02/10 04:43:41   FINE]                   [LoginTiming] [{Setup(QuicConnectionAddress{connId=12ffb2f32dc5b9a65187613a73350f29285864bb} (/25.48.236.63:64884, streamId=0)), OFME, dcb9540e-f7be-4437-bd27-ffb6217edef6, SECURE}] Player Options took 1sec 834ms 309us 300ns
[2026/02/10 04:43:41   INFO]                    [Universe|P] Adding player 'OFME (dcb9540e-f7be-4437-bd27-ffb6217edef6)
[2026/02/10 04:43:41 FINEST]                   [LoginTiming] [{Setup(QuicConnectionAddress{connId=12ffb2f32dc5b9a65187613a73350f29285864bb} (/25.48.236.63:64884, streamId=0)), OFME, dcb9540e-f7be-4437-bd27-ffb6217edef6, SECURE}] Entering stage 'setup:add-to-universe' took 502us
[2026/02/10 04:43:41 FINEST]                   [LoginTiming] [{Setup(QuicConnectionAddress{connId=12ffb2f32dc5b9a65187613a73350f29285864bb} (/25.48.236.63:64884, streamId=0)), OFME, dcb9540e-f7be-4437-bd27-ffb6217edef6, SECURE}] Load Player Config took 10ms 859us 100ns
[2026/02/10 04:43:41 FINEST]                   [LoginTiming] [{Playing(QuicConnectionAddress{connId=12ffb2f32dc5b9a65187613a73350f29285864bb} (/25.48.236.63:64884, streamId=0)), dcb9540e-f7be-4437-bd27-ffb6217edef6, OFME}] Processed Referral took 398us 100ns
[2026/02/10 04:43:41   WARN]                        [Hytale] {Playing(QuicConnectionAddress{connId=12ffb2f32dc5b9a65187613a73350f29285864bb} (/25.48.236.63:64884, streamId=0)), dcb9540e-f7be-4437-bd27-ffb6217edef6, OFME} Added future for ClientReady packet?
[2026/02/10 04:43:41   INFO]                 [World|default] Adding player 'OFME' to world 'default' at location null (dcb9540e-f7be-4437-bd27-ffb6217edef6)
[2026/02/10 04:43:41   INFO]                        [Hytale] {Playing(QuicConnectionAddress{connId=12ffb2f32dc5b9a65187613a73350f29285864bb} (/25.48.236.63:64884, streamId=0)), dcb9540e-f7be-4437-bd27-ffb6217edef6, OFME}: Sent com.hypixel.hytale.protocol.packets.player.JoinWorld@16190f81
[2026/02/10 04:43:41   WARN]                        [Hytale] {Playing(QuicConnectionAddress{connId=12ffb2f32dc5b9a65187613a73350f29285864bb} (/25.48.236.63:64884, streamId=0)), dcb9540e-f7be-4437-bd27-ffb6217edef6, OFME}: Received com.hypixel.hytale.protocol.packets.player.ClientReady@9da7
[2026/02/10 04:43:41   INFO]                 [World|default] Player 'OFME' joined world 'default' at location Vector3d{x=-0.1675804853439331, y=118.0, z=-23.732877731323242} (dcb9540e-f7be-4437-bd27-ffb6217edef6)
[2026/02/10 04:43:41 FINEST]                   [LoginTiming] [{Playing(QuicConnectionAddress{connId=12ffb2f32dc5b9a65187613a73350f29285864bb} (/25.48.236.63:64884, streamId=0)), dcb9540e-f7be-4437-bd27-ffb6217edef6, OFME}] Add to World took 398ms 954us 100ns
[2026/02/10 04:43:41   FINE]                   [LoginTiming] [{Playing(QuicConnectionAddress{connId=12ffb2f32dc5b9a65187613a73350f29285864bb} (/25.48.236.63:64884, streamId=0)), dcb9540e-f7be-4437-bd27-ffb6217edef6, OFME}] Add To Universe took 100us 500ns
[2026/02/10 04:43:41   INFO]               [WorldMapTracker] Started Generating Map!
[2026/02/10 04:43:41   WARN]                        [Entity] getPositionComponent called async [CONTEXT ratelimit_period="5 MINUTES" ]
java.lang.Throwable
	at com.hypixel.hytale.server.core.entity.Entity.getTransformComponent(Entity.java:278)
	at com.hypixel.hytale.server.core.universe.world.WorldMapTracker.tick(WorldMapTracker.java:138)
	at com.hypixel.hytale.server.core.universe.world.worldmap.WorldMapManager.tick(WorldMapManager.java:148)
	at com.hypixel.hytale.server.core.util.thread.TickingThread.run(TickingThread.java:89)
	at java.base/java.lang.Thread.run(Thread.java:1583)

[2026/02/10 04:43:50   WARN]                        [Hytale] {Playing(QuicConnectionAddress{connId=12ffb2f32dc5b9a65187613a73350f29285864bb} (/25.48.236.63:64884, streamId=0)), dcb9540e-f7be-4437-bd27-ffb6217edef6, OFME}: Received com.hypixel.hytale.protocol.packets.player.ClientReady@9da1
[2026/02/10 04:44:02   INFO]                [CommandManager] xeNdok executed command: say noob
xeNdok: noob
[2026/02/10 04:49:02   WARN]                    [Spawning|P] Removing NPC of type Owl_Brown due to overpopulation (expected: 1.505312, actual: 6)
[2026/02/10 04:50:27   WARN]          [ProcessingBenchState] No FuelDropItemId defined for Furnace fuel value of 0.0 will be lost!
[2026/02/10 04:50:50 SEVERE]                        [Hytale] Missing replacement interactions for interaction: **Goblin_Scrapper_Swing_Down_Selector_HitEntity_Interactions_0 for var Melee_Damage on item ItemStack{itemId=Tool_Pickaxe_Scrap, quantity=1, maxDurability=60.0, durability=60.0, metadata=null} [CONTEXT ratelimit_period="1 MINUTES [skipped: 2]" ]
[2026/02/10 04:51:31   WARN]                    [Spawning|P] Removing NPC of type Owl_Brown due to overpopulation (expected: 1.570051, actual: 6)
[2026/02/10 04:54:58   INFO]                        [Hytale] dcb9540e-f7be-4437-bd27-ffb6217edef6 - OFME at QuicConnectionAddress{connId=12ffb2f32dc5b9a65187613a73350f29285864bb} (/25.48.236.63:64884, streamId=0) left with reason: Disconnect - Player leave
[2026/02/10 04:54:58   INFO]                        [Hytale] {Playing(null (null, streamId=0)), dcb9540e-f7be-4437-bd27-ffb6217edef6, OFME} was closed.
[2026/02/10 04:54:58   INFO]                    [Universe|P] Removing player 'OFME' (dcb9540e-f7be-4437-bd27-ffb6217edef6)
[2026/02/10 04:54:58   INFO]                 [QUICTransport] Connection closed: QuicheQuicConnectionStats[recv=65026, sent=182595, lost=1, retrans=35, sentBytes=102049204, recvBytes=10052388, lostBytes=61, streamRetransBytes=23421, pathsCount=1]
[2026/02/10 04:54:58   INFO]                  [Objectives|P] Checking objectives for disconnecting player 'OFME' (dcb9540e-f7be-4437-bd27-ffb6217edef6)
[2026/02/10 04:54:58   INFO]                  [Objectives|P] Processing 0 active objectives for 'OFME' (dcb9540e-f7be-4437-bd27-ffb6217edef6)
[2026/02/10 04:54:58   INFO]                 [PlayerSystems] Removing player 'OFME (OFME)' from world 'default' (dcb9540e-f7be-4437-bd27-ffb6217edef6)
[2026/02/10 04:58:30   WARN]                    [Spawning|P] Removing NPC of type Boar due to overpopulation (expected: 16.666390, actual: 25)
[2026/02/10 04:58:38   WARN]                    [Spawning|P] Removing NPC of type Boar due to overpopulation (expected: 15.612560, actual: 24)
[2026/02/10 04:59:14   WARN]                    [Spawning|P] Removing NPC of type Trout_Rainbow due to overpopulation (expected: 7.952417, actual: 14)
[2026/02/10 05:00:57   WARN] [EntityTrackerSystems$SendPackets] Removed 1 invalid updates for removed entities.
[2026/02/10 05:00:57   WARN] [EntityTrackerSystems$SendPackets] Removed 1 invalid updates for removed entities.
[2026/02/10 05:00:57   WARN] [EntityTrackerSystems$SendPackets] Removed 1 invalid updates for removed entities.
[2026/02/10 05:02:21   WARN]                    [Spawning|P] Removing NPC of type Boar due to overpopulation (expected: 11.028528, actual: 19)
[2026/02/10 05:03:17   WARN]                    [Spawning|P] Removing NPC of type Pig due to overpopulation (expected: 4.552689, actual: 10)
[2026/02/10 05:03:38   WARN]                    [Spawning|P] Removing NPC of type Trout_Rainbow due to overpopulation (expected: 6.208324, actual: 12)
[2026/02/10 05:03:43   WARN]                    [Spawning|P] Removing NPC of type Boar due to overpopulation (expected: 11.068829, actual: 18)
[2026/02/10 05:03:48   WARN]                    [Spawning|P] Removing NPC of type Pig due to overpopulation (expected: 3.881907, actual: 9)
[2026/02/10 05:04:43 SEVERE]                        [Hytale] Missing replacement interactions for interaction: **Goblin_Scrapper_Swing_Right_Selector_HitEntity_Interactions_0 for var Melee_Damage on item ItemStack{itemId=Weapon_Club_Scrap, quantity=1, maxDurability=45.0, durability=45.0, metadata=null} [CONTEXT ratelimit_period="1 MINUTES [skipped: 1]" ]
[2026/02/10 05:05:00   WARN]                    [Spawning|P] Removing NPC of type Pig due to overpopulation (expected: 3.095134, actual: 8)
[2026/02/10 05:07:03   WARN]                    [Spawning|P] Removing NPC of type Spider due to overpopulation (expected: 3.560030, actual: 9)
[2026/02/10 05:07:04   WARN]                    [Spawning|P] Removing NPC of type Spider due to overpopulation (expected: 3.560030, actual: 9)
[2026/02/10 05:07:11   WARN]                    [Spawning|P] Removing NPC of type Minnow due to overpopulation (expected: 5.138797, actual: 11)
[2026/02/10 05:07:11   WARN]                    [Spawning|P] Removing NPC of type Sparrow due to overpopulation (expected: 2.055519, actual: 7)
[2026/02/10 05:09:12 SEVERE]                        [Hytale] Missing replacement interactions for interaction: **Goblin_Scrapper_Swing_Down_Selector_HitEntity_Interactions_0 for var Melee_Damage on item ItemStack{itemId=Tool_Pickaxe_Scrap, quantity=1, maxDurability=60.0, durability=60.0, metadata=null} [CONTEXT ratelimit_period="1 MINUTES [skipped: 3]" ]
[2026/02/10 05:09:52   INFO]                        [Hytale] BreakBlockInteraction requires a Player but was used for: Ref{store=class com.hypixel.hytale.component.Store@782270732, index=114} [CONTEXT ratelimit_period="5 MINUTES [skipped: 1]" ]
[2026/02/10 05:10:04   WARN]                    [Spawning|P] Removing NPC of type Minnow due to overpopulation (expected: 4.795861, actual: 10)
[2026/02/10 05:10:34   INFO]                [CommandManager] xeNdok executed command: who
[2026/02/10 05:10:36   WARN]                    [Spawning|P] Removing NPC of type Deer_Stag due to overpopulation (expected: 2.356050, actual: 8)
[2026/02/10 05:10:36   WARN]                    [Spawning|P] Removing NPC of type Deer_Stag due to overpopulation (expected: 2.368150, actual: 7)
[2026/02/10 05:12:30   WARN]                    [Spawning|P] Removing NPC of type Minnow due to overpopulation (expected: 5.380632, actual: 11)
[2026/02/10 05:12:41   WARN]                    [Spawning|P] Removing NPC of type Duck due to overpopulation (expected: 3.175798, actual: 8)
[2026/02/10 05:13:27 SEVERE]                        [Hytale] Missing replacement interactions for interaction: *NPC_Attack_Melee_Simple_Next for var Melee_Selector on item null [CONTEXT ratelimit_period="1 MINUTES" ]
[2026/02/10 05:13:51   WARN]                    [Spawning|P] Removing NPC of type Minnow due to overpopulation (expected: 5.995638, actual: 12)
[2026/02/10 05:15:09   INFO] [PrefabPathSystems$AddOrRemove] Migrating path marker from path TrorkHunter1~1 to use new UUID 5dced965-7865-3629-880b-0eea66da2119
[2026/02/10 05:15:09   INFO] [PrefabPathSystems$AddOrRemove] Migrating path marker from path TrorkHunter1~1 to use new UUID 5dced965-7865-3629-880b-0eea66da2119
[2026/02/10 05:15:09   INFO] [PrefabPathSystems$AddOrRemove] Migrating path marker from path TrorkHunter1~1 to use new UUID 5dced965-7865-3629-880b-0eea66da2119
[2026/02/10 05:15:27   INFO]                        [Hytale] BreakBlockInteraction requires a Player but was used for: Ref{store=class com.hypixel.hytale.component.Store@782270732, index=624} [CONTEXT ratelimit_period="5 MINUTES [skipped: 11]" ]
[2026/02/10 05:16:57   WARN] [EntityTrackerSystems$SendPackets] Removed 1 invalid updates for removed entities.
[2026/02/10 05:16:57   WARN] [EntityTrackerSystems$SendPackets] Removed 1 invalid updates for removed entities.
[2026/02/10 05:17:12   WARN]                    [Spawning|P] Removing NPC of type Sparrow due to overpopulation (expected: 1.479037, actual: 6)
[2026/02/10 05:17:28   WARN]                    [Spawning|P] Removing NPC of type Bunny due to overpopulation (expected: 4.908961, actual: 11)
[2026/02/10 05:17:30   WARN]                    [Spawning|P] Removing NPC of type Spider due to overpopulation (expected: 2.454481, actual: 8)
[2026/02/10 05:17:30   WARN]                    [Spawning|P] Removing NPC of type Spider due to overpopulation (expected: 2.454481, actual: 8)
[2026/02/10 05:17:34   WARN]                    [Spawning|P] Removing NPC of type Bear_Grizzly due to overpopulation (expected: 2.331477, actual: 7)
[2026/02/10 05:17:35   WARN]                    [Spawning|P] Removing NPC of type Bunny due to overpopulation (expected: 4.662954, actual: 10)
[2026/02/10 05:17:38   WARN]                    [Spawning|P] Removing NPC of type Trout_Rainbow due to overpopulation (expected: 4.662954, actual: 10)
[2026/02/10 05:18:24   WARN]                    [Spawning|P] Removing NPC of type Boar due to overpopulation (expected: 10.256296, actual: 18)
[2026/02/10 05:18:31   WARN]                    [Spawning|P] Removing NPC of type Boar due to overpopulation (expected: 9.127150, actual: 17)
[2026/02/10 05:18:31   WARN]                    [Spawning|P] Removing NPC of type Boar due to overpopulation (expected: 9.127150, actual: 16)
[2026/02/10 05:18:53   WARN]                    [Spawning|P] Removing NPC of type Boar due to overpopulation (expected: 9.271662, actual: 16)
[2026/02/10 05:19:08   WARN]                    [Spawning|P] Removing NPC of type Bunny due to overpopulation (expected: 5.060600, actual: 11)
[2026/02/10 05:19:14   WARN]                    [Spawning|P] Removing NPC of type Catfish due to overpopulation (expected: 5.184338, actual: 11)
[2026/02/10 05:19:14   WARN]                    [Spawning|P] Removing NPC of type Trout_Rainbow due to overpopulation (expected: 5.184338, actual: 12)
[2026/02/10 05:19:15   WARN]                    [Spawning|P] Removing NPC of type Trout_Rainbow due to overpopulation (expected: 5.184338, actual: 11)
[2026/02/10 05:19:17   WARN]                    [Spawning|P] Removing NPC of type Rabbit due to overpopulation (expected: 2.206796, actual: 7)
[2026/02/10 05:20:22   INFO]                        [Hytale] ff1f556e-dc78-47d2-b59c-7fb039304d55 - OFME at QuicConnectionAddress{connId=f418e9a165d5367165a4ea84180be7f75bf27f90} (/25.0.42.25:51174, streamId=0) left with reason: Disconnect - Player leave
[2026/02/10 05:20:22   INFO]                        [Hytale] {Playing(null (null, streamId=0)), ff1f556e-dc78-47d2-b59c-7fb039304d55, OFME} was closed.
[2026/02/10 05:20:22   INFO]                    [Universe|P] Removing player 'OFME' (ff1f556e-dc78-47d2-b59c-7fb039304d55)
[2026/02/10 05:20:22   INFO]                 [QUICTransport] Connection closed: QuicheQuicConnectionStats[recv=768434, sent=2068634, lost=115493, retrans=111880, sentBytes=1112527045, recvBytes=125654165, lostBytes=104059612, streamRetransBytes=101597229, pathsCount=1]
[2026/02/10 05:20:22   INFO]                  [Objectives|P] Checking objectives for disconnecting player 'OFME' (ff1f556e-dc78-47d2-b59c-7fb039304d55)
[2026/02/10 05:20:22   INFO]                  [Objectives|P] Processing 0 active objectives for 'OFME' (ff1f556e-dc78-47d2-b59c-7fb039304d55)
[2026/02/10 05:20:22   INFO]                 [PlayerSystems] Removing player 'OFME (OFME)' from world 'default' (ff1f556e-dc78-47d2-b59c-7fb039304d55)
[2026/02/10 05:20:58 SEVERE]                 [World|default] Took too long to run pre-load process hook for chunk: 1sec 641ms 400us 999ns > TICK_STEP, Has GC Run: true, WorldChunk{x=27, z=13, flags=00000000000000000000000000000100}, Hook: com.hypixel.hytale.builtin.fluid.FluidPlugin$$Lambda/0x000001c63aa8dd28@234dfc8e
[2026/02/10 05:22:14   WARN]                    [Spawning|P] Removing NPC of type Rabbit due to overpopulation (expected: 2.205068, actual: 7)
[2026/02/10 05:22:21   WARN]                    [Spawning|P] Removing NPC of type Pigeon due to overpopulation (expected: 0.949858, actual: 6)
[2026/02/10 05:22:22   WARN]                    [Spawning|P] Removing NPC of type Squirrel due to overpopulation (expected: 2.849574, actual: 8)
[2026/02/10 05:22:24 SEVERE]                        [Hytale] Missing replacement interactions for interaction: **Weapon_Shortbow_Primary_Shoot_Charge_Next_1.2_Failed for var No_Ammo_Effects on item ItemStack{itemId=Weapon_Shortbow_Crude, quantity=1, maxDurability=80.0, durability=47.76000000000005, metadata=null} [CONTEXT ratelimit_period="1 MINUTES" ]
[2026/02/10 05:22:37   WARN]                    [Spawning|P] Removing NPC of type Boar due to overpopulation (expected: 8.508417, actual: 15)
[2026/02/10 05:22:51   WARN]                    [Spawning|P] Removing NPC of type Boar due to overpopulation (expected: 9.127150, actual: 17)
[2026/02/10 05:22:51   WARN]                    [Spawning|P] Removing NPC of type Boar due to overpopulation (expected: 9.127150, actual: 16)
[2026/02/10 05:24:30   WARN]                    [Spawning|P] Removing NPC of type Duck due to overpopulation (expected: 1.503806, actual: 6)
[2026/02/10 05:24:54   WARN]                    [Spawning|P] Removing NPC of type Squirrel due to overpopulation (expected: 2.848149, actual: 8)
[2026/02/10 05:25:06   WARN]                    [Spawning|P] Removing NPC of type Bluegill due to overpopulation (expected: 5.456000, actual: 13)
[2026/02/10 05:25:07   WARN]                    [Spawning|P] Removing NPC of type Bluegill due to overpopulation (expected: 5.456000, actual: 12)
[2026/02/10 05:25:07   WARN]                    [Spawning|P] Removing NPC of type Bluegill due to overpopulation (expected: 5.467022, actual: 11)
[2026/02/10 05:25:50   WARN]                    [Spawning|P] Removing NPC of type Trout_Rainbow due to overpopulation (expected: 4.990201, actual: 11)
[2026/02/10 05:26:29   INFO]                        [Hytale] OFME: -100 200
[2026/02/10 05:26:36   WARN]                    [Spawning|P] Removing NPC of type Bunny due to overpopulation (expected: 5.788343, actual: 12)
[2026/02/10 05:26:46   WARN]                    [Spawning|P] Removing NPC of type Squirrel due to overpopulation (expected: 3.161367, actual: 8)
[2026/02/10 05:27:02   WARN]                    [Spawning|P] Removing NPC of type Trout_Rainbow due to overpopulation (expected: 5.363617, actual: 11)
[2026/02/10 05:27:24   WARN]                    [Spawning|P] Removing NPC of type Skeleton_Fighter_Wander due to overpopulation (expected: 0.568249, actual: 5)
[2026/02/10 05:27:45   WARN]                    [Spawning|P] Removing NPC of type Bluegill due to overpopulation (expected: 4.741093, actual: 10)
[2026/02/10 05:29:57 SEVERE]                        [Hytale] Missing replacement interactions for interaction: *NPC_Attack_Melee_Simple_Next for var Melee_Selector on item null [CONTEXT ratelimit_period="1 MINUTES [skipped: 3]" ]
[2026/02/10 05:30:21   WARN]                    [Spawning|P] Marker 53cd039e-0841-3629-928d-1f7f258c815c at Vector3d{x=113.78605651855469, y=42.0, z=576.8982963562012} removed due to repeated spawning fails of Skeleton_Incandescent_Mage with reason: TOO_HIGH
[2026/02/10 05:30:21 SEVERE]                 [World|default] Took too long to run pre-load process hook for chunk: 70ms 164us 400ns > TICK_STEP, Has GC Run: true, WorldChunk{x=15, z=29, flags=00000000000000000000000000000100}, Hook: com.hypixel.hytale.server.core.modules.block.BlockModule$$Lambda/0x000001c63a9d9848@6067e7c1
[2026/02/10 05:30:21   WARN]                 [World|default] Task took 34ms 268us 100ns ns: java.util.concurrent.CompletableFuture$UniApply@356738c2
[2026/02/10 05:30:21 SEVERE]                 [World|default] Took too long to run pre-load process hook for chunk: 92ms 351us 700ns > TICK_STEP, Has GC Run: true, WorldChunk{x=13, z=31, flags=00000000000000000000000000000100}, Hook: com.hypixel.hytale.server.core.modules.block.BlockModule$$Lambda/0x000001c63a9d9848@6067e7c1
[2026/02/10 05:30:28   WARN]                    [Spawning|P] Marker de6bb7c9-828a-3c35-b658-a723c6989710 at Vector3d{x=-76.59219620361327, y=51.00064376220698, z=647.5414897216798} removed due to repeated spawning fails of Goblin_Scrapper with reason: TOO_HIGH
[2026/02/10 05:31:34   WARN]                    [Spawning|P] Removing NPC of type Rabbit due to overpopulation (expected: 3.813817, actual: 9)
[2026/02/10 05:31:37   WARN]                    [Spawning|P] Removing NPC of type Skeleton_Fighter_Wander due to overpopulation (expected: 0.762763, actual: 5)
[2026/02/10 05:31:38   WARN]                    [Spawning|P] Removing NPC of type Skeleton_Fighter_Wander due to overpopulation (expected: 0.721949, actual: 5)
[2026/02/10 05:31:38   WARN]                    [Spawning|P] Removing NPC of type Pig due to overpopulation (expected: 7.219494, actual: 14)
[2026/02/10 05:31:40   WARN]                    [Spawning|P] Removing NPC of type Pig due to overpopulation (expected: 7.356108, actual: 14)
[2026/02/10 05:32:25   WARN]                    [Spawning|P] Removing NPC of type Bear_Grizzly due to overpopulation (expected: 2.344132, actual: 7)
[2026/02/10 05:32:33   WARN]                    [Spawning|P] Removing NPC of type Minnow due to overpopulation (expected: 4.705460, actual: 10)
[2026/02/10 05:32:40   WARN]                    [Spawning|P] Removing NPC of type Pigeon due to overpopulation (expected: 0.672469, actual: 5)
[2026/02/10 05:32:41   WARN]                    [Spawning|P] Removing NPC of type Cow due to overpopulation (expected: 4.392437, actual: 10)
[2026/02/10 05:33:04   WARN]                    [Spawning|P] Removing NPC of type Pig due to overpopulation (expected: 4.606181, actual: 10)
[2026/02/10 05:36:52   WARN]         [UpdateLocationSystems] Entity has moved into a chunk that isn't currently loaded! -6, 12, com.hypixel.hytale.server.core.modules.entity.component.TransformComponent@2d3aac5f
[2026/02/10 05:36:52   WARN]                    [Spawning|P] Removing NPC of type Rabbit due to overpopulation (expected: 2.340621, actual: 7)
[2026/02/10 05:36:54 SEVERE]                    [ChunkStore] Took too long to post-load process chunk: 63ms 173us 500ns > TICK_STEP, Has GC Run: true, WorldChunk{x=-2, z=29, flags=00000000000000000000000000000011}
[2026/02/10 05:36:54   WARN]                 [World|default] Task took 64ms 227us ns: java.util.concurrent.CompletableFuture$UniApply@4a480018
[2026/02/10 05:36:55   INFO]                   [Instances|P] Copying instance files for Forgotten_Temple to world instance-Forgotten_Temple-055fe22e-97b3-4cc9-a13f-37d4b72cd4bb
[2026/02/10 05:36:55   INFO]                 [PlayerSystems] Removing player 'xeNdok (OFME)' from world 'default' (93e8a8ed-d443-47a7-be67-97277b9ef260)
[2026/02/10 05:36:55   INFO]                   [Instances|P] Completed instance files for Forgotten_Temple to world instance-Forgotten_Temple-055fe22e-97b3-4cc9-a13f-37d4b72cd4bb in 38ms 865us 400ns
[2026/02/10 05:36:55   INFO] [World|instance-Forgotten_Temple-055fe22e-97b3-4cc9-a13f-37d4b72cd4bb] Loading world 'instance-Forgotten_Temple-055fe22e-97b3-4cc9-a13f-37d4b72cd4bb' with generator type: 'HytaleWorldGenProvider{name='Instance_Forgotten_Temple', path='null'}' and chunk storage: 'DefaultChunkStorageProvider{DEFAULT=IndexedStorageChunkStorageProvider{}}'...
[2026/02/10 05:36:55   INFO] [World|instance-Forgotten_Temple-055fe22e-97b3-4cc9-a13f-37d4b72cd4bb] Added world 'instance-Forgotten_Temple-055fe22e-97b3-4cc9-a13f-37d4b72cd4bb' - Seed: 1618917989368, GameTime: 0001-01-01T08:00:00.090953998Z
[2026/02/10 05:36:55   WARN]                        [Hytale] {Playing(QuicConnectionAddress{connId=a07b350971693dcc8d2363b4c38b7e7e336edee3} (/25.9.60.222:59684, streamId=0)), 93e8a8ed-d443-47a7-be67-97277b9ef260, xeNdok} Added future for ClientReady packet?
[2026/02/10 05:36:55   INFO] [World|instance-Forgotten_Temple-055fe22e-97b3-4cc9-a13f-37d4b72cd4bb] Adding player 'xeNdok' to world 'instance-Forgotten_Temple-055fe22e-97b3-4cc9-a13f-37d4b72cd4bb' at location Transform{position=Vector3d{x=5095.0, y=169.0, z=4983.5}, rotation=Vector3f{x=0.0, y=1.5707964, z=0.0}} (93e8a8ed-d443-47a7-be67-97277b9ef260)
[2026/02/10 05:36:55   INFO]                [WorldGenerator] Set prefab-store to: ASSETS
[2026/02/10 05:36:55   INFO]                        [Hytale] {Playing(QuicConnectionAddress{connId=a07b350971693dcc8d2363b4c38b7e7e336edee3} (/25.9.60.222:59684, streamId=0)), 93e8a8ed-d443-47a7-be67-97277b9ef260, xeNdok}: Sent com.hypixel.hytale.protocol.packets.player.JoinWorld@851264c1
[2026/02/10 05:36:55   INFO]                [WorldGenerator] Initialized ChunkGenerator-1 executor
[2026/02/10 05:36:55   INFO] [World|instance-Forgotten_Temple-055fe22e-97b3-4cc9-a13f-37d4b72cd4bb|M] Initializing world map generator: com.hypixel.hytale.server.worldgen.map.GeneratorChunkWorldMap@776f57f9
[2026/02/10 05:36:55   INFO] [World|instance-Forgotten_Temple-055fe22e-97b3-4cc9-a13f-37d4b72cd4bb|M] Generating Points of Interest...
[2026/02/10 05:36:55   INFO] [World|instance-Forgotten_Temple-055fe22e-97b3-4cc9-a13f-37d4b72cd4bb|M] Finished Generating Points of Interest!
[2026/02/10 05:36:56   WARN]                        [Hytale] {Playing(QuicConnectionAddress{connId=a07b350971693dcc8d2363b4c38b7e7e336edee3} (/25.9.60.222:59684, streamId=0)), 93e8a8ed-d443-47a7-be67-97277b9ef260, xeNdok}: Received com.hypixel.hytale.protocol.packets.player.ClientReady@9da7
[2026/02/10 05:36:56   INFO] [World|instance-Forgotten_Temple-055fe22e-97b3-4cc9-a13f-37d4b72cd4bb] Player 'xeNdok' joined world 'instance-Forgotten_Temple-055fe22e-97b3-4cc9-a13f-37d4b72cd4bb' at location Vector3d{x=5095.0, y=168.10000002384186, z=4983.5} (93e8a8ed-d443-47a7-be67-97277b9ef260)
[2026/02/10 05:36:56   WARN] [World|instance-Forgotten_Temple-055fe22e-97b3-4cc9-a13f-37d4b72cd4bb] Task took 50ms 36us 900ns ns: java.util.concurrent.CompletableFuture$UniApply@50a1e63e
[2026/02/10 05:36:57   WARN]                        [Hytale] {Playing(QuicConnectionAddress{connId=a07b350971693dcc8d2363b4c38b7e7e336edee3} (/25.9.60.222:59684, streamId=0)), 93e8a8ed-d443-47a7-be67-97277b9ef260, xeNdok}: Received com.hypixel.hytale.protocol.packets.player.ClientReady@9da1
[2026/02/10 05:36:58 SEVERE] [EntityChunk$EntityChunkLoadingSystem] Empty archetype entity holder: EntityHolder{archetype=Archetype{componentTypes=[]}, components=[]} (#0)
[2026/02/10 05:36:58   INFO]                        [Hytale] BreakBlockInteraction requires a Player but was used for: Ref{store=class com.hypixel.hytale.component.Store@1167445183, index=183} [CONTEXT ratelimit_period="5 MINUTES [skipped: 2]" ]
[2026/02/10 05:37:17   INFO]                 [PlayerSystems] Removing player 'xeNdok (OFME)' from world 'instance-Forgotten_Temple-055fe22e-97b3-4cc9-a13f-37d4b72cd4bb' (93e8a8ed-d443-47a7-be67-97277b9ef260)
[2026/02/10 05:37:17   WARN]                        [Hytale] {Playing(QuicConnectionAddress{connId=a07b350971693dcc8d2363b4c38b7e7e336edee3} (/25.9.60.222:59684, streamId=0)), 93e8a8ed-d443-47a7-be67-97277b9ef260, xeNdok} Added future for ClientReady packet?
[2026/02/10 05:37:17   INFO]                 [World|default] Adding player 'xeNdok' to world 'default' at location Transform{position=Vector3d{x=-166.7988739013672, y=111.44999694824219, z=399.39697265625}, rotation=Vector3f{x=0.0, y=0.0, z=0.0}} (93e8a8ed-d443-47a7-be67-97277b9ef260)
[2026/02/10 05:37:17   INFO]                        [Hytale] {Playing(QuicConnectionAddress{connId=a07b350971693dcc8d2363b4c38b7e7e336edee3} (/25.9.60.222:59684, streamId=0)), 93e8a8ed-d443-47a7-be67-97277b9ef260, xeNdok}: Sent com.hypixel.hytale.protocol.packets.player.JoinWorld@1618f841
[2026/02/10 05:37:17   INFO] [World|instance-Forgotten_Temple-055fe22e-97b3-4cc9-a13f-37d4b72cd4bb] Removing individual world: instance-Forgotten_Temple-055fe22e-97b3-4cc9-a13f-37d4b72cd4bb
[2026/02/10 05:37:17   INFO] [World|instance-Forgotten_Temple-055fe22e-97b3-4cc9-a13f-37d4b72cd4bb] Stopping world instance-Forgotten_Temple-055fe22e-97b3-4cc9-a13f-37d4b72cd4bb...
[2026/02/10 05:37:17   INFO] [World|instance-Forgotten_Temple-055fe22e-97b3-4cc9-a13f-37d4b72cd4bb] Stopping background threads...
[2026/02/10 05:37:17   INFO] [World|instance-Forgotten_Temple-055fe22e-97b3-4cc9-a13f-37d4b72cd4bb] Removing players...
[2026/02/10 05:37:17   INFO] [World|instance-Forgotten_Temple-055fe22e-97b3-4cc9-a13f-37d4b72cd4bb] Waiting for loading chunks...
[2026/02/10 05:37:17   INFO] [World|instance-Forgotten_Temple-055fe22e-97b3-4cc9-a13f-37d4b72cd4bb] Shutting down stores...
[2026/02/10 05:37:17   INFO] [World|instance-Forgotten_Temple-055fe22e-97b3-4cc9-a13f-37d4b72cd4bb] Shutting down chunk generator...
[2026/02/10 05:37:17   INFO] [World|instance-Forgotten_Temple-055fe22e-97b3-4cc9-a13f-37d4b72cd4bb] Saving Chunks...
[2026/02/10 05:37:17   INFO] [World|instance-Forgotten_Temple-055fe22e-97b3-4cc9-a13f-37d4b72cd4bb] Queuing Chunks...
[2026/02/10 05:37:17   INFO]                [WorldGenerator] ChunkGenerator-1 executor shutdown complete
[2026/02/10 05:37:17   INFO] [World|instance-Forgotten_Temple-055fe22e-97b3-4cc9-a13f-37d4b72cd4bb] Saving All Chunks...
[2026/02/10 05:37:17   INFO] [World|instance-Forgotten_Temple-055fe22e-97b3-4cc9-a13f-37d4b72cd4bb] Waiting for Saving Chunks...
[2026/02/10 05:37:17   INFO] [World|instance-Forgotten_Temple-055fe22e-97b3-4cc9-a13f-37d4b72cd4bb] Done Saving Chunks!
[2026/02/10 05:37:17   INFO]           [PlayerSavingSystems] Saving Players...
[2026/02/10 05:37:17   INFO] [World|instance-Forgotten_Temple-055fe22e-97b3-4cc9-a13f-37d4b72cd4bb] Saving Config...
[2026/02/10 05:37:17   WARN]                        [Hytale] {Playing(QuicConnectionAddress{connId=a07b350971693dcc8d2363b4c38b7e7e336edee3} (/25.9.60.222:59684, streamId=0)), 93e8a8ed-d443-47a7-be67-97277b9ef260, xeNdok}: Received com.hypixel.hytale.protocol.packets.player.ClientReady@9da7
[2026/02/10 05:37:17   INFO]                 [World|default] Player 'xeNdok' joined world 'default' at location Vector3d{x=-166.7988739013672, y=111.44999694824219, z=399.39697265625} (93e8a8ed-d443-47a7-be67-97277b9ef260)
[2026/02/10 05:37:17   WARN] [EntityTrackerSystems$SendPackets] Removed 1 invalid updates for removed entities.
[2026/02/10 05:37:18   WARN]                    [Spawning|P] Removing NPC of type Trout_Rainbow due to overpopulation (expected: 3.633230, actual: 9)
[2026/02/10 05:37:24   WARN]                        [Hytale] {Playing(QuicConnectionAddress{connId=a07b350971693dcc8d2363b4c38b7e7e336edee3} (/25.9.60.222:59684, streamId=0)), 93e8a8ed-d443-47a7-be67-97277b9ef260, xeNdok}: Received com.hypixel.hytale.protocol.packets.player.ClientReady@9da1
[2026/02/10 05:37:25   WARN]                    [Spawning|P] Removing NPC of type Trout_Rainbow due to overpopulation (expected: 4.726097, actual: 12)
[2026/02/10 05:38:59   WARN]                    [Spawning|P] Removing NPC of type Skeleton_Fighter due to overpopulation (expected: 1.581136, actual: 6)
[2026/02/10 05:40:41   INFO]                   [Instances|P] Copying instance files for Forgotten_Temple to world instance-Forgotten_Temple-56e77f79-cc84-45dd-bade-99bb6ac3f558
[2026/02/10 05:40:41   INFO]                 [PlayerSystems] Removing player 'OFME (OFME)' from world 'default' (4c9340d7-46d4-4d07-a047-4709cc19480e)
[2026/02/10 05:40:41   INFO]                   [Instances|P] Completed instance files for Forgotten_Temple to world instance-Forgotten_Temple-56e77f79-cc84-45dd-bade-99bb6ac3f558 in 14ms 9us 500ns
[2026/02/10 05:40:41   INFO] [World|instance-Forgotten_Temple-56e77f79-cc84-45dd-bade-99bb6ac3f558] Loading world 'instance-Forgotten_Temple-56e77f79-cc84-45dd-bade-99bb6ac3f558' with generator type: 'HytaleWorldGenProvider{name='Instance_Forgotten_Temple', path='null'}' and chunk storage: 'DefaultChunkStorageProvider{DEFAULT=IndexedStorageChunkStorageProvider{}}'...
[2026/02/10 05:40:41   INFO] [World|instance-Forgotten_Temple-56e77f79-cc84-45dd-bade-99bb6ac3f558] Added world 'instance-Forgotten_Temple-56e77f79-cc84-45dd-bade-99bb6ac3f558' - Seed: 1618917989368, GameTime: 0001-01-01T08:00:00.090953998Z
[2026/02/10 05:40:41   INFO]                [WorldGenerator] Set prefab-store to: ASSETS
[2026/02/10 05:40:41   INFO]                [WorldGenerator] Initialized ChunkGenerator-2 executor
[2026/02/10 05:40:41   INFO] [World|instance-Forgotten_Temple-56e77f79-cc84-45dd-bade-99bb6ac3f558|M] Initializing world map generator: com.hypixel.hytale.server.worldgen.map.GeneratorChunkWorldMap@6535c92b
[2026/02/10 05:40:41   WARN]                        [Hytale] {Playing(QuicConnectionAddress{connId=29b1ab92b911756c11f5a646aa624e2ea870eb0a} (/127.0.0.1:63506, streamId=0)), 4c9340d7-46d4-4d07-a047-4709cc19480e, OFME} Added future for ClientReady packet?
[2026/02/10 05:40:41   INFO] [World|instance-Forgotten_Temple-56e77f79-cc84-45dd-bade-99bb6ac3f558] Adding player 'OFME' to world 'instance-Forgotten_Temple-56e77f79-cc84-45dd-bade-99bb6ac3f558' at location Transform{position=Vector3d{x=5095.0, y=169.0, z=4983.5}, rotation=Vector3f{x=0.0, y=1.5707964, z=0.0}} (4c9340d7-46d4-4d07-a047-4709cc19480e)
[2026/02/10 05:40:41   INFO]                        [Hytale] {Playing(QuicConnectionAddress{connId=29b1ab92b911756c11f5a646aa624e2ea870eb0a} (/127.0.0.1:63506, streamId=0)), 4c9340d7-46d4-4d07-a047-4709cc19480e, OFME}: Sent com.hypixel.hytale.protocol.packets.player.JoinWorld@4a916d80
[2026/02/10 05:40:41   INFO] [World|instance-Forgotten_Temple-56e77f79-cc84-45dd-bade-99bb6ac3f558|M] Generating Points of Interest...
[2026/02/10 05:40:41   INFO] [World|instance-Forgotten_Temple-56e77f79-cc84-45dd-bade-99bb6ac3f558|M] Finished Generating Points of Interest!
[2026/02/10 05:40:41   WARN]                        [Hytale] {Playing(QuicConnectionAddress{connId=29b1ab92b911756c11f5a646aa624e2ea870eb0a} (/127.0.0.1:63506, streamId=0)), 4c9340d7-46d4-4d07-a047-4709cc19480e, OFME}: Received com.hypixel.hytale.protocol.packets.player.ClientReady@9da7
[2026/02/10 05:40:41   INFO] [World|instance-Forgotten_Temple-56e77f79-cc84-45dd-bade-99bb6ac3f558] Player 'OFME' joined world 'instance-Forgotten_Temple-56e77f79-cc84-45dd-bade-99bb6ac3f558' at location Vector3d{x=5095.0, y=168.10000002384186, z=4983.5} (4c9340d7-46d4-4d07-a047-4709cc19480e)
[2026/02/10 05:40:42 SEVERE] [EntityChunk$EntityChunkLoadingSystem] Empty archetype entity holder: EntityHolder{archetype=Archetype{componentTypes=[]}, components=[]} (#0)
[2026/02/10 05:40:42   WARN]                        [Hytale] {Playing(QuicConnectionAddress{connId=29b1ab92b911756c11f5a646aa624e2ea870eb0a} (/127.0.0.1:63506, streamId=0)), 4c9340d7-46d4-4d07-a047-4709cc19480e, OFME}: Received com.hypixel.hytale.protocol.packets.player.ClientReady@9da1
[2026/02/10 05:41:08   INFO]                 [PlayerSystems] Removing player 'OFME (OFME)' from world 'instance-Forgotten_Temple-56e77f79-cc84-45dd-bade-99bb6ac3f558' (4c9340d7-46d4-4d07-a047-4709cc19480e)
[2026/02/10 05:41:08   WARN]                        [Hytale] {Playing(QuicConnectionAddress{connId=29b1ab92b911756c11f5a646aa624e2ea870eb0a} (/127.0.0.1:63506, streamId=0)), 4c9340d7-46d4-4d07-a047-4709cc19480e, OFME} Added future for ClientReady packet?
[2026/02/10 05:41:08   INFO]                 [World|default] Adding player 'OFME' to world 'default' at location Transform{position=Vector3d{x=-165.91822814941406, y=111.4500961303711, z=397.3024597167969}, rotation=Vector3f{x=0.0, y=0.0, z=0.0}} (4c9340d7-46d4-4d07-a047-4709cc19480e)
[2026/02/10 05:41:08   INFO]                        [Hytale] {Playing(QuicConnectionAddress{connId=29b1ab92b911756c11f5a646aa624e2ea870eb0a} (/127.0.0.1:63506, streamId=0)), 4c9340d7-46d4-4d07-a047-4709cc19480e, OFME}: Sent com.hypixel.hytale.protocol.packets.player.JoinWorld@1618f841
[2026/02/10 05:41:08   INFO] [World|instance-Forgotten_Temple-56e77f79-cc84-45dd-bade-99bb6ac3f558] Removing individual world: instance-Forgotten_Temple-56e77f79-cc84-45dd-bade-99bb6ac3f558
[2026/02/10 05:41:08   INFO] [World|instance-Forgotten_Temple-56e77f79-cc84-45dd-bade-99bb6ac3f558] Stopping world instance-Forgotten_Temple-56e77f79-cc84-45dd-bade-99bb6ac3f558...
[2026/02/10 05:41:08   INFO] [World|instance-Forgotten_Temple-56e77f79-cc84-45dd-bade-99bb6ac3f558] Stopping background threads...
[2026/02/10 05:41:08   INFO] [World|instance-Forgotten_Temple-56e77f79-cc84-45dd-bade-99bb6ac3f558] Removing players...
[2026/02/10 05:41:08   INFO] [World|instance-Forgotten_Temple-56e77f79-cc84-45dd-bade-99bb6ac3f558] Waiting for loading chunks...
[2026/02/10 05:41:08   INFO] [World|instance-Forgotten_Temple-56e77f79-cc84-45dd-bade-99bb6ac3f558] Shutting down stores...
[2026/02/10 05:41:08   INFO] [World|instance-Forgotten_Temple-56e77f79-cc84-45dd-bade-99bb6ac3f558] Shutting down chunk generator...
[2026/02/10 05:41:08   INFO] [World|instance-Forgotten_Temple-56e77f79-cc84-45dd-bade-99bb6ac3f558] Saving Chunks...
[2026/02/10 05:41:08   INFO] [World|instance-Forgotten_Temple-56e77f79-cc84-45dd-bade-99bb6ac3f558] Queuing Chunks...
[2026/02/10 05:41:08   INFO]                [WorldGenerator] ChunkGenerator-2 executor shutdown complete
[2026/02/10 05:41:08   INFO] [World|instance-Forgotten_Temple-56e77f79-cc84-45dd-bade-99bb6ac3f558] Saving All Chunks...
[2026/02/10 05:41:08   INFO] [World|instance-Forgotten_Temple-56e77f79-cc84-45dd-bade-99bb6ac3f558] Waiting for Saving Chunks...
[2026/02/10 05:41:08   INFO] [World|instance-Forgotten_Temple-56e77f79-cc84-45dd-bade-99bb6ac3f558] Done Saving Chunks!
[2026/02/10 05:41:08   INFO]           [PlayerSavingSystems] Saving Players...
[2026/02/10 05:41:08   INFO] [World|instance-Forgotten_Temple-56e77f79-cc84-45dd-bade-99bb6ac3f558] Saving Config...
[2026/02/10 05:41:08   WARN]                        [Hytale] {Playing(QuicConnectionAddress{connId=29b1ab92b911756c11f5a646aa624e2ea870eb0a} (/127.0.0.1:63506, streamId=0)), 4c9340d7-46d4-4d07-a047-4709cc19480e, OFME}: Received com.hypixel.hytale.protocol.packets.player.ClientReady@9da7
[2026/02/10 05:41:08   INFO]                 [World|default] Player 'OFME' joined world 'default' at location Vector3d{x=-165.91822814941406, y=111.4500961303711, z=397.3024597167969} (4c9340d7-46d4-4d07-a047-4709cc19480e)
[2026/02/10 05:41:08   WARN] [EntityTrackerSystems$SendPackets] Removed 1 invalid updates for removed entities.
[2026/02/10 05:41:09   INFO]                   [Instances|P] Copying instance files for Forgotten_Temple to world instance-Forgotten_Temple-0d56b7cf-0d3d-400b-b251-7e3cc1d8ece2
[2026/02/10 05:41:09   INFO]                 [PlayerSystems] Removing player 'xeNdok (OFME)' from world 'default' (93e8a8ed-d443-47a7-be67-97277b9ef260)
[2026/02/10 05:41:09   INFO]                   [Instances|P] Completed instance files for Forgotten_Temple to world instance-Forgotten_Temple-0d56b7cf-0d3d-400b-b251-7e3cc1d8ece2 in 14ms 79us 900ns
[2026/02/10 05:41:09   INFO] [World|instance-Forgotten_Temple-0d56b7cf-0d3d-400b-b251-7e3cc1d8ece2] Loading world 'instance-Forgotten_Temple-0d56b7cf-0d3d-400b-b251-7e3cc1d8ece2' with generator type: 'HytaleWorldGenProvider{name='Instance_Forgotten_Temple', path='null'}' and chunk storage: 'DefaultChunkStorageProvider{DEFAULT=IndexedStorageChunkStorageProvider{}}'...
[2026/02/10 05:41:09   INFO] [World|instance-Forgotten_Temple-0d56b7cf-0d3d-400b-b251-7e3cc1d8ece2] Added world 'instance-Forgotten_Temple-0d56b7cf-0d3d-400b-b251-7e3cc1d8ece2' - Seed: 1618917989368, GameTime: 0001-01-01T08:00:00.090953998Z
[2026/02/10 05:41:09   INFO]                [WorldGenerator] Set prefab-store to: ASSETS
[2026/02/10 05:41:09   INFO]                [WorldGenerator] Initialized ChunkGenerator-3 executor
[2026/02/10 05:41:09   INFO] [World|instance-Forgotten_Temple-0d56b7cf-0d3d-400b-b251-7e3cc1d8ece2|M] Initializing world map generator: com.hypixel.hytale.server.worldgen.map.GeneratorChunkWorldMap@48917782
[2026/02/10 05:41:09   WARN]                        [Hytale] {Playing(QuicConnectionAddress{connId=a07b350971693dcc8d2363b4c38b7e7e336edee3} (/25.9.60.222:59684, streamId=0)), 93e8a8ed-d443-47a7-be67-97277b9ef260, xeNdok} Added future for ClientReady packet?
[2026/02/10 05:41:09   INFO] [World|instance-Forgotten_Temple-0d56b7cf-0d3d-400b-b251-7e3cc1d8ece2|M] Generating Points of Interest...
[2026/02/10 05:41:09   INFO] [World|instance-Forgotten_Temple-0d56b7cf-0d3d-400b-b251-7e3cc1d8ece2|M] Finished Generating Points of Interest!
[2026/02/10 05:41:09   INFO] [World|instance-Forgotten_Temple-0d56b7cf-0d3d-400b-b251-7e3cc1d8ece2] Adding player 'xeNdok' to world 'instance-Forgotten_Temple-0d56b7cf-0d3d-400b-b251-7e3cc1d8ece2' at location Transform{position=Vector3d{x=5095.0, y=169.0, z=4983.5}, rotation=Vector3f{x=0.0, y=1.5707964, z=0.0}} (93e8a8ed-d443-47a7-be67-97277b9ef260)
[2026/02/10 05:41:09   INFO]                        [Hytale] {Playing(QuicConnectionAddress{connId=a07b350971693dcc8d2363b4c38b7e7e336edee3} (/25.9.60.222:59684, streamId=0)), 93e8a8ed-d443-47a7-be67-97277b9ef260, xeNdok}: Sent com.hypixel.hytale.protocol.packets.player.JoinWorld@73f57c53
[2026/02/10 05:41:09   WARN]                        [Hytale] {Playing(QuicConnectionAddress{connId=a07b350971693dcc8d2363b4c38b7e7e336edee3} (/25.9.60.222:59684, streamId=0)), 93e8a8ed-d443-47a7-be67-97277b9ef260, xeNdok}: Received com.hypixel.hytale.protocol.packets.player.ClientReady@9da7
[2026/02/10 05:41:09   INFO] [World|instance-Forgotten_Temple-0d56b7cf-0d3d-400b-b251-7e3cc1d8ece2] Player 'xeNdok' joined world 'instance-Forgotten_Temple-0d56b7cf-0d3d-400b-b251-7e3cc1d8ece2' at location Vector3d{x=5095.0, y=168.10000002384186, z=4983.5} (93e8a8ed-d443-47a7-be67-97277b9ef260)
[2026/02/10 05:41:10   WARN]                        [Hytale] {Playing(QuicConnectionAddress{connId=29b1ab92b911756c11f5a646aa624e2ea870eb0a} (/127.0.0.1:63506, streamId=0)), 4c9340d7-46d4-4d07-a047-4709cc19480e, OFME}: Received com.hypixel.hytale.protocol.packets.player.ClientReady@9da1
[2026/02/10 05:41:11   WARN]                        [Hytale] {Playing(QuicConnectionAddress{connId=a07b350971693dcc8d2363b4c38b7e7e336edee3} (/25.9.60.222:59684, streamId=0)), 93e8a8ed-d443-47a7-be67-97277b9ef260, xeNdok}: Received com.hypixel.hytale.protocol.packets.player.ClientReady@9da1
[2026/02/10 05:41:12 SEVERE] [EntityChunk$EntityChunkLoadingSystem] Empty archetype entity holder: EntityHolder{archetype=Archetype{componentTypes=[]}, components=[]} (#0)
[2026/02/10 05:41:13   INFO]                 [PlayerSystems] Removing player 'OFME (OFME)' from world 'default' (4c9340d7-46d4-4d07-a047-4709cc19480e)
[2026/02/10 05:41:13   WARN]                        [Hytale] {Playing(QuicConnectionAddress{connId=29b1ab92b911756c11f5a646aa624e2ea870eb0a} (/127.0.0.1:63506, streamId=0)), 4c9340d7-46d4-4d07-a047-4709cc19480e, OFME} Added future for ClientReady packet?
[2026/02/10 05:41:13   INFO] [World|instance-Forgotten_Temple-0d56b7cf-0d3d-400b-b251-7e3cc1d8ece2] Adding player 'OFME' to world 'instance-Forgotten_Temple-0d56b7cf-0d3d-400b-b251-7e3cc1d8ece2' at location Transform{position=Vector3d{x=5095.0, y=169.0, z=4983.5}, rotation=Vector3f{x=0.0, y=1.5707964, z=0.0}} (4c9340d7-46d4-4d07-a047-4709cc19480e)
[2026/02/10 05:41:13   INFO]                        [Hytale] {Playing(QuicConnectionAddress{connId=29b1ab92b911756c11f5a646aa624e2ea870eb0a} (/127.0.0.1:63506, streamId=0)), 4c9340d7-46d4-4d07-a047-4709cc19480e, OFME}: Sent com.hypixel.hytale.protocol.packets.player.JoinWorld@73f57b99
[2026/02/10 05:41:13   WARN]                        [Hytale] {Playing(QuicConnectionAddress{connId=29b1ab92b911756c11f5a646aa624e2ea870eb0a} (/127.0.0.1:63506, streamId=0)), 4c9340d7-46d4-4d07-a047-4709cc19480e, OFME}: Received com.hypixel.hytale.protocol.packets.player.ClientReady@9da7
[2026/02/10 05:41:13   INFO] [World|instance-Forgotten_Temple-0d56b7cf-0d3d-400b-b251-7e3cc1d8ece2] Player 'OFME' joined world 'instance-Forgotten_Temple-0d56b7cf-0d3d-400b-b251-7e3cc1d8ece2' at location Vector3d{x=5095.0, y=168.10000002384186, z=4983.5} (4c9340d7-46d4-4d07-a047-4709cc19480e)
[2026/02/10 05:41:14   WARN]                        [Hytale] {Playing(QuicConnectionAddress{connId=29b1ab92b911756c11f5a646aa624e2ea870eb0a} (/127.0.0.1:63506, streamId=0)), 4c9340d7-46d4-4d07-a047-4709cc19480e, OFME}: Received com.hypixel.hytale.protocol.packets.player.ClientReady@9da1
[2026/02/10 05:41:16   WARN] [World|instance-Forgotten_Temple-0d56b7cf-0d3d-400b-b251-7e3cc1d8ece2] Task took 607ms 675us 600ns ns: java.util.concurrent.CompletableFuture$UniCompose@456f5432
[2026/02/10 05:41:23   WARN]                    [Spawning|P] Removing NPC of type Bluegill due to overpopulation (expected: 0.887677, actual: 6)
[2026/02/10 05:41:24   WARN]                    [Spawning|P] Removing NPC of type Bluegill due to overpopulation (expected: 0.695951, actual: 5)
[2026/02/10 05:41:27   WARN]                    [Spawning|P] Removing NPC of type Minnow due to overpopulation (expected: 0.658146, actual: 6)
[2026/02/10 05:41:28   WARN]                    [Spawning|P] Removing NPC of type Minnow due to overpopulation (expected: 0.622015, actual: 5)
[2026/02/10 05:41:54   WARN]                        [Entity] Missing animation 'Wave' for Model 'Frog_Orange' [CONTEXT ratelimit_period="1 MINUTES" ]
[2026/02/10 05:42:01   INFO]                        [Hytale] BreakBlockInteraction requires a Player but was used for: Ref{store=class com.hypixel.hytale.component.Store@1793600124, index=183} [CONTEXT ratelimit_period="5 MINUTES [skipped: 14]" ]
[2026/02/10 05:42:44   INFO]                 [PlayerSystems] Removing player 'OFME (OFME)' from world 'instance-Forgotten_Temple-0d56b7cf-0d3d-400b-b251-7e3cc1d8ece2' (4c9340d7-46d4-4d07-a047-4709cc19480e)
[2026/02/10 05:42:44   WARN]                        [Hytale] {Playing(QuicConnectionAddress{connId=29b1ab92b911756c11f5a646aa624e2ea870eb0a} (/127.0.0.1:63506, streamId=0)), 4c9340d7-46d4-4d07-a047-4709cc19480e, OFME} Added future for ClientReady packet?
[2026/02/10 05:42:44   INFO]                 [World|default] Adding player 'OFME' to world 'default' at location Transform{position=Vector3d{x=-166.05807495117188, y=111.4500961303711, z=397.45843505859375}, rotation=Vector3f{x=0.0, y=0.0, z=0.0}} (4c9340d7-46d4-4d07-a047-4709cc19480e)
[2026/02/10 05:42:44   INFO]                        [Hytale] {Playing(QuicConnectionAddress{connId=29b1ab92b911756c11f5a646aa624e2ea870eb0a} (/127.0.0.1:63506, streamId=0)), 4c9340d7-46d4-4d07-a047-4709cc19480e, OFME}: Sent com.hypixel.hytale.protocol.packets.player.JoinWorld@1618f841
[2026/02/10 05:42:44   WARN]                        [Hytale] {Playing(QuicConnectionAddress{connId=29b1ab92b911756c11f5a646aa624e2ea870eb0a} (/127.0.0.1:63506, streamId=0)), 4c9340d7-46d4-4d07-a047-4709cc19480e, OFME}: Received com.hypixel.hytale.protocol.packets.player.ClientReady@9da7
[2026/02/10 05:42:44   INFO]                 [World|default] Player 'OFME' joined world 'default' at location Vector3d{x=-166.05807495117188, y=111.4500961303711, z=397.45843505859375} (4c9340d7-46d4-4d07-a047-4709cc19480e)
[2026/02/10 05:42:44   WARN]                 [World|default] Task took 44ms 952us 900ns ns: java.util.concurrent.CompletableFuture$UniCompose@240721f4
[2026/02/10 05:42:45   WARN]                        [Hytale] {Playing(QuicConnectionAddress{connId=29b1ab92b911756c11f5a646aa624e2ea870eb0a} (/127.0.0.1:63506, streamId=0)), 4c9340d7-46d4-4d07-a047-4709cc19480e, OFME}: Received com.hypixel.hytale.protocol.packets.player.ClientReady@9da1
[2026/02/10 05:42:49   WARN]                 [World|default] Task took 60ms 847us 300ns ns: java.util.concurrent.CompletableFuture$UniApply@da7aea8
[2026/02/10 05:44:05   WARN]                    [Spawning|P] Removing NPC of type Duck due to overpopulation (expected: 0.991043, actual: 6)
[2026/02/10 05:44:05   WARN]                    [Spawning|P] Removing NPC of type Pigeon due to overpopulation (expected: 2.090881, actual: 7)
[2026/02/10 05:44:16   WARN]                    [Spawning|P] Removing NPC of type Skeleton_Fighter due to overpopulation (expected: 1.568160, actual: 6)
[2026/02/10 05:44:17   WARN]                    [Spawning|P] Removing NPC of type Skeleton_Fighter due to overpopulation (expected: 1.568160, actual: 6)
[2026/02/10 05:44:46   INFO]                 [PlayerSystems] Removing player 'xeNdok (OFME)' from world 'instance-Forgotten_Temple-0d56b7cf-0d3d-400b-b251-7e3cc1d8ece2' (93e8a8ed-d443-47a7-be67-97277b9ef260)
[2026/02/10 05:44:46   WARN]                        [Hytale] {Playing(QuicConnectionAddress{connId=a07b350971693dcc8d2363b4c38b7e7e336edee3} (/25.9.60.222:59684, streamId=0)), 93e8a8ed-d443-47a7-be67-97277b9ef260, xeNdok} Added future for ClientReady packet?
[2026/02/10 05:44:46   INFO]                 [World|default] Adding player 'xeNdok' to world 'default' at location Transform{position=Vector3d{x=-166.79934692382812, y=111.4500961303711, z=397.1887512207031}, rotation=Vector3f{x=0.0, y=0.0, z=0.0}} (93e8a8ed-d443-47a7-be67-97277b9ef260)
[2026/02/10 05:44:46   INFO]                        [Hytale] {Playing(QuicConnectionAddress{connId=a07b350971693dcc8d2363b4c38b7e7e336edee3} (/25.9.60.222:59684, streamId=0)), 93e8a8ed-d443-47a7-be67-97277b9ef260, xeNdok}: Sent com.hypixel.hytale.protocol.packets.player.JoinWorld@1618f841
[2026/02/10 05:44:46   INFO] [World|instance-Forgotten_Temple-0d56b7cf-0d3d-400b-b251-7e3cc1d8ece2] Removing individual world: instance-Forgotten_Temple-0d56b7cf-0d3d-400b-b251-7e3cc1d8ece2
[2026/02/10 05:44:46   INFO] [World|instance-Forgotten_Temple-0d56b7cf-0d3d-400b-b251-7e3cc1d8ece2] Stopping world instance-Forgotten_Temple-0d56b7cf-0d3d-400b-b251-7e3cc1d8ece2...
[2026/02/10 05:44:46   INFO] [World|instance-Forgotten_Temple-0d56b7cf-0d3d-400b-b251-7e3cc1d8ece2] Stopping background threads...
[2026/02/10 05:44:46   INFO] [World|instance-Forgotten_Temple-0d56b7cf-0d3d-400b-b251-7e3cc1d8ece2] Removing players...
[2026/02/10 05:44:46   INFO] [World|instance-Forgotten_Temple-0d56b7cf-0d3d-400b-b251-7e3cc1d8ece2] Waiting for loading chunks...
[2026/02/10 05:44:46   INFO] [World|instance-Forgotten_Temple-0d56b7cf-0d3d-400b-b251-7e3cc1d8ece2] Shutting down stores...
[2026/02/10 05:44:46   INFO] [World|instance-Forgotten_Temple-0d56b7cf-0d3d-400b-b251-7e3cc1d8ece2] Shutting down chunk generator...
[2026/02/10 05:44:46   INFO] [World|instance-Forgotten_Temple-0d56b7cf-0d3d-400b-b251-7e3cc1d8ece2] Saving Chunks...
[2026/02/10 05:44:46   INFO] [World|instance-Forgotten_Temple-0d56b7cf-0d3d-400b-b251-7e3cc1d8ece2] Queuing Chunks...
[2026/02/10 05:44:46   INFO]                [WorldGenerator] ChunkGenerator-3 executor shutdown complete
[2026/02/10 05:44:46   INFO] [World|instance-Forgotten_Temple-0d56b7cf-0d3d-400b-b251-7e3cc1d8ece2] Saving All Chunks...
[2026/02/10 05:44:46   INFO] [World|instance-Forgotten_Temple-0d56b7cf-0d3d-400b-b251-7e3cc1d8ece2] Waiting for Saving Chunks...
[2026/02/10 05:44:46   INFO] [World|instance-Forgotten_Temple-0d56b7cf-0d3d-400b-b251-7e3cc1d8ece2] Done Saving Chunks!
[2026/02/10 05:44:46   INFO]           [PlayerSavingSystems] Saving Players...
[2026/02/10 05:44:46   INFO] [World|instance-Forgotten_Temple-0d56b7cf-0d3d-400b-b251-7e3cc1d8ece2] Saving Config...
[2026/02/10 05:44:47   WARN]                        [Hytale] {Playing(QuicConnectionAddress{connId=a07b350971693dcc8d2363b4c38b7e7e336edee3} (/25.9.60.222:59684, streamId=0)), 93e8a8ed-d443-47a7-be67-97277b9ef260, xeNdok}: Received com.hypixel.hytale.protocol.packets.player.ClientReady@9da7
[2026/02/10 05:44:47   INFO]                 [World|default] Player 'xeNdok' joined world 'default' at location Vector3d{x=-166.79934692382812, y=111.4500961303711, z=397.1887512207031} (93e8a8ed-d443-47a7-be67-97277b9ef260)
[2026/02/10 05:44:47   WARN] [EntityTrackerSystems$SendPackets] Removed 1 invalid updates for removed entities.
[2026/02/10 05:44:52   WARN]                    [Spawning|P] Removing NPC of type Mosshorn_Plain due to overpopulation (expected: 2.673988, actual: 8)
[2026/02/10 05:44:55   WARN]                        [Hytale] {Playing(QuicConnectionAddress{connId=a07b350971693dcc8d2363b4c38b7e7e336edee3} (/25.9.60.222:59684, streamId=0)), 93e8a8ed-d443-47a7-be67-97277b9ef260, xeNdok}: Received com.hypixel.hytale.protocol.packets.player.ClientReady@9da1
[2026/02/10 05:45:22   WARN]                    [Spawning|P] Removing NPC of type Sheep due to overpopulation (expected: 7.001272, actual: 13)
[2026/02/10 05:45:46   WARN]                    [Spawning|P] Removing NPC of type Fox due to overpopulation (expected: 3.581733, actual: 9)
[2026/02/10 05:46:01   WARN]                    [Spawning|P] Removing NPC of type Duck due to overpopulation (expected: 2.382333, actual: 7)
[2026/02/10 05:46:01   WARN]                    [Spawning|P] Removing NPC of type Squirrel due to overpopulation (expected: 3.573499, actual: 9)
[2026/02/10 05:46:02   WARN] [Spawning|P] Removing NPC of type Spider due to overpopulation (expected: 2.977916, actual: 9)
[2026/02/10 05:46:02   WARN] [Spawning|P] Removing NPC of type Spider due to overpopulation (expected: 2.977916, actual: 9)
[2026/02/10 05:46:02   WARN] [Spawning|P] Removing NPC of type Bunny due to overpopulation (expected: 5.955832, actual: 13)
[2026/02/10 05:46:02   WARN] [Spawning|P] Removing NPC of type Bunny due to overpopulation (expected: 5.955832, actual: 12)
[2026/02/10 05:46:03   WARN] [Spawning|P] Removing NPC of type Spider due to overpopulation (expected: 2.977916, actual: 8)
[2026/02/10 05:46:10   WARN] [Spawning|P] Removing NPC of type Chicken due to overpopulation (expected: 7.272354, actual: 14)
[2026/02/10 05:46:11   WARN] [Spawning|P] Removing NPC of type Pigeon due to overpopulation (expected: 2.908941, actual: 8)
[2026/02/10 05:46:11   WARN] [Spawning|P] Removing NPC of type Chicken due to overpopulation (expected: 6.973285, actual: 13)
[2026/02/10 05:46:19   WARN] [Spawning|P] Removing NPC of type Minnow due to overpopulation (expected: 6.228112, actual: 12)
[2026/02/10 05:46:34   WARN] [Spawning|P] Removing NPC of type Sparrow due to overpopulation (expected: 2.213336, actual: 7)
[2026/02/10 05:47:29   WARN] [Spawning|P] Removing NPC of type Duck due to overpopulation (expected: 2.263475, actual: 7)
[2026/02/10 05:47:33   WARN] [Spawning|P] Removing NPC of type Trout_Rainbow due to overpopulation (expected: 5.337833, actual: 11)
[2026/02/10 05:54:59   WARN] [Spawning|P] Removing NPC of type Pig due to overpopulation (expected: 4.762514, actual: 10)
[2026/02/10 06:01:27   WARN] [World|default] Task took 56ms 364us 700ns ns: com.hypixel.hytale.server.core.io.handlers.game.GamePacketHandler$$Lambda/0x000001c63afcfa40@62b2869f
[2026/02/10 06:16:51   WARN]    [Spawning|P] Spawn beacon at: Vector3d{x=-36.836151123046875, y=65.0, z=4.8482747077941895} unable to find any suitable positions to check
[2026/02/10 06:22:50 SEVERE]        [Hytale] Missing replacement interactions for interaction: **Goblin_Scrapper_Swing_Right_Selector_HitEntity_Interactions_0 for var Melee_Damage on item ItemStack{itemId=Weapon_Club_Scrap, quantity=1, maxDurability=45.0, durability=45.0, metadata=null} [CONTEXT ratelimit_period="1 MINUTES" ]
Command not found! gamerule keepInventory true
Command not found! gamerule keepInventory true
